age,employment_status,annual_income,avg_monthly_balance,num_deposits_per_month,debit_card_spending,credit_score,num_open_loans,total_outstanding_debt,late_payment_count,loan_default_history,loan_application_amount,loan_repayment_history,debt_to_income_ratio,credit_risk
59,Employed,86331.0,4607.0,1,2092,685.0,2,41960.0,1,0,21050,Poor,0.486,1
49,Employed,49394.0,2072.0,5,2169,741.0,2,21647.0,2,0,17330,Good,0.438,0
35,Employed,64768.0,4341.0,1,3102,550.0,1,20315.0,1,0,14284,Excellent,0.314,0
63,Employed,137596.0,8105.0,3,5904,686.0,2,53287.0,0,0,28094,Good,0.387,0
28,Employed,17101.0,296.0,1,306,675.0,2,9797.0,0,0,5919,Average,0.573,0
41,Employed,69049.0,1322.0,7,3312,734.0,4,22262.0,1,0,5798,Good,0.322,0
59,Employed,178022.0,3569.0,8,3821,666.0,1,66094.0,5,0,15505,Good,0.371,1
39,Employed,64229.0,3873.0,4,1205,602.0,2,14470.0,1,1,25864,Average,0.225,1
43,Employed,136340.0,4317.0,9,5949,681.0,6,33921.0,0,0,60000,Average,0.249,0
31,Employed,38911.0,1263.0,8,850,599.0,2,23109.0,2,0,12150,Good,0.594,1
31,Employed,54039.0,481.0,7,2633,536.0,1,3406.0,1,0,4229,Excellent,0.063,0
44,Employed,56024.0,3678.0,11,1247,735.0,6,22261.0,4,0,4870,Average,0.397,0
56,Employed,16243.0,1047.0,9,454,723.0,2,8085.0,0,0,5518,Good,0.498,0
60,Employed,28929.0,100.0,10,1137,715.0,2,5492.0,1,0,10704,Poor,0.19,0
44,Self-Employed,30086.0,1783.0,3,1272,778.0,2,4472.0,2,0,5045,Good,0.149,0
23,Employed,86442.0,2369.0,12,1375,630.0,0,51022.0,2,0,35074,Good,0.59,1
42,Unemployed,88856.0,2522.0,2,2251,573.0,1,60987.0,0,0,12457,Average,0.686,1
22,Unemployed,65730.0,4540.0,10,1852,675.0,3,20630.0,2,0,29739,Excellent,0.314,0
44,Employed,86539.0,2393.0,5,5313,654.0,5,29851.0,2,0,22184,Excellent,0.345,0
64,Employed,50252.0,4149.0,10,2104,617.0,3,32131.0,1,1,13285,Average,0.639,1
50,Employed,106527.0,6755.0,15,1248,674.0,1,5592.0,1,0,28745,Excellent,0.052,0
58,Self-Employed,55266.0,4180.0,9,2124,634.0,1,26552.0,2,0,15544,Excellent,0.48,0
22,Employed,56779.0,,2,2283,542.0,3,26824.0,1,0,3645,Good,0.472,0
41,Employed,47525.0,1507.0,2,808,647.0,2,27156.0,2,0,19095,Average,0.571,1
53,Employed,80140.0,4565.0,5,1059,595.0,3,58743.0,2,0,13373,Average,0.733,1
32,Self-Employed,43627.0,2351.0,9,1313,697.0,2,20197.0,1,0,18302,Excellent,0.463,0
42,Self-Employed,94101.0,4190.0,9,1408,631.0,0,35835.0,0,0,11266,Excellent,0.381,1
64,Employed,29508.0,679.0,10,495,763.0,2,21207.0,2,0,7872,Average,0.719,0
45,Employed,30052.0,100.0,4,1201,800.0,3,,3,0,11444,Poor,0.699,0
47,Employed,80272.0,2043.0,12,2396,731.0,1,54340.0,3,0,11642,Good,0.677,0
62,Employed,52386.0,3698.0,9,2383,564.0,3,28296.0,0,0,6022,Average,0.54,1
48,Self-Employed,42849.0,2669.0,12,904,793.0,0,25617.0,0,0,13750,Average,0.598,0
36,Employed,89735.0,7453.0,1,1699,798.0,2,11097.0,3,0,22234,Good,0.124,0
35,Employed,39383.0,1940.0,9,2442,681.0,0,20205.0,3,0,10716,Good,0.513,0
64,Employed,49265.0,2237.0,11,2078,779.0,3,11637.0,1,0,5852,Good,0.236,0
23,Self-Employed,118737.0,5596.0,7,2227,639.0,1,27564.0,0,0,23981,Average,0.232,1
57,Self-Employed,128235.0,3267.0,9,1693,540.0,4,64536.0,0,1,18303,Good,0.503,1
27,Employed,130602.0,5945.0,11,4318,623.0,4,83894.0,1,0,52878,Good,0.642,0
41,Self-Employed,47095.0,2108.0,10,1695,810.0,3,35450.0,3,0,13307,Excellent,0.753,0
29,Employed,108226.0,1316.0,5,4386,568.0,2,53156.0,1,1,15613,Excellent,0.491,1
59,Employed,32636.0,142.0,6,1340,680.0,1,11626.0,2,0,2214,Average,0.356,1
38,Employed,33399.0,1514.0,1,628,683.0,2,19044.0,2,0,1653,Good,0.57,0
24,Employed,15098.0,406.0,2,554,642.0,2,392.0,0,0,5183,Excellent,0.026,0
45,Employed,138022.0,258.0,15,7828,647.0,1,62431.0,1,0,50578,Excellent,0.452,0
34,Unemployed,34197.0,1917.0,1,235,685.0,2,16470.0,0,1,13031,Average,0.482,1
29,Employed,51303.0,2494.0,1,1675,638.0,4,20576.0,2,0,23939,Good,0.401,1
46,Employed,33337.0,719.0,7,1582,573.0,2,5263.0,3,0,8674,Average,0.158,0
22,Employed,80614.0,2084.0,14,1916,696.0,3,34211.0,1,0,34758,Good,0.424,0
40,Employed,44734.0,4285.0,13,2291,761.0,1,6817.0,4,0,2948,Excellent,0.152,0
48,Unemployed,26834.0,605.0,3,1592,745.0,3,10632.0,0,0,12497,Good,0.396,0
27,Employed,70123.0,3246.0,15,2507,619.0,1,23474.0,1,0,7713,Excellent,0.335,1
64,Employed,24998.0,1310.0,15,100,586.0,4,10473.0,1,0,3922,Good,0.419,0
28,Self-Employed,34701.0,1269.0,15,1344,659.0,2,18902.0,1,0,6385,Good,0.545,0
55,Employed,17263.0,1980.0,14,1426,798.0,1,20433.0,0,0,1000,Excellent,1.184,0
34,Employed,25132.0,1872.0,1,1825,728.0,5,7113.0,0,0,1615,Excellent,0.283,0
37,Employed,60675.0,2631.0,1,2636,733.0,2,18748.0,1,1,10885,Poor,0.309,0
56,Employed,18669.0,1698.0,7,1612,747.0,3,5899.0,4,1,7114,Poor,0.316,0
60,Unemployed,24354.0,2226.0,11,624,712.0,0,7632.0,2,0,1339,Good,0.313,0
24,Self-Employed,54928.0,100.0,12,1167,689.0,4,15848.0,1,0,7660,Excellent,0.289,0
22,Employed,40786.0,1621.0,15,1940,730.0,1,13211.0,1,0,1000,Excellent,0.324,0
26,Self-Employed,164507.0,3869.0,5,6813,639.0,2,33977.0,1,0,56542,Excellent,0.207,1
62,Employed,150803.0,8377.0,13,7181,574.0,0,19880.0,1,0,38372,Excellent,0.132,1
24,Employed,34123.0,3792.0,1,702,734.0,4,9783.0,2,0,10540,Excellent,0.287,0
49,Employed,74721.0,4702.0,8,2062,773.0,1,44115.0,3,0,39079,Good,0.59,0
38,Employed,83050.0,5749.0,15,5165,596.0,6,47980.0,2,0,16833,Average,0.578,1
46,Employed,39596.0,1980.0,6,1272,742.0,3,7017.0,1,0,9411,Excellent,0.177,0
64,Employed,24162.0,448.0,5,937,806.0,1,19073.0,0,1,6178,Good,0.789,0
54,Unemployed,54629.0,1786.0,6,2399,680.0,0,25738.0,1,0,25873,Excellent,0.471,0
30,Employed,50012.0,2605.0,8,1781,619.0,4,34545.0,2,0,12266,Good,0.691,1
56,Employed,43279.0,1112.0,12,756,689.0,1,27768.0,0,0,8195,Good,0.642,0
34,Employed,70148.0,2422.0,9,3571,639.0,2,25107.0,1,0,15076,Average,0.358,1
51,Employed,36395.0,100.0,11,426,634.0,2,9739.0,0,0,7790,Average,0.268,1
35,Employed,29187.0,1463.0,11,348,712.0,1,19851.0,1,0,1024,Excellent,0.68,0
28,Employed,58401.0,4558.0,9,2540,560.0,1,38909.0,2,0,2916,Good,0.666,1
34,Self-Employed,68007.0,2881.0,11,2039,572.0,2,18303.0,3,0,11166,Good,0.269,0
43,Employed,28794.0,2275.0,3,1778,681.0,1,12097.0,1,0,9206,Poor,0.42,0
60,Employed,91632.0,4178.0,1,2454,678.0,2,46159.0,0,0,26239,Poor,0.504,0
41,Employed,20771.0,100.0,10,977,706.0,2,9415.0,1,0,3957,Poor,0.453,0
36,Employed,40020.0,1521.0,6,100,821.0,2,21413.0,1,0,1000,Good,0.535,0
65,Employed,47724.0,2366.0,15,303,688.0,2,9834.0,1,1,11630,Poor,0.206,0
38,Self-Employed,38761.0,620.0,7,1537,725.0,5,7694.0,0,0,4358,Excellent,0.198,0
44,Employed,40308.0,3329.0,6,184,607.0,6,19301.0,0,0,3184,Poor,0.479,1
46,Employed,153919.0,10133.0,5,5320,738.0,2,36420.0,1,1,44916,Excellent,0.237,0
45,Employed,34444.0,1210.0,13,373,641.0,2,6463.0,2,1,7947,Poor,0.188,0
65,Employed,200000.0,6742.0,10,10014,685.0,2,120000.0,2,0,60000,Good,0.6,0
61,Employed,69948.0,3735.0,11,2370,672.0,2,11788.0,1,0,28926,Good,0.169,0
49,Self-Employed,,3200.0,5,3016,757.0,1,21363.0,2,0,19299,Poor,0.369,0
35,Employed,71469.0,2590.0,12,1851,582.0,2,44741.0,0,0,12227,Poor,0.626,0
65,Self-Employed,200000.0,5424.0,14,4677,509.0,2,90903.0,0,0,15222,Excellent,0.455,0
21,Employed,31844.0,3328.0,10,2009,664.0,0,18050.0,0,0,10044,Good,0.567,0
45,Self-Employed,29699.0,313.0,3,492,715.0,1,23550.0,1,0,6109,Average,0.793,1
27,Employed,36312.0,100.0,4,1372,691.0,4,27193.0,0,1,13724,Average,0.749,0
29,Employed,55981.0,2348.0,14,2288,772.0,0,31579.0,2,0,13420,Excellent,0.564,0
44,Employed,21288.0,205.0,10,191,713.0,2,14500.0,3,0,1000,Excellent,0.681,0
21,Unemployed,55680.0,2865.0,3,2473,638.0,1,27515.0,0,1,10275,Good,0.494,1
64,Employed,139600.0,6658.0,9,3573,506.0,0,87346.0,1,0,31840,Average,0.626,1
28,Employed,59776.0,4246.0,14,727,662.0,3,39865.0,1,1,13287,Poor,0.667,0
44,Employed,46822.0,1885.0,3,2229,757.0,1,27253.0,0,0,11737,Good,0.582,0
31,Self-Employed,39148.0,100.0,15,413,651.0,8,19577.0,1,1,10146,Poor,0.5,1
37,Employed,90154.0,5243.0,12,1364,682.0,1,33804.0,2,0,11773,Average,0.375,0
28,Self-Employed,34922.0,1337.0,5,1965,712.0,0,3645.0,1,0,3974,Excellent,0.104,0
55,Employed,151844.0,8566.0,6,3508,604.0,3,15209.0,1,0,58651,Good,0.1,0
55,Employed,159283.0,2642.0,8,5064,727.0,3,101743.0,0,1,21487,Average,0.639,0
53,Employed,63342.0,3268.0,10,2147,803.0,3,11659.0,0,0,11920,Good,0.184,0
25,Unemployed,54653.0,2822.0,6,1782,667.0,0,17949.0,3,0,19337,Average,0.328,1
62,Employed,96950.0,7369.0,6,4199,595.0,0,58516.0,0,0,27187,Average,0.604,1
59,Unemployed,100431.0,4629.0,6,2615,675.0,1,8299.0,2,1,38457,Poor,0.083,1
61,Employed,35305.0,3112.0,1,2238,513.0,2,22032.0,1,0,1000,Poor,0.624,1
48,Employed,41171.0,100.0,10,1692,705.0,2,0.0,0,0,10155,Good,0.0,0
27,Employed,26577.0,2040.0,11,100,714.0,6,19752.0,1,0,8655,Average,0.743,0
29,Employed,68877.0,1631.0,6,2030,806.0,1,16293.0,1,0,15712,Good,0.237,0
28,Self-Employed,79359.0,1296.0,1,3689,665.0,0,7026.0,0,0,19600,Good,0.089,0
32,Unemployed,26177.0,1197.0,13,100,711.0,2,33740.0,2,0,6759,Excellent,1.289,1
54,Self-Employed,42819.0,3591.0,2,2614,615.0,3,21287.0,1,0,9479,Average,0.497,1
53,Self-Employed,26215.0,100.0,8,657,653.0,3,7448.0,0,0,13850,Poor,0.284,0
43,Employed,33549.0,3737.0,8,2440,566.0,2,19354.0,2,0,15288,Good,0.577,1
44,Employed,74470.0,683.0,2,2591,665.0,2,53879.0,1,0,21848,Poor,0.723,0
57,Unemployed,36742.0,3015.0,12,415,657.0,1,4208.0,2,0,4780,Average,0.115,0
55,Employed,46613.0,1267.0,15,2534,702.0,1,33941.0,2,0,1768,Excellent,0.728,0
64,Self-Employed,22473.0,1558.0,3,1217,633.0,3,6515.0,2,1,5998,Excellent,0.29,1
60,Self-Employed,60958.0,2983.0,6,2062,686.0,2,18123.0,1,0,18158,Good,0.297,0
42,Employed,53677.0,2485.0,4,2670,655.0,4,17557.0,1,0,17553,Good,0.327,0
47,Unemployed,36833.0,1827.0,9,1683,655.0,3,10705.0,1,0,12077,Good,0.291,1
55,Employed,49569.0,5099.0,7,998,686.0,2,0.0,0,0,14060,Good,0.0,1
21,Employed,60733.0,3211.0,10,1692,683.0,2,18876.0,1,1,18651,Good,0.311,0
55,Employed,35134.0,3440.0,9,1164,737.0,3,6173.0,1,0,12320,Excellent,0.176,0
57,Employed,24420.0,4331.0,13,300,671.0,1,20818.0,0,0,3114,Excellent,0.852,0
34,Employed,148472.0,6826.0,7,6170,654.0,3,81245.0,1,0,32369,Good,0.547,1
23,Employed,38824.0,100.0,13,1432,666.0,3,20541.0,2,0,15728,Average,0.529,0
21,Self-Employed,52150.0,866.0,6,100,626.0,2,10394.0,4,0,9088,Good,0.199,0
25,Unemployed,95899.0,5085.0,14,2488,653.0,3,63054.0,1,0,7715,Excellent,0.658,1
46,Employed,200000.0,5815.0,4,6994,832.0,6,52012.0,2,0,60000,Good,0.26,0
34,Employed,27740.0,100.0,8,1151,612.0,4,13679.0,1,0,7084,Good,0.493,1
59,Unemployed,70438.0,2680.0,12,4062,659.0,0,26016.0,1,0,11246,Good,0.369,0
47,Employed,37270.0,1708.0,12,1174,651.0,2,23173.0,0,0,3521,Good,0.622,1
29,Employed,40895.0,793.0,6,1474,661.0,3,3390.0,2,0,15759,Good,0.083,0
35,Employed,37011.0,1621.0,10,553,655.0,1,647.0,1,1,17177,Average,0.017,0
35,Employed,29613.0,1355.0,5,778,701.0,3,15560.0,1,0,6723,Average,0.525,0
46,Employed,53765.0,2341.0,13,2436,552.0,2,16105.0,0,0,23738,Poor,0.3,1
62,Unemployed,24443.0,1682.0,6,153,758.0,5,12177.0,2,0,8164,Good,0.498,0
33,Employed,92580.0,6389.0,12,2326,727.0,2,69143.0,0,0,10647,Good,0.747,1
52,Employed,56689.0,1893.0,13,848,587.0,0,5167.0,3,1,16396,Average,0.091,1
59,Employed,69385.0,1094.0,6,1894,510.0,0,29153.0,0,0,4061,Average,0.42,1
52,Employed,42561.0,1758.0,2,1671,607.0,2,13263.0,1,1,11651,Good,0.312,1
24,Employed,44942.0,2876.0,3,1119,662.0,2,10011.0,1,0,15227,Average,0.223,0
50,Self-Employed,64424.0,3188.0,10,965,850.0,1,5453.0,1,0,29317,Average,0.085,0
57,Self-Employed,28994.0,839.0,9,1000,721.0,1,24757.0,1,0,6945,Poor,0.854,1
43,Employed,45170.0,1912.0,8,1609,544.0,2,1934.0,4,0,15135,Good,0.043,1
59,Unemployed,34279.0,2246.0,8,1902,628.0,1,15331.0,1,1,8824,Poor,0.447,1
65,Self-Employed,33701.0,2949.0,1,952,676.0,2,32271.0,0,0,1000,Good,0.958,0
35,Self-Employed,17235.0,100.0,12,821,699.0,3,10175.0,0,0,4645,Average,0.59,0
63,Employed,114889.0,3925.0,9,1831,581.0,5,33013.0,0,0,32842,Good,0.287,1
49,Employed,37703.0,1752.0,4,1280,670.0,4,965.0,4,0,7905,Poor,0.026,1
56,Employed,104292.0,3056.0,14,4369,626.0,0,36281.0,0,0,4686,Excellent,0.348,0
33,Employed,99005.0,905.0,11,5448,597.0,3,28652.0,3,1,30742,Good,0.289,1
52,Employed,27114.0,651.0,15,735,699.0,0,10971.0,2,0,5332,Excellent,0.405,0
27,Employed,30226.0,1613.0,2,458,738.0,6,12054.0,1,0,1000,Good,0.399,0
42,Self-Employed,200000.0,5928.0,7,10782,743.0,3,66324.0,3,1,21849,Good,0.332,1
48,Self-Employed,144076.0,3426.0,6,2239,,1,15304.0,1,0,31728,Poor,0.106,0
22,Unemployed,54055.0,100.0,14,711,643.0,3,40422.0,0,1,16214,Average,0.748,1
62,Employed,63364.0,2848.0,13,2355,734.0,4,37262.0,0,0,15999,Good,0.588,0
65,Self-Employed,38876.0,2273.0,9,1828,703.0,2,7879.0,4,0,5845,Average,0.203,1
26,Employed,69765.0,1305.0,11,3607,690.0,0,28954.0,3,0,28004,Excellent,0.415,0
48,Employed,37073.0,100.0,2,1228,634.0,0,11352.0,0,0,5518,Average,0.306,0
48,Employed,17985.0,2176.0,6,308,643.0,1,14829.0,0,0,1000,Good,0.825,0
64,Employed,26588.0,1270.0,11,1382,686.0,1,12987.0,4,0,2103,Poor,0.488,1
64,Employed,55642.0,2836.0,8,2224,850.0,1,34037.0,2,0,7416,Poor,0.612,0
40,Self-Employed,29525.0,1243.0,6,1587,703.0,0,1922.0,1,0,12321,Good,0.065,0
50,Employed,53002.0,2801.0,8,1954,634.0,2,43995.0,0,1,4112,Excellent,0.83,0
31,Self-Employed,30456.0,100.0,14,705,618.0,3,10719.0,1,0,2779,Good,0.352,0
48,Employed,35767.0,2436.0,2,679,643.0,2,12831.0,2,0,13181,Excellent,0.359,0
45,Employed,87933.0,1903.0,9,3249,843.0,1,4202.0,2,0,30785,Excellent,0.048,0
59,Employed,63020.0,2340.0,12,1257,650.0,3,28686.0,2,0,29517,Poor,0.455,1
53,Employed,54708.0,3386.0,6,2906,748.0,1,12880.0,0,0,14246,Good,0.235,0
21,Employed,89190.0,3969.0,7,1212,652.0,5,42022.0,2,0,5940,Poor,0.471,0
47,Employed,71641.0,2458.0,2,3279,700.0,2,15008.0,1,0,24079,Good,0.209,0
33,Employed,121869.0,1063.0,10,1874,739.0,3,10340.0,2,0,52562,Good,0.085,0
61,Employed,42709.0,1163.0,8,304,637.0,3,10757.0,1,0,20362,Poor,0.252,0
23,Employed,43425.0,2538.0,11,542,632.0,1,17097.0,3,0,20685,Good,0.394,0
59,Unemployed,26889.0,1282.0,9,100,804.0,0,8536.0,1,1,10542,Excellent,0.317,0
26,Employed,43441.0,100.0,3,1581,754.0,4,18138.0,2,0,12081,Good,0.418,0
28,Self-Employed,93500.0,1914.0,15,1812,739.0,2,42806.0,1,0,40145,Good,0.458,0
47,Employed,112429.0,7634.0,14,5496,739.0,4,52433.0,1,0,43623,Average,0.466,0
29,Unemployed,93270.0,3435.0,4,3271,714.0,2,18481.0,1,0,8323,Good,0.198,0
57,Self-Employed,20502.0,479.0,15,842,831.0,1,10580.0,0,0,8484,Excellent,0.516,0
53,Employed,99790.0,2152.0,13,4750,683.0,3,13882.0,0,0,34265,Good,0.139,0
62,Employed,20008.0,121.0,11,942,723.0,1,8155.0,2,0,9656,Average,0.408,0
64,Self-Employed,90134.0,4705.0,6,2326,571.0,3,31021.0,1,0,27685,Poor,0.344,1
44,Employed,44928.0,565.0,14,2080,618.0,4,22307.0,1,0,16081,Good,0.497,1
35,Employed,80941.0,4072.0,15,1779,590.0,4,43508.0,0,0,21351,Excellent,0.538,1
52,Employed,26430.0,1757.0,13,100,776.0,1,2844.0,3,0,8635,Good,0.108,0
52,Self-Employed,104739.0,7934.0,3,4716,489.0,4,48018.0,1,0,19778,Good,0.458,1
44,Self-Employed,24572.0,230.0,10,100,650.0,0,964.0,1,0,4393,Poor,0.039,0
61,Employed,38080.0,2041.0,12,930,455.0,0,28983.0,2,0,15419,Average,0.761,1
32,Employed,31766.0,702.0,7,2119,618.0,0,13209.0,2,0,7443,Average,0.416,1
59,Employed,20957.0,100.0,8,854,643.0,2,12964.0,0,0,6454,Average,0.619,0
22,Employed,57935.0,1648.0,5,895,784.0,3,29503.0,3,0,4062,Excellent,0.509,0
23,Unemployed,148514.0,5352.0,5,7708,710.0,1,92391.0,1,0,43023,Good,0.622,0
57,Employed,200000.0,10846.0,3,3532,618.0,3,119850.0,0,0,60000,Average,0.599,1
37,Employed,58019.0,1247.0,4,2160,760.0,0,29378.0,4,0,20539,Average,0.506,0
22,Employed,101647.0,5947.0,3,4454,681.0,5,28925.0,5,0,22679,Average,0.285,1
22,Self-Employed,62489.0,4979.0,13,2230,683.0,2,42993.0,1,0,28941,Good,0.688,0
48,Employed,72365.0,2811.0,12,2008,590.0,0,49788.0,2,0,4699,Good,0.688,1
43,Employed,45566.0,2290.0,8,2278,606.0,2,14403.0,1,0,3314,Excellent,0.316,1
57,Employed,61229.0,3030.0,3,2449,618.0,3,22062.0,0,0,1516,Good,0.36,0
52,Employed,73917.0,5253.0,2,2565,683.0,1,46462.0,0,0,22924,Excellent,0.629,0
53,Employed,40012.0,100.0,6,1635,686.0,2,9496.0,1,0,5178,Good,0.237,0
21,Employed,52705.0,2237.0,8,2830,796.0,1,14729.0,0,0,18431,Poor,0.279,0
39,Employed,53261.0,1240.0,12,1491,709.0,2,17906.0,0,0,12474,Good,0.336,0
22,Unemployed,86648.0,3203.0,15,2976,477.0,4,5939.0,0,0,6338,Poor,0.069,1
64,Self-Employed,30600.0,1033.0,10,2113,700.0,5,9103.0,1,0,1000,Poor,0.297,0
46,Unemployed,53463.0,100.0,8,1992,571.0,3,33590.0,2,0,6373,Excellent,0.628,1
52,Employed,157423.0,8723.0,6,4958,608.0,4,37622.0,2,1,20066,Average,0.239,1
26,Unemployed,104331.0,986.0,12,4825,619.0,1,71637.0,1,0,16324,Poor,0.687,0
52,Employed,115513.0,5945.0,14,1259,630.0,6,92309.0,4,0,45808,Excellent,0.799,0
24,Employed,55744.0,984.0,15,1716,577.0,4,37118.0,2,0,19173,Good,0.666,1
31,Employed,65620.0,2388.0,6,856,695.0,2,44752.0,1,1,24972,Average,0.682,0
37,Employed,95446.0,4810.0,6,4277,574.0,2,43495.0,2,1,34805,Excellent,0.456,1
58,Self-Employed,129732.0,5487.0,5,2813,707.0,3,58405.0,4,0,19425,Good,0.45,0
44,Employed,18802.0,100.0,4,968,848.0,4,15655.0,0,0,1000,Excellent,0.833,0
25,Employed,26678.0,1511.0,2,100,580.0,2,9517.0,2,0,5440,Average,0.357,1
54,Employed,113016.0,4505.0,14,1496,659.0,1,33788.0,2,0,42579,Good,0.299,1
26,Employed,47231.0,1795.0,11,536,491.0,4,14344.0,0,0,4274,Good,0.304,1
42,Employed,38011.0,1258.0,14,1068,657.0,1,25161.0,0,0,24872,Poor,0.662,1
31,Employed,27593.0,1205.0,15,1478,728.0,4,19304.0,0,0,2592,Average,0.7,0
36,Self-Employed,40531.0,2469.0,5,322,734.0,6,22768.0,1,1,16511,Excellent,0.562,0
53,Self-Employed,25433.0,1758.0,2,291,686.0,3,17792.0,2,0,10265,Excellent,0.7,0
29,Employed,173718.0,9873.0,9,3405,747.0,3,96898.0,2,0,7415,Good,0.558,0
26,Employed,54325.0,2536.0,4,1646,850.0,3,12571.0,1,0,18999,Excellent,0.231,0
36,Employed,53275.0,1745.0,1,1185,808.0,4,8112.0,0,0,29322,Good,0.152,0
49,Self-Employed,76003.0,714.0,10,2179,641.0,6,36534.0,1,0,24545,Good,0.481,0
23,Employed,93375.0,4813.0,1,2975,571.0,3,4710.0,2,1,11217,Average,0.05,1
40,Employed,92534.0,6343.0,10,1805,650.0,3,70564.0,1,1,19740,Good,0.763,1
56,Employed,99268.0,1457.0,5,6013,609.0,1,60771.0,1,0,44819,Average,0.612,0
39,Employed,38876.0,3134.0,11,2909,714.0,1,29013.0,1,0,2012,Good,0.746,0
46,Employed,46689.0,733.0,8,1471,591.0,2,32470.0,1,0,11473,Poor,0.695,1
23,Self-Employed,83957.0,3584.0,11,3490,675.0,3,36342.0,1,0,15466,Good,0.433,0
39,Employed,41152.0,2160.0,7,484,743.0,3,3843.0,1,0,1000,Average,0.093,0
40,Employed,54846.0,1077.0,12,3116,672.0,1,19039.0,2,0,28715,Excellent,0.347,0
52,Self-Employed,68488.0,997.0,7,2413,609.0,3,12332.0,0,0,7914,Excellent,0.18,0
27,Self-Employed,84706.0,1920.0,5,1745,768.0,3,30826.0,2,0,21860,Good,0.364,0
61,Employed,20689.0,100.0,9,414,539.0,2,12642.0,0,0,6140,Good,0.611,0
53,Employed,81487.0,2959.0,5,115,655.0,3,49044.0,1,0,15862,Poor,0.602,0
60,Employed,48365.0,1482.0,1,1447,677.0,4,22497.0,0,0,2136,Excellent,0.465,0
59,Unemployed,81161.0,,5,4541,681.0,1,41468.0,0,0,22006,Excellent,0.511,0
38,Employed,84322.0,6493.0,14,4548,694.0,4,21748.0,1,0,31903,Good,0.258,0
60,Unemployed,133178.0,9434.0,11,7098,726.0,3,52654.0,3,0,57442,Good,0.395,0
21,Self-Employed,115785.0,3383.0,15,3491,677.0,5,28600.0,2,1,39941,Good,0.247,0
31,Employed,115347.0,4325.0,14,3251,652.0,0,31017.0,2,0,43146,Good,0.269,0
48,Employed,121675.0,6704.0,15,3908,649.0,1,75250.0,1,0,44775,Good,0.618,1
45,Employed,64560.0,4130.0,12,2333,634.0,1,24429.0,3,0,15193,Average,0.378,1
43,Employed,55982.0,4153.0,3,2592,739.0,1,9788.0,3,1,13510,Good,0.175,0
51,Employed,88888.0,4462.0,3,4569,632.0,2,28429.0,2,0,30628,Poor,0.32,0
50,Employed,82268.0,3751.0,14,2524,744.0,6,44067.0,0,0,30621,Average,0.536,0
62,Unemployed,46402.0,710.0,5,225,681.0,4,30813.0,1,0,8023,Excellent,0.664,1
55,Employed,68716.0,3072.0,1,900,641.0,3,41759.0,1,0,26453,Excellent,0.608,0
27,Self-Employed,53949.0,2575.0,13,2944,726.0,3,22285.0,1,0,3296,Average,0.413,0
36,Employed,34387.0,1165.0,8,118,625.0,1,6776.0,1,1,9833,Excellent,0.197,1
46,Employed,111842.0,5867.0,9,3230,728.0,2,33109.0,4,0,42191,Excellent,0.296,0
22,Employed,56695.0,246.0,15,1231,696.0,1,5791.0,1,1,17781,Average,0.102,0
21,Employed,169715.0,5589.0,10,2500,635.0,1,83736.0,1,0,6742,Poor,0.493,1
32,Unemployed,22495.0,100.0,4,1839,720.0,3,16970.0,1,0,6011,Average,0.754,0
25,Employed,40492.0,3757.0,1,1267,721.0,3,26652.0,3,1,9357,Excellent,0.658,0
57,Employed,55996.0,782.0,2,2815,767.0,4,1230.0,2,0,17715,Excellent,0.022,0
52,Employed,102811.0,1649.0,12,3392,752.0,3,32083.0,0,0,31357,Good,0.312,0
29,Employed,68514.0,545.0,7,3162,717.0,4,17715.0,0,1,8685,Excellent,0.259,0
61,Employed,65241.0,676.0,1,3411,595.0,1,36411.0,2,0,10938,Good,0.558,0
55,Self-Employed,29587.0,1675.0,3,1130,850.0,1,3388.0,2,0,4737,Good,0.115,0
39,Self-Employed,29108.0,2003.0,12,692,575.0,2,12286.0,1,0,12626,Excellent,0.422,0
36,Employed,65675.0,3046.0,7,1693,751.0,1,0.0,1,0,8588,Poor,0.0,0
23,Employed,25973.0,371.0,4,1675,712.0,2,12512.0,2,0,1000,Excellent,0.482,0
40,Employed,41050.0,1104.0,13,1458,592.0,0,14772.0,0,0,11395,Good,0.36,0
44,Employed,72446.0,100.0,14,2057,,3,17621.0,2,0,19290,Average,0.243,0
53,Employed,32042.0,1767.0,12,1132,674.0,3,0.0,0,1,1000,Poor,0.0,1
44,Employed,132991.0,5817.0,13,4327,778.0,3,40384.0,0,0,34983,Excellent,0.304,0
31,Employed,107824.0,7195.0,15,4475,627.0,4,32791.0,1,0,48514,Poor,0.304,1
28,Employed,23174.0,2323.0,10,695,660.0,1,9590.0,2,0,7417,Good,0.414,1
56,Employed,32935.0,2198.0,14,1934,505.0,1,795.0,0,0,9982,Excellent,0.024,1
58,Employed,15645.0,681.0,4,1781,810.0,1,6217.0,1,1,9561,Average,0.397,0
60,Employed,35763.0,1590.0,1,2383,600.0,2,17421.0,1,0,10893,Good,0.487,0
40,Employed,83835.0,4320.0,8,1450,705.0,0,42148.0,0,1,10745,Excellent,0.503,0
55,Self-Employed,43803.0,590.0,4,859,672.0,0,14243.0,2,0,1722,Good,0.325,0
45,Employed,70865.0,4425.0,12,2575,673.0,1,44033.0,0,0,20460,Average,0.621,0
55,Employed,23809.0,2138.0,9,100,741.0,1,15414.0,1,0,6258,Good,0.647,0
45,Employed,85304.0,2614.0,12,4275,805.0,1,26475.0,2,0,25154,Good,0.31,0
49,Self-Employed,40529.0,732.0,5,754,699.0,3,16823.0,2,0,7709,Excellent,0.415,0
38,Employed,55369.0,2393.0,6,1920,729.0,1,6491.0,2,0,14301,Average,0.117,0
38,Employed,52261.0,3247.0,6,1389,705.0,2,7574.0,0,0,13678,Good,0.145,0
22,Employed,27330.0,100.0,9,572,756.0,4,19178.0,2,0,9394,Average,0.702,0
55,Self-Employed,29170.0,100.0,3,922,645.0,0,10078.0,0,0,1000,Average,0.345,0
36,Unemployed,93655.0,5656.0,12,4261,761.0,4,30470.0,3,0,35784,Average,0.325,0
61,Employed,68496.0,2851.0,6,1189,763.0,1,53813.0,2,1,28967,Average,0.786,0
56,Self-Employed,97989.0,4205.0,12,5111,761.0,2,48482.0,3,1,44859,Good,0.495,0
53,Unemployed,65752.0,1608.0,15,1824,630.0,2,23566.0,3,0,11076,Average,0.358,1
24,Unemployed,59500.0,100.0,13,1917,667.0,4,38368.0,0,0,14366,Average,0.645,0
53,Employed,21286.0,100.0,9,1310,698.0,4,11081.0,2,0,8916,Good,0.521,0
34,Employed,47400.0,3003.0,8,1084,577.0,3,29002.0,0,0,21625,Good,0.612,0
41,Employed,54178.0,2113.0,7,2741,800.0,1,1298.0,1,0,18700,Good,0.024,0
40,Self-Employed,161022.0,10021.0,4,4087,679.0,2,57664.0,1,0,20924,Good,0.358,0
28,Employed,80251.0,1977.0,5,3166,701.0,0,30031.0,2,0,25472,Excellent,0.374,0
27,Employed,128017.0,8363.0,7,1664,637.0,2,13483.0,0,0,13877,Excellent,0.105,0
23,Employed,76400.0,1617.0,11,2422,580.0,3,29125.0,1,0,39999,Excellent,0.381,1
37,Self-Employed,37193.0,100.0,6,477,635.0,0,24129.0,2,0,12265,Good,0.649,0
53,Self-Employed,58660.0,100.0,11,1870,696.0,4,18663.0,3,1,22587,Average,0.318,1
32,Employed,62631.0,2880.0,5,2978,731.0,2,13108.0,1,0,10004,Average,0.209,0
42,Self-Employed,32812.0,2012.0,9,1031,692.0,4,18390.0,0,0,11497,Good,0.56,0
42,Employed,44519.0,2889.0,12,1190,706.0,4,26655.0,1,0,16042,Excellent,0.599,0
50,Self-Employed,49115.0,,5,2610,655.0,7,40095.0,0,0,8155,Good,0.816,0
58,Employed,133010.0,3562.0,13,2578,717.0,1,78201.0,1,0,52914,Good,0.588,0
58,Employed,17513.0,100.0,13,241,791.0,1,9362.0,0,0,7536,Average,0.535,0
65,Unemployed,106755.0,5514.0,6,2273,733.0,1,49190.0,2,0,26267,Good,0.461,0
28,Employed,32855.0,100.0,10,100,741.0,2,16103.0,0,0,7243,Average,0.49,0
47,Self-Employed,25860.0,100.0,14,497,702.0,3,15477.0,2,0,3146,Excellent,0.598,0
47,Employed,105246.0,2072.0,11,5076,567.0,2,69206.0,1,0,27263,Poor,0.658,0
54,Employed,82259.0,1737.0,14,3275,602.0,1,42794.0,1,1,24634,Good,0.52,1
41,Employed,109653.0,6194.0,7,3195,714.0,4,51677.0,1,0,25951,Excellent,0.471,0
50,Employed,85432.0,2558.0,15,1973,679.0,3,18587.0,5,1,12898,Excellent,0.218,0
53,Employed,170758.0,4300.0,2,5556,713.0,2,110386.0,1,0,16826,Excellent,0.646,0
48,Employed,74786.0,5232.0,5,3342,806.0,2,38548.0,1,0,24132,Excellent,0.515,0
53,Employed,50465.0,1670.0,6,1886,734.0,4,38409.0,0,0,1366,Excellent,0.761,0
25,Employed,66416.0,2252.0,15,134,774.0,0,3399.0,3,0,1519,Good,0.051,0
39,Unemployed,108988.0,7413.0,15,1769,687.0,3,31754.0,3,1,16592,Good,0.291,0
24,Unemployed,35826.0,100.0,3,2179,619.0,4,15920.0,2,0,12187,Average,0.444,1
55,Employed,38428.0,1872.0,4,516,676.0,4,9891.0,1,0,1000,Average,0.257,0
37,Self-Employed,46405.0,628.0,12,1007,620.0,2,24781.0,1,0,18784,Good,0.534,0
64,Employed,17285.0,1769.0,14,1022,797.0,1,2422.0,2,0,8000,Good,0.14,0
48,Employed,59340.0,3498.0,2,2290,739.0,2,40953.0,2,0,8610,Average,0.69,0
50,Self-Employed,19491.0,1522.0,7,384,719.0,4,148.0,0,1,11776,Excellent,0.008,0
49,Unemployed,56629.0,1653.0,2,2928,773.0,1,16550.0,1,0,5246,Good,0.292,0
26,Employed,88521.0,3445.0,14,4259,528.0,5,30833.0,1,1,37648,Good,0.348,1
55,Self-Employed,42311.0,2906.0,11,690,724.0,3,20965.0,0,0,7393,Good,0.495,0
61,Employed,138344.0,10131.0,12,7359,582.0,2,90121.0,1,0,13331,Good,0.651,1
57,Unemployed,24632.0,388.0,2,612,679.0,5,3687.0,1,0,17164,Good,0.15,0
44,Employed,105903.0,5077.0,14,649,657.0,3,40843.0,1,0,17497,Good,0.386,0
49,Employed,79731.0,4511.0,5,4195,730.0,1,36542.0,2,0,20537,Good,0.458,0
51,Employed,21403.0,110.0,5,671,697.0,2,4089.0,2,0,16719,Excellent,0.191,0
55,Self-Employed,200000.0,11318.0,6,6464,781.0,3,120000.0,0,0,60000,Good,0.6,0
53,Employed,53105.0,507.0,2,3415,635.0,0,29605.0,2,1,9123,Poor,0.557,1
41,Unemployed,33944.0,2962.0,14,712,733.0,2,5505.0,2,0,10354,Excellent,0.162,0
52,Employed,25367.0,1501.0,15,379,692.0,3,7689.0,2,0,3552,Excellent,0.303,0
43,Employed,48731.0,586.0,14,259,557.0,2,10311.0,1,0,20318,Good,0.212,1
53,Employed,51278.0,2215.0,14,3001,611.0,0,17218.0,1,0,15487,Average,0.336,1
23,Employed,58194.0,3072.0,9,1052,669.0,2,41123.0,3,0,8778,Good,0.707,0
38,Employed,46691.0,2751.0,2,757,763.0,2,8046.0,0,0,14450,Poor,0.172,0
45,Employed,77914.0,1860.0,1,1785,715.0,0,56224.0,1,0,23179,Good,0.722,0
62,Employed,44440.0,2224.0,4,2437,592.0,2,21885.0,2,0,20127,Excellent,0.492,1
51,Employed,18975.0,508.0,2,100,669.0,3,21115.0,2,0,3154,Good,1.113,1
23,Employed,50662.0,2120.0,7,2105,831.0,4,0.0,3,0,6419,Good,0.0,0
60,Self-Employed,15000.0,2766.0,4,523,688.0,2,6693.0,3,0,9937,Good,0.446,0
44,Self-Employed,66814.0,1790.0,2,2261,655.0,0,36298.0,1,0,20844,Poor,0.543,0
52,Employed,32096.0,752.0,10,1788,717.0,0,3733.0,1,0,10922,Good,0.116,0
42,Employed,60170.0,3485.0,5,690,737.0,3,25050.0,1,1,10641,Average,0.416,0
43,Employed,113304.0,7272.0,13,4744,646.0,2,86838.0,0,0,23719,Good,0.766,1
22,Employed,32639.0,701.0,9,1467,718.0,1,18250.0,1,0,5511,Average,0.559,0
47,Employed,98595.0,1564.0,14,3908,655.0,5,32135.0,3,0,27565,Excellent,0.326,0
62,Employed,43335.0,2493.0,4,1074,734.0,1,35235.0,2,0,18410,Poor,0.813,1
22,Employed,144256.0,2604.0,11,2139,693.0,3,24054.0,0,0,14998,Good,0.167,0
46,Employed,44993.0,1356.0,1,1241,716.0,4,23033.0,1,0,20733,Good,0.512,0
37,Employed,34642.0,100.0,8,1654,623.0,4,16884.0,2,0,14242,Excellent,0.487,0
60,Self-Employed,80263.0,1872.0,8,4546,618.0,6,37668.0,1,0,19141,Average,0.469,0
53,Unemployed,43278.0,3691.0,14,1243,751.0,1,6879.0,1,0,13222,Good,0.159,0
29,Employed,34624.0,1245.0,10,1279,674.0,4,14158.0,1,0,14484,Good,0.409,1
63,Employed,42289.0,1634.0,10,1668,701.0,4,19093.0,2,0,2151,Good,0.451,0
59,Self-Employed,53667.0,2693.0,5,1091,657.0,1,24334.0,4,0,17810,Average,0.453,0
49,Unemployed,115069.0,4229.0,14,2366,747.0,2,60770.0,2,0,31224,Average,0.528,1
62,Employed,18984.0,925.0,8,325,634.0,2,34.0,1,0,1184,Average,0.002,0
46,Employed,55703.0,5127.0,14,2732,670.0,7,48687.0,3,0,22526,Good,0.874,1
55,Employed,77558.0,3530.0,1,2050,739.0,7,29772.0,1,1,9986,Excellent,0.384,0
45,Employed,61174.0,2055.0,2,1049,768.0,1,51796.0,1,0,24270,Good,0.847,0
44,Employed,113042.0,6419.0,14,4784,641.0,2,13498.0,2,0,23341,Average,0.119,1
33,Employed,52796.0,2234.0,4,1964,827.0,3,26410.0,1,1,12792,Good,0.5,0
27,Employed,49691.0,608.0,3,1518,,2,4227.0,3,0,11031,Average,0.085,0
56,Employed,76181.0,926.0,14,3133,602.0,5,30712.0,2,0,7858,Average,0.403,0
65,Self-Employed,58088.0,2762.0,3,1635,708.0,2,3723.0,1,0,10794,Good,0.064,0
40,Employed,44372.0,3788.0,12,1685,651.0,0,17037.0,0,0,11071,Poor,0.384,1
21,Employed,73055.0,100.0,9,1117,713.0,1,43701.0,1,1,27748,Good,0.598,0
28,Employed,38415.0,493.0,9,987,677.0,1,6832.0,3,0,19540,Good,0.178,0
36,Employed,39298.0,2750.0,15,1547,686.0,4,5914.0,1,0,10795,Average,0.15,0
34,Unemployed,41138.0,726.0,8,1175,612.0,5,43139.0,2,1,13996,Good,1.049,1
32,Employed,115760.0,3562.0,11,6211,754.0,2,37579.0,1,0,8203,Good,0.325,0
43,Employed,15000.0,675.0,7,1280,593.0,2,10164.0,1,0,9302,Excellent,0.678,1
35,Self-Employed,68369.0,1287.0,14,115,597.0,6,14704.0,1,1,23890,Excellent,0.215,0
48,Employed,56047.0,2737.0,14,2059,708.0,3,12925.0,1,0,10968,Excellent,0.231,0
54,Unemployed,21821.0,1404.0,8,100,800.0,2,6108.0,2,0,2078,Good,0.28,0
22,Employed,65215.0,2330.0,11,1600,654.0,3,25590.0,1,0,27865,Poor,0.392,0
52,Employed,71450.0,3714.0,4,3805,733.0,5,27621.0,0,0,9931,Average,0.387,0
43,Employed,76069.0,3425.0,7,1402,761.0,0,49006.0,0,0,15252,Average,0.644,0
42,Employed,15000.0,994.0,11,633,741.0,0,1097.0,3,0,4737,Good,0.073,0
45,Self-Employed,,2859.0,8,1944,657.0,1,48066.0,0,0,8743,Good,0.412,0
42,Self-Employed,36656.0,1980.0,4,348,598.0,3,5482.0,2,0,16846,Average,0.15,0
42,Employed,80234.0,2401.0,12,1986,514.0,1,50968.0,1,0,7843,Excellent,0.635,1
62,Employed,82676.0,4804.0,5,2488,660.0,3,36779.0,0,0,9461,Average,0.445,0
26,Self-Employed,33959.0,839.0,8,100,768.0,1,11044.0,1,0,13872,Excellent,0.325,0
35,Unemployed,79090.0,3301.0,14,4304,596.0,3,24266.0,3,0,22285,Good,0.307,1
63,Employed,44492.0,1067.0,14,1294,733.0,1,3601.0,1,0,8208,Good,0.081,0
57,Employed,17603.0,2522.0,13,144,609.0,4,0.0,2,0,4893,Good,0.0,0
53,Employed,104542.0,7074.0,2,3740,688.0,1,44155.0,3,0,22577,Good,0.422,1
28,Self-Employed,35912.0,586.0,4,1131,733.0,6,16617.0,2,0,1000,Good,0.463,1
64,Employed,34376.0,1596.0,4,924,631.0,6,18336.0,0,0,14714,Average,0.533,0
64,Employed,44064.0,3270.0,15,493,693.0,3,16392.0,1,0,5239,Good,0.372,0
25,Self-Employed,63884.0,2172.0,10,1607,649.0,2,28402.0,0,1,4772,Poor,0.445,0
59,Employed,53295.0,3415.0,15,959,733.0,1,16438.0,0,0,26400,Average,0.308,0
24,Employed,74349.0,3168.0,13,1615,698.0,1,19500.0,0,1,1899,Average,0.262,0
26,Employed,26328.0,364.0,4,897,684.0,2,26527.0,3,1,7633,Poor,1.008,1
65,Employed,36562.0,1672.0,1,930,797.0,0,24664.0,2,0,7403,Excellent,0.675,0
52,Employed,51601.0,797.0,6,1301,730.0,2,23732.0,1,0,4335,Good,0.46,1
50,Employed,156205.0,3105.0,11,6040,628.0,1,84876.0,2,0,30319,Average,0.543,1
55,Employed,51663.0,3572.0,3,1577,674.0,5,35024.0,2,1,21563,Poor,0.678,0
60,Employed,99904.0,3553.0,2,883,674.0,1,36531.0,1,0,31280,Good,0.366,0
36,Self-Employed,56179.0,6214.0,13,3404,686.0,1,5606.0,1,0,10167,Good,0.1,0
33,Self-Employed,42154.0,3199.0,11,846,850.0,2,6477.0,1,0,12963,Excellent,0.154,0
62,Employed,48021.0,1909.0,10,1702,708.0,0,29937.0,0,0,5589,Poor,0.623,0
50,Employed,50134.0,4011.0,8,2038,527.0,1,23155.0,2,0,4101,Poor,0.462,1
39,Employed,76657.0,2055.0,7,2039,639.0,3,51366.0,1,0,7508,Average,0.67,1
37,Employed,117140.0,5816.0,7,5726,535.0,0,13937.0,0,0,37936,Excellent,0.119,0
39,Employed,67031.0,237.0,7,1117,655.0,4,50081.0,2,0,28489,Good,0.747,1
48,Employed,105660.0,3958.0,2,6411,531.0,1,49777.0,3,0,12923,Poor,0.471,1
46,Employed,32353.0,1440.0,13,362,615.0,1,16595.0,0,0,6338,Good,0.513,0
57,Employed,43785.0,2290.0,5,100,566.0,5,2804.0,0,0,28708,Good,0.064,1
46,Employed,36928.0,478.0,1,869,709.0,3,34473.0,3,0,5332,Good,0.934,0
43,Self-Employed,65384.0,513.0,2,2506,680.0,4,20523.0,1,0,12703,Good,0.314,0
29,Employed,45146.0,1195.0,10,1389,703.0,2,20273.0,1,0,1126,Excellent,0.449,0
32,Employed,82163.0,4438.0,1,3835,672.0,3,49204.0,2,0,5849,Poor,0.599,0
21,Employed,32960.0,981.0,12,1738,575.0,2,14102.0,0,0,2014,Poor,0.428,1
21,Self-Employed,56317.0,1644.0,6,1540,719.0,2,11235.0,0,0,1000,Average,0.199,0
54,Self-Employed,80247.0,7220.0,13,2266,824.0,1,53685.0,2,0,9900,Good,0.669,0
52,Employed,17662.0,1174.0,9,147,711.0,6,20385.0,1,0,7639,Average,1.154,0
45,Employed,176661.0,9163.0,8,4612,648.0,3,9903.0,0,1,56489,Average,0.056,1
60,Employed,47068.0,382.0,6,1354,573.0,5,15931.0,2,0,13468,Excellent,0.338,1
65,Employed,18058.0,100.0,7,678,612.0,1,6381.0,0,0,4522,Average,0.353,1
21,Employed,59996.0,2015.0,3,1597,714.0,1,21469.0,2,0,31625,Excellent,0.358,0
36,Self-Employed,56021.0,5040.0,10,1416,760.0,3,21490.0,2,0,6663,Average,0.384,0
59,Employed,52578.0,3579.0,2,1815,700.0,0,3547.0,2,0,9638,Poor,0.067,1
25,Self-Employed,94868.0,306.0,8,2381,740.0,1,61946.0,3,0,14308,Good,0.653,0
42,Employed,82966.0,2555.0,5,2269,733.0,0,61250.0,2,0,21973,Good,0.738,0
49,Employed,64791.0,2384.0,7,2114,718.0,3,27471.0,0,0,7033,Excellent,0.424,0
23,Self-Employed,70451.0,4588.0,4,2494,631.0,3,53136.0,3,0,23760,Good,0.754,1
32,Employed,51932.0,2675.0,4,3114,693.0,0,31242.0,1,0,17552,Excellent,0.602,0
46,Employed,146036.0,6979.0,15,4290,616.0,1,24633.0,0,0,8725,Average,0.169,1
36,Employed,24380.0,1766.0,13,100,681.0,1,16622.0,1,0,8436,Average,0.682,0
57,Employed,59391.0,2253.0,5,2257,705.0,1,50555.0,3,0,1331,Good,0.851,1
42,Unemployed,57003.0,1543.0,15,1347,806.0,1,7964.0,2,0,1049,Average,0.14,0
49,Employed,86025.0,5744.0,4,1308,582.0,1,67384.0,1,0,11003,Average,0.783,1
34,Unemployed,34578.0,1866.0,5,1224,716.0,0,3877.0,1,0,13562,Poor,0.112,0
48,Unemployed,21080.0,823.0,7,482,791.0,2,10311.0,0,1,12498,Good,0.489,0
25,Self-Employed,59954.0,3376.0,14,2086,737.0,3,31461.0,1,0,5904,Good,0.525,0
50,Employed,64200.0,2985.0,12,2634,742.0,2,,1,0,23778,Good,0.642,1
25,Employed,124788.0,6251.0,6,1686,724.0,6,63105.0,2,0,21854,Good,0.506,0
32,Self-Employed,27348.0,1515.0,7,182,777.0,2,13308.0,0,0,6749,Average,0.487,0
36,Employed,103795.0,3885.0,7,4293,598.0,7,59349.0,2,0,27922,Poor,0.572,1
46,Employed,200000.0,3236.0,9,4101,576.0,0,117010.0,0,1,60000,Good,0.585,1
46,Employed,44682.0,1091.0,2,1249,680.0,2,12491.0,0,0,11476,Good,0.28,0
41,Employed,27040.0,168.0,15,1633,518.0,4,14836.0,4,0,1000,Good,0.549,1
59,Employed,43970.0,632.0,13,641,772.0,4,24722.0,0,0,10526,Average,0.562,0
56,Employed,55425.0,811.0,3,2364,772.0,0,15613.0,1,0,14149,Poor,0.282,0
53,Employed,74995.0,100.0,14,2570,647.0,1,40827.0,0,0,19343,Poor,0.544,1
50,Self-Employed,39728.0,1027.0,15,811,652.0,1,6611.0,0,1,15373,Excellent,0.166,0
57,Employed,129372.0,7891.0,15,6857,675.0,6,65461.0,3,0,15575,Excellent,0.506,0
43,Unemployed,29795.0,100.0,3,764,684.0,4,2021.0,0,0,12068,Average,0.068,0
30,Self-Employed,21132.0,2055.0,15,892,690.0,2,8257.0,0,0,9834,Good,0.391,1
25,Self-Employed,101091.0,4513.0,11,3681,722.0,5,20354.0,1,0,5051,Good,0.201,0
56,Employed,15741.0,100.0,6,446,667.0,1,1711.0,0,0,1000,Good,0.109,0
54,Self-Employed,49159.0,1984.0,12,2250,751.0,2,11640.0,2,0,9433,Average,0.237,0
51,Employed,200000.0,11761.0,1,5091,713.0,0,79472.0,1,0,33468,Average,0.397,0
30,Self-Employed,54637.0,100.0,14,986,634.0,3,29482.0,2,0,10692,Average,0.54,1
39,Employed,29693.0,340.0,9,731,780.0,1,8221.0,0,1,12400,Average,0.277,0
52,Self-Employed,53291.0,2512.0,5,2449,578.0,2,33648.0,2,0,14641,Excellent,0.631,0
21,Unemployed,53485.0,1971.0,6,2356,673.0,2,0.0,1,0,9094,Average,0.0,1
25,Employed,60081.0,4115.0,7,877,753.0,4,35790.0,3,1,7656,Good,0.596,0
65,Employed,79168.0,470.0,1,1935,626.0,3,39635.0,2,0,21299,Good,0.501,1
24,Self-Employed,31057.0,100.0,3,1308,703.0,0,2123.0,1,1,9231,Good,0.068,0
36,Employed,139141.0,3424.0,14,4079,721.0,1,55060.0,0,0,41294,Average,0.396,0
44,Self-Employed,62938.0,250.0,9,1824,615.0,2,47355.0,1,0,4175,Good,0.752,1
36,Employed,82029.0,3048.0,5,1935,675.0,5,48684.0,0,0,14083,Good,0.593,1
22,Employed,38933.0,2501.0,2,832,668.0,2,0.0,1,0,12909,Excellent,0.0,1
48,Unemployed,111591.0,675.0,14,5141,639.0,2,36923.0,0,0,45751,Excellent,0.331,0
52,Employed,47749.0,5003.0,3,305,850.0,2,8036.0,1,0,18016,Excellent,0.168,0
47,Self-Employed,64071.0,2108.0,6,1141,623.0,3,39908.0,0,1,20527,Good,0.623,1
40,Employed,32921.0,100.0,12,1670,755.0,2,30762.0,2,0,13392,Excellent,0.934,0
44,Employed,31786.0,553.0,3,250,651.0,1,1057.0,1,1,3291,Good,0.033,0
32,Employed,80306.0,4107.0,13,3619,599.0,0,28496.0,3,0,31689,Good,0.355,1
55,Employed,43093.0,2357.0,11,2334,688.0,4,14626.0,4,0,12249,Good,0.339,0
53,Self-Employed,34389.0,2989.0,1,998,729.0,4,30031.0,3,0,8925,Good,0.873,0
53,Employed,38613.0,106.0,5,549,749.0,1,19976.0,1,1,8678,Average,0.517,0
63,Employed,80782.0,2823.0,13,3742,797.0,6,62807.0,2,0,17609,Excellent,0.777,0
57,Employed,38914.0,2056.0,10,915,850.0,3,12550.0,2,0,9520,Poor,0.323,0
32,Self-Employed,51554.0,3222.0,11,803,699.0,3,32093.0,2,1,4709,Good,0.623,1
23,Employed,55456.0,1556.0,7,288,630.0,3,23125.0,2,1,16450,Good,0.417,1
21,Self-Employed,19159.0,100.0,11,584,714.0,2,8070.0,2,0,1000,Excellent,0.421,0
53,Employed,24489.0,548.0,11,1356,660.0,1,7951.0,2,0,15778,Excellent,0.325,1
60,Employed,66174.0,100.0,5,1557,749.0,5,43413.0,2,0,1486,Average,0.656,0
30,Self-Employed,36670.0,2326.0,1,1438,583.0,2,4107.0,1,0,5532,Poor,0.112,1
63,Employed,98350.0,4804.0,15,1954,850.0,2,48165.0,4,0,30696,Poor,0.49,0
64,Employed,93604.0,3528.0,2,3289,744.0,5,41377.0,1,0,31205,Poor,0.442,0
49,Employed,81685.0,3049.0,2,2023,554.0,3,1822.0,2,0,21707,Good,0.022,1
33,Employed,149636.0,2786.0,12,6150,627.0,1,48910.0,1,0,10395,Good,0.327,0
32,Self-Employed,52543.0,1047.0,10,939,741.0,1,23937.0,0,0,9059,Average,0.456,0
51,Employed,78588.0,2540.0,11,2251,768.0,3,14422.0,0,0,3395,Good,0.184,0
22,Self-Employed,39882.0,1029.0,4,519,585.0,0,4402.0,2,1,10499,Average,0.11,1
55,Employed,200000.0,9518.0,4,2284,733.0,4,74041.0,2,0,60000,Average,0.37,0
43,Employed,163748.0,7022.0,1,9022,534.0,1,42463.0,3,0,2320,Good,0.259,1
37,Unemployed,55361.0,4319.0,2,1400,673.0,2,17079.0,1,0,16384,Excellent,0.309,0
46,Employed,68030.0,4417.0,14,1989,763.0,2,28823.0,1,0,28554,Good,0.424,0
28,Employed,116157.0,5751.0,2,2749,639.0,3,21730.0,1,0,14846,Average,0.187,0
49,Employed,50724.0,1543.0,11,1620,567.0,4,14061.0,0,0,11200,Good,0.277,1
46,Employed,38328.0,1051.0,1,1067,691.0,2,24648.0,0,0,6049,Average,0.643,0
30,Employed,88946.0,3420.0,5,2767,635.0,1,13595.0,0,0,1000,Average,0.153,0
46,Employed,57425.0,4207.0,15,2057,727.0,1,23101.0,1,1,23838,Good,0.402,0
54,Employed,60824.0,442.0,5,1883,614.0,3,19081.0,2,0,16698,Good,0.314,1
61,Employed,34761.0,100.0,5,1481,622.0,0,26165.0,1,0,18851,Average,0.753,0
27,Employed,21383.0,975.0,12,378,528.0,2,7499.0,2,0,12007,Average,0.351,1
24,Employed,62628.0,3566.0,6,2862,693.0,3,29869.0,4,1,8313,Excellent,0.477,1
65,Employed,90474.0,2967.0,13,1944,668.0,4,33964.0,1,0,15329,Poor,0.375,0
31,Employed,48576.0,1785.0,11,2479,591.0,5,0.0,1,0,19862,Good,0.0,0
49,Unemployed,121191.0,7654.0,5,3020,,0,20408.0,2,0,10302,Excellent,0.168,0
56,Employed,37344.0,100.0,14,1690,757.0,2,19112.0,1,1,7745,Good,0.512,0
45,Self-Employed,30792.0,2697.0,10,1404,664.0,2,1803.0,0,0,1000,Average,0.059,0
41,Employed,53003.0,1746.0,7,2824,700.0,1,16638.0,3,0,2319,Good,0.314,1
56,Employed,52557.0,1180.0,9,1120,700.0,0,41483.0,1,0,7696,Excellent,0.789,0
30,Employed,84000.0,4438.0,9,2132,590.0,1,23083.0,1,0,27545,Good,0.275,0
57,Employed,35913.0,1108.0,10,1469,834.0,4,6204.0,1,0,5413,Excellent,0.173,0
29,Employed,116721.0,6237.0,1,3412,645.0,1,68620.0,1,0,47819,Excellent,0.588,0
44,Employed,162250.0,6309.0,6,7028,729.0,2,106071.0,1,0,33521,Excellent,0.654,0
55,Employed,53829.0,615.0,7,2635,738.0,3,10824.0,1,0,14440,Good,0.201,0
55,Unemployed,109363.0,4125.0,9,2221,670.0,4,58126.0,2,0,23733,Average,0.531,1
56,Employed,30761.0,100.0,10,658,726.0,2,9144.0,2,0,4768,Excellent,0.297,0
38,Employed,99356.0,,11,4050,698.0,2,20059.0,1,0,41193,Good,0.202,0
59,Self-Employed,97840.0,5281.0,12,2796,574.0,1,15714.0,1,1,22180,Good,0.161,1
52,Employed,88431.0,1720.0,5,3606,655.0,1,11894.0,1,0,32240,Good,0.135,0
44,Employed,54531.0,2368.0,2,2782,634.0,3,13825.0,0,0,1000,Excellent,0.254,0
43,Self-Employed,15000.0,1325.0,10,1501,645.0,1,0.0,1,0,9061,Average,0.0,0
52,Unemployed,38644.0,833.0,8,2116,582.0,1,3436.0,1,0,10140,Good,0.089,1
57,Self-Employed,38981.0,2443.0,1,1313,764.0,1,25960.0,2,0,2160,Average,0.666,0
32,Employed,32114.0,2686.0,7,954,800.0,3,17063.0,0,0,6846,Excellent,0.531,0
33,Employed,58825.0,2759.0,13,2593,753.0,4,23397.0,0,0,17458,Average,0.398,0
43,Unemployed,43681.0,1633.0,12,811,775.0,2,22708.0,0,0,14680,Excellent,0.52,0
45,Employed,34946.0,2988.0,4,1612,654.0,4,20061.0,0,0,5971,Good,0.574,0
55,Employed,30722.0,2352.0,10,1256,632.0,2,17636.0,1,0,7289,Average,0.574,1
61,Employed,37107.0,532.0,6,100,622.0,3,21731.0,1,0,9323,Good,0.586,0
50,Employed,101917.0,5281.0,15,1868,728.0,1,16065.0,1,0,18864,Good,0.158,0
37,Employed,38236.0,593.0,15,731,697.0,3,12419.0,3,0,11186,Average,0.325,1
40,Employed,41435.0,2365.0,8,1739,674.0,1,8997.0,1,0,22140,Good,0.217,0
45,Employed,42783.0,4059.0,15,341,777.0,0,19635.0,4,0,11098,Average,0.459,0
42,Employed,66273.0,4102.0,11,3447,710.0,2,4697.0,0,0,21073,Average,0.071,0
33,Self-Employed,70688.0,2502.0,3,276,617.0,3,19054.0,1,0,4874,Good,0.27,0
39,Employed,15000.0,1155.0,2,911,629.0,4,10701.0,1,1,5360,Good,0.713,1
56,Employed,96470.0,3467.0,8,4071,731.0,4,24217.0,1,0,14077,Good,0.251,0
32,Employed,121187.0,3309.0,6,2544,758.0,0,47273.0,1,0,27764,Excellent,0.39,0
61,Employed,30868.0,1125.0,11,1915,721.0,3,0.0,2,0,7761,Average,0.0,0
39,Employed,32219.0,100.0,6,1511,822.0,1,24930.0,2,0,13980,Average,0.774,0
32,Employed,42935.0,2723.0,8,2096,803.0,2,17916.0,2,0,16859,Excellent,0.417,0
29,Self-Employed,36290.0,2768.0,5,1939,713.0,0,687.0,0,0,15732,Good,0.019,0
27,Unemployed,62209.0,3158.0,11,1397,617.0,3,39295.0,1,1,18014,Average,0.632,1
48,Employed,18854.0,100.0,5,1327,582.0,3,16529.0,0,0,1000,Good,0.877,1
34,Employed,29739.0,1249.0,7,100,651.0,5,10898.0,1,1,9869,Good,0.366,0
51,Employed,128238.0,885.0,6,2186,736.0,1,91731.0,1,0,43441,Good,0.715,0
39,Self-Employed,33010.0,2392.0,3,2543,817.0,3,14550.0,0,0,9389,Good,0.441,0
36,Self-Employed,108986.0,2849.0,14,4609,711.0,5,62584.0,1,0,13276,Average,0.574,0
25,Employed,66871.0,2767.0,4,3045,768.0,1,11982.0,3,0,10129,Good,0.179,0
55,Employed,20333.0,1961.0,2,491,662.0,0,7291.0,4,0,10969,Excellent,0.359,1
32,Self-Employed,78004.0,2570.0,8,2586,727.0,1,8279.0,2,0,22564,Excellent,0.106,0
45,Employed,51553.0,1035.0,6,1824,742.0,4,0.0,0,0,1000,Poor,0.0,0
41,Employed,42812.0,2073.0,14,2454,532.0,1,16183.0,1,0,6461,Good,0.378,1
56,Employed,62932.0,970.0,7,3369,649.0,2,0.0,2,1,26018,Good,0.0,0
43,Employed,71406.0,3433.0,5,2175,751.0,3,22275.0,1,1,12446,Good,0.312,0
36,Self-Employed,81167.0,2726.0,7,2659,701.0,4,35603.0,1,0,15587,Average,0.439,0
59,Unemployed,105148.0,7066.0,4,4987,590.0,1,47262.0,1,0,13241,Good,0.449,1
65,Employed,68842.0,100.0,10,3228,498.0,5,14066.0,2,0,17569,Good,0.204,0
62,Employed,25809.0,220.0,15,1675,653.0,4,8093.0,0,1,2589,Average,0.314,0
59,Employed,42386.0,1543.0,4,2224,675.0,2,16828.0,0,0,11949,Average,0.397,0
34,Employed,200000.0,2872.0,13,8534,614.0,6,101020.0,2,0,52106,Good,0.505,1
51,Employed,81925.0,3836.0,11,3218,691.0,3,63.0,2,0,7910,Good,0.001,0
25,Employed,200000.0,5176.0,2,3966,718.0,4,88016.0,1,0,11132,Poor,0.44,0
55,Employed,118489.0,3530.0,14,2634,730.0,3,78873.0,2,1,25128,Excellent,0.666,0
43,Employed,62823.0,2754.0,14,3482,503.0,1,204.0,0,0,18659,Excellent,0.003,1
49,Employed,64917.0,2200.0,8,3689,581.0,0,22963.0,0,1,32119,Good,0.354,1
63,Employed,53905.0,851.0,7,2223,657.0,2,16633.0,3,0,11590,Good,0.309,0
31,Employed,21148.0,100.0,4,100,723.0,0,8333.0,1,1,6751,Poor,0.394,0
38,Employed,55549.0,828.0,3,1601,717.0,2,4960.0,0,0,13624,Excellent,0.089,0
32,Unemployed,107040.0,2988.0,1,3968,715.0,1,20164.0,3,0,22430,Average,0.188,0
29,Employed,39549.0,2021.0,13,1300,651.0,1,29655.0,1,1,6516,Good,0.75,0
30,Employed,,2886.0,5,3825,655.0,3,17618.0,0,0,11728,Good,0.255,0
64,Self-Employed,87857.0,1640.0,6,1469,625.0,3,33443.0,2,0,15430,Average,0.381,0
37,Unemployed,33348.0,100.0,3,1437,738.0,3,12760.0,1,1,11425,Excellent,0.383,0
58,Employed,42911.0,2306.0,11,1842,611.0,2,22720.0,1,0,5952,Good,0.529,0
27,Self-Employed,31421.0,907.0,10,934,744.0,2,26141.0,0,0,13481,Excellent,0.832,0
33,Employed,34993.0,3246.0,14,669,696.0,3,6519.0,4,1,8893,Excellent,0.186,1
60,Employed,27090.0,1885.0,12,522,677.0,0,0.0,0,0,11201,Good,0.0,0
62,Employed,33518.0,1815.0,9,100,631.0,2,0.0,2,1,12797,Good,0.0,1
29,Employed,120065.0,9130.0,14,4899,578.0,0,47706.0,0,0,9732,Excellent,0.397,0
47,Self-Employed,33242.0,1508.0,10,1343,631.0,1,5591.0,1,0,1000,Excellent,0.168,0
22,Employed,58962.0,1721.0,10,1300,655.0,2,25104.0,2,0,21361,Average,0.426,1
25,Employed,41711.0,2984.0,9,1059,502.0,1,20802.0,2,0,7594,Good,0.499,1
49,Employed,105184.0,3905.0,6,1309,665.0,1,71397.0,1,0,13013,Excellent,0.679,0
57,Employed,113123.0,6931.0,5,5676,749.0,3,27372.0,2,0,53596,Good,0.242,0
58,Employed,88462.0,1550.0,15,1794,723.0,4,41823.0,1,0,39324,Excellent,0.473,0
39,Self-Employed,65086.0,3984.0,2,3319,643.0,5,46476.0,2,1,30855,Good,0.714,1
28,Self-Employed,48436.0,1563.0,6,433,684.0,4,15572.0,1,0,8651,Average,0.321,0
65,Self-Employed,28554.0,1297.0,5,100,638.0,2,22550.0,1,0,1000,Good,0.79,1
21,Self-Employed,160176.0,8163.0,12,4607,691.0,2,35356.0,1,0,13781,Average,0.221,0
42,Employed,36216.0,134.0,3,1623,796.0,1,29487.0,1,0,17693,Good,0.814,0
37,Self-Employed,79229.0,3651.0,12,3673,753.0,1,64406.0,2,1,8174,Excellent,0.813,0
27,Employed,98504.0,1322.0,11,3661,719.0,1,31450.0,0,0,9566,Good,0.319,0
45,Employed,40525.0,2207.0,10,2841,643.0,1,18174.0,1,0,16170,Excellent,0.448,0
65,Employed,97343.0,3537.0,3,4682,736.0,1,8141.0,2,0,23320,Good,0.084,0
24,Employed,83734.0,6115.0,1,1322,553.0,3,41380.0,0,1,25431,Good,0.494,1
56,Employed,142268.0,4046.0,9,6413,661.0,2,61143.0,2,0,34383,Good,0.43,0
26,Employed,42487.0,4077.0,4,246,724.0,0,8.0,1,0,2363,Good,0.0,0
51,Self-Employed,27116.0,100.0,9,1027,736.0,2,16367.0,2,0,5528,Good,0.604,0
39,Employed,41651.0,2227.0,4,1129,730.0,2,23638.0,1,0,18805,Good,0.568,0
64,Employed,61695.0,2026.0,5,494,702.0,4,42571.0,3,1,7252,Excellent,0.69,0
59,Unemployed,56789.0,1334.0,5,1487,665.0,4,17630.0,0,0,19937,Good,0.31,0
47,Employed,44298.0,3577.0,4,1290,720.0,5,13582.0,1,0,7068,Good,0.307,0
30,Employed,19245.0,214.0,4,369,609.0,1,19343.0,1,0,3372,Excellent,1.005,1
46,Employed,71243.0,2923.0,7,3327,617.0,0,24420.0,1,0,16790,Poor,0.343,1
39,Employed,162735.0,9354.0,12,1849,685.0,1,89475.0,1,0,21779,Poor,0.55,0
59,Employed,70999.0,3771.0,7,2000,693.0,4,31105.0,5,0,15666,Good,0.438,0
23,Employed,76889.0,4155.0,6,1742,543.0,2,22634.0,1,0,23638,Good,0.294,0
65,Employed,75353.0,100.0,14,2833,714.0,1,9425.0,0,1,26517,Good,0.125,0
33,Employed,68423.0,2478.0,15,2620,738.0,1,3473.0,1,1,27123,Good,0.051,0
48,Employed,91813.0,4335.0,3,1792,674.0,4,25142.0,0,0,46986,Excellent,0.274,0
40,Employed,68360.0,4934.0,6,274,850.0,2,29279.0,5,0,24213,Good,0.428,0
48,Employed,46310.0,1879.0,14,1762,629.0,1,24056.0,3,0,8359,Good,0.519,0
28,Self-Employed,35500.0,665.0,9,2033,653.0,2,12021.0,6,0,5302,Good,0.339,1
61,Employed,47961.0,1043.0,3,2176,650.0,2,1185.0,1,0,8461,Average,0.025,0
59,Employed,65373.0,647.0,11,1928,674.0,5,21172.0,1,0,8339,Poor,0.324,0
21,Self-Employed,46223.0,1149.0,7,2151,655.0,3,9380.0,2,0,2652,Excellent,0.203,0
23,Employed,65380.0,4076.0,11,3140,574.0,4,10257.0,1,0,17491,Good,0.157,1
33,Employed,70026.0,3986.0,5,3541,639.0,1,2865.0,2,1,23543,Good,0.041,0
48,Employed,86972.0,2650.0,7,2342,673.0,2,19323.0,3,0,25455,Excellent,0.222,0
45,Self-Employed,111371.0,4665.0,13,4460,772.0,2,15378.0,0,0,41075,Good,0.138,0
53,Self-Employed,57411.0,1461.0,11,2723,845.0,0,21546.0,1,0,17852,Average,0.375,0
58,Employed,26791.0,1436.0,2,100,780.0,1,18682.0,1,0,8356,Average,0.697,0
26,Self-Employed,45492.0,2693.0,3,2318,622.0,0,16144.0,2,0,3957,Poor,0.355,1
64,Employed,56349.0,1434.0,2,1641,628.0,3,5211.0,0,0,7398,Average,0.092,0
65,Employed,20039.0,135.0,10,100,668.0,3,17582.0,1,0,2373,Excellent,0.877,1
52,Employed,118049.0,4637.0,7,4025,814.0,1,60355.0,1,1,54966,Excellent,0.511,0
65,Employed,59480.0,1888.0,9,1904,668.0,0,765.0,1,0,24687,Average,0.013,0
41,Self-Employed,67835.0,3814.0,12,2994,580.0,1,7330.0,3,1,13417,Average,0.108,1
36,Employed,116556.0,4778.0,15,2989,642.0,3,54294.0,1,0,16893,Average,0.466,0
41,Employed,38891.0,2112.0,3,1241,737.0,1,18488.0,2,0,14567,Good,0.475,0
31,Unemployed,75419.0,2620.0,11,4315,732.0,2,4705.0,0,0,29765,Good,0.062,0
57,Employed,51775.0,2495.0,11,1080,665.0,5,3444.0,0,0,12236,Good,0.067,1
56,Employed,49704.0,1555.0,12,1985,731.0,2,34895.0,0,0,11308,Average,0.702,0
55,Employed,35968.0,647.0,7,2118,510.0,2,20353.0,3,1,19284,Good,0.566,1
39,Self-Employed,137471.0,5038.0,10,2894,688.0,4,53400.0,1,1,51428,Good,0.388,0
40,Self-Employed,44737.0,2236.0,7,2457,745.0,2,1190.0,1,0,16358,Good,0.027,0
38,Employed,80805.0,2708.0,3,3637,618.0,3,12515.0,0,1,16529,Poor,0.155,0
61,Employed,19611.0,575.0,11,433,617.0,2,9951.0,1,0,5139,Good,0.507,1
34,Employed,105249.0,4357.0,12,3113,540.0,3,73902.0,0,0,5124,Excellent,0.702,1
35,Self-Employed,98106.0,1877.0,5,5282,799.0,5,12574.0,0,0,27965,Average,0.128,0
51,Employed,58028.0,2774.0,12,2111,626.0,3,36102.0,1,0,8872,Good,0.622,1
21,Employed,48546.0,2370.0,6,2702,698.0,0,3764.0,1,0,11419,Excellent,0.078,0
23,Unemployed,68534.0,1941.0,12,3683,725.0,4,25984.0,0,0,9312,Poor,0.379,0
36,Employed,193672.0,9848.0,5,3762,793.0,1,14050.0,0,0,60000,Excellent,0.073,0
43,Employed,20854.0,2968.0,8,730,668.0,2,15444.0,2,0,6892,Excellent,0.741,0
31,Employed,84559.0,4127.0,9,2709,640.0,1,34384.0,1,0,36490,Good,0.407,0
32,Unemployed,33313.0,100.0,12,1155,693.0,2,12736.0,1,0,9361,Average,0.382,1
30,Employed,54401.0,625.0,12,1441,776.0,1,18657.0,4,0,8149,Excellent,0.343,0
52,Employed,47990.0,964.0,6,1165,667.0,7,6392.0,2,0,14852,Poor,0.133,0
36,Employed,43456.0,1213.0,11,1270,608.0,2,28052.0,0,0,3790,Good,0.646,1
28,Employed,54684.0,642.0,2,1725,564.0,0,3108.0,0,0,16089,Good,0.057,1
58,Employed,29475.0,100.0,2,368,588.0,1,17218.0,1,0,10424,Poor,0.584,1
32,Employed,96871.0,6971.0,15,1894,745.0,5,13854.0,1,0,28147,Good,0.143,0
44,Unemployed,20503.0,1539.0,4,759,656.0,3,7855.0,3,1,2989,Average,0.383,0
48,Employed,74010.0,1416.0,10,3069,634.0,1,,1,0,17796,Excellent,0.659,0
28,Employed,45958.0,1366.0,3,577,626.0,0,6391.0,0,0,1000,Excellent,0.139,0
48,Employed,28885.0,2265.0,7,1112,686.0,3,18704.0,2,0,6787,Average,0.648,0
56,Employed,61476.0,3309.0,12,3919,662.0,4,41308.0,1,0,2971,Poor,0.672,0
46,Self-Employed,23360.0,1250.0,12,588,660.0,2,12161.0,0,1,5266,Average,0.521,0
28,Employed,56215.0,1506.0,4,877,781.0,2,0.0,1,0,12214,Excellent,0.0,0
48,Employed,25147.0,100.0,3,1308,795.0,3,19783.0,2,0,1000,Average,0.787,0
48,Employed,70883.0,3736.0,2,1947,559.0,2,47569.0,0,0,26844,Good,0.671,1
57,Employed,33080.0,100.0,4,1559,705.0,7,3780.0,1,0,3958,Excellent,0.114,1
61,Employed,42918.0,360.0,15,1792,622.0,5,30587.0,0,1,15907,Good,0.713,1
56,Employed,64651.0,3249.0,5,353,661.0,2,50483.0,0,0,4654,Average,0.781,1
47,Self-Employed,35961.0,1372.0,4,1469,703.0,3,19507.0,1,0,28298,Excellent,0.542,0
37,Unemployed,53274.0,3078.0,10,2375,664.0,1,34384.0,0,0,27035,Average,0.645,0
29,Employed,23920.0,2631.0,9,464,697.0,2,11776.0,1,0,8433,Good,0.492,0
53,Unemployed,77813.0,1940.0,1,4020,730.0,1,34830.0,1,0,29308,Good,0.448,0
40,Employed,145189.0,9098.0,9,4930,702.0,2,36841.0,3,0,44061,Excellent,0.254,0
33,Employed,200000.0,11082.0,14,5380,631.0,4,34550.0,0,0,37801,Good,0.173,0
48,Employed,57828.0,2089.0,15,1819,633.0,0,30867.0,2,0,9138,Average,0.534,1
49,Employed,84847.0,2632.0,8,2251,572.0,3,0.0,0,0,23916,Excellent,0.0,1
33,Employed,20656.0,1810.0,13,464,,1,7301.0,1,0,6927,Good,0.353,1
55,Employed,125692.0,525.0,9,4403,827.0,3,74153.0,2,0,54850,Excellent,0.59,0
26,Employed,84290.0,576.0,11,2791,621.0,1,11078.0,3,0,38530,Good,0.131,0
38,Employed,42147.0,100.0,3,858,590.0,1,22074.0,0,0,7174,Excellent,0.524,1
25,Employed,108612.0,5712.0,9,1188,704.0,6,55726.0,1,0,32847,Good,0.513,0
45,Self-Employed,47817.0,3453.0,9,2304,672.0,5,9453.0,2,1,14506,Good,0.198,0
22,Employed,42752.0,1924.0,2,1410,665.0,1,30111.0,0,0,17333,Good,0.704,0
30,Employed,71434.0,100.0,3,2654,786.0,2,17151.0,2,0,24639,Average,0.24,0
50,Employed,30646.0,911.0,8,567,721.0,1,17317.0,0,1,13901,Excellent,0.565,0
65,Employed,96469.0,5904.0,7,4084,640.0,5,21399.0,2,0,36894,Good,0.222,0
25,Self-Employed,30770.0,322.0,2,1014,648.0,4,0.0,2,0,2399,Average,0.0,0
53,Employed,30871.0,1685.0,14,1268,642.0,3,3681.0,3,0,11832,Good,0.119,1
21,Employed,33348.0,100.0,10,613,746.0,3,782.0,2,0,6246,Good,0.023,0
38,Self-Employed,83518.0,4293.0,9,1579,657.0,2,35822.0,2,0,7386,Average,0.429,0
52,Employed,39178.0,3683.0,2,2415,546.0,4,17640.0,1,1,5924,Excellent,0.45,1
31,Employed,26205.0,2466.0,14,892,676.0,4,0.0,2,0,3184,Poor,0.0,0
41,Employed,,2143.0,1,1476,565.0,2,2223.0,1,0,13711,Good,0.056,1
46,Unemployed,54039.0,3615.0,9,1295,844.0,2,17156.0,1,0,10571,Excellent,0.317,0
45,Employed,28726.0,2187.0,4,1169,608.0,0,10117.0,0,0,16134,Poor,0.352,1
42,Employed,29192.0,1160.0,11,791,668.0,1,10487.0,2,0,1000,Excellent,0.359,0
47,Employed,175659.0,9591.0,13,10312,699.0,2,10866.0,0,0,26407,Average,0.062,0
33,Employed,34261.0,587.0,15,1533,658.0,2,18345.0,3,0,5303,Good,0.535,0
53,Employed,46047.0,2391.0,6,1390,658.0,4,32855.0,2,0,22657,Average,0.714,1
54,Employed,44941.0,100.0,11,2684,712.0,2,14738.0,1,0,8545,Average,0.328,0
61,Employed,43623.0,2645.0,5,1661,794.0,2,23509.0,2,0,2238,Good,0.539,0
55,Unemployed,77407.0,3106.0,15,2581,738.0,4,35334.0,2,0,18620,Average,0.456,0
21,Self-Employed,92648.0,3435.0,4,4256,791.0,1,71664.0,4,0,41841,Poor,0.774,0
41,Employed,46482.0,3797.0,4,1595,602.0,4,13755.0,2,0,9009,Poor,0.296,0
26,Self-Employed,27862.0,478.0,3,1192,704.0,2,13232.0,5,0,3724,Good,0.475,1
48,Employed,110861.0,4800.0,4,3013,692.0,3,21226.0,2,0,40447,Excellent,0.191,0
37,Employed,52190.0,2485.0,4,2745,706.0,3,17966.0,1,0,2786,Average,0.344,0
25,Employed,142453.0,975.0,7,6410,783.0,1,80859.0,1,0,51711,Poor,0.568,0
51,Self-Employed,15995.0,1114.0,9,100,663.0,0,10897.0,0,0,8666,Poor,0.681,1
25,Self-Employed,61240.0,5248.0,15,1343,650.0,4,43562.0,0,1,20101,Average,0.711,1
58,Employed,157996.0,8286.0,12,3352,720.0,3,96289.0,1,0,7538,Excellent,0.609,0
23,Unemployed,45288.0,2086.0,10,1490,547.0,4,24566.0,1,0,17259,Good,0.542,0
43,Employed,48585.0,2758.0,4,2377,662.0,3,29256.0,1,1,16897,Poor,0.602,0
57,Self-Employed,64707.0,4159.0,14,2823,670.0,0,23033.0,0,0,11370,Good,0.356,0
57,Unemployed,40447.0,2741.0,6,596,611.0,5,17311.0,2,1,13105,Average,0.428,0
30,Employed,46326.0,102.0,6,1950,759.0,0,20038.0,1,0,13097,Excellent,0.433,0
30,Self-Employed,45674.0,100.0,15,2106,600.0,5,20604.0,0,1,1000,Average,0.451,1
39,Employed,38949.0,2209.0,14,1922,670.0,2,7729.0,1,0,14208,Excellent,0.198,0
37,Employed,108116.0,6626.0,15,4407,702.0,1,16064.0,0,1,23111,Good,0.149,0
41,Employed,70876.0,1784.0,5,876,782.0,4,3356.0,1,0,3754,Good,0.047,0
34,Employed,63129.0,2111.0,11,2290,679.0,1,41257.0,0,0,12730,Excellent,0.654,0
29,Unemployed,85802.0,4735.0,5,4528,750.0,1,7986.0,2,1,28581,Good,0.093,0
21,Employed,47557.0,2296.0,9,1013,733.0,2,6795.0,1,0,21480,Average,0.143,0
65,Employed,35928.0,1129.0,12,510,689.0,5,17985.0,1,0,20242,Average,0.501,0
33,Self-Employed,39484.0,1703.0,2,485,598.0,3,10401.0,2,0,7753,Poor,0.263,1
24,Unemployed,55054.0,2930.0,6,1788,572.0,4,14495.0,0,0,18815,Average,0.263,1
21,Employed,30715.0,831.0,9,817,688.0,1,0.0,1,0,1000,Poor,0.0,0
60,Unemployed,41770.0,921.0,14,2131,639.0,1,9055.0,1,1,2714,Good,0.217,0
52,Employed,41408.0,2841.0,3,1767,749.0,6,26479.0,3,0,5669,Excellent,0.639,1
54,Self-Employed,176945.0,8177.0,4,4518,736.0,1,101911.0,2,0,60000,Excellent,0.576,0
48,Employed,15000.0,388.0,6,100,666.0,2,3539.0,1,0,5704,Good,0.236,0
51,Employed,49826.0,2186.0,7,2111,593.0,3,22261.0,0,0,16530,Good,0.447,1
28,Employed,142091.0,8961.0,14,3460,718.0,0,55481.0,0,1,37086,Excellent,0.39,0
59,Employed,58812.0,4024.0,3,2226,604.0,3,37522.0,1,0,9193,Excellent,0.638,1
46,Employed,83239.0,4744.0,8,3101,623.0,6,35051.0,0,0,5222,Good,0.421,1
54,Employed,58104.0,2047.0,9,3458,607.0,3,13451.0,3,0,10463,Average,0.231,1
23,Employed,38103.0,2531.0,2,1547,670.0,1,15114.0,1,0,1000,Good,0.397,0
32,Unemployed,16027.0,100.0,11,401,768.0,1,3900.0,1,0,4767,Average,0.243,0
21,Employed,61580.0,3691.0,7,2130,680.0,4,3869.0,1,0,15538,Good,0.063,1
64,Employed,35900.0,3199.0,12,1208,647.0,2,12636.0,2,0,4761,Average,0.352,1
25,Employed,35415.0,1300.0,7,1737,566.0,1,11013.0,0,0,9196,Average,0.311,0
50,Employed,41800.0,1943.0,13,1800,721.0,0,16545.0,2,0,20094,Average,0.396,0
50,Self-Employed,143596.0,4088.0,13,5577,621.0,1,33794.0,3,0,43233,Average,0.235,0
37,Self-Employed,200000.0,607.0,3,4157,689.0,1,120000.0,1,0,11688,Average,0.6,0
43,Employed,61979.0,940.0,2,3697,653.0,2,35653.0,0,0,8305,Excellent,0.575,0
35,Employed,42594.0,1558.0,14,410,743.0,4,22588.0,1,0,1000,Good,0.53,0
57,Self-Employed,28785.0,1591.0,9,222,668.0,1,10792.0,0,0,1846,Good,0.375,0
41,Employed,71167.0,3518.0,7,3404,676.0,3,30639.0,2,0,27854,Good,0.431,0
34,Self-Employed,146633.0,3252.0,4,5188,716.0,3,12385.0,0,1,30181,Excellent,0.084,0
22,Employed,48005.0,2828.0,11,2116,838.0,3,33662.0,0,0,2345,Excellent,0.701,0
31,Self-Employed,15000.0,1122.0,12,1017,747.0,3,4215.0,0,1,5773,Excellent,0.281,0
59,Employed,79508.0,3141.0,10,3420,673.0,1,20534.0,0,1,14165,Excellent,0.258,0
58,Employed,94566.0,3921.0,5,4915,680.0,1,10512.0,1,0,16974,Good,0.111,0
54,Unemployed,22991.0,2481.0,7,1162,641.0,2,0.0,3,1,9961,Excellent,0.0,1
58,Employed,60606.0,1428.0,9,2766,609.0,3,37540.0,2,0,16787,Average,0.619,1
54,Employed,70493.0,5949.0,5,2807,639.0,2,13999.0,1,0,10835,Good,0.199,0
38,Employed,52832.0,1461.0,15,1672,622.0,2,17712.0,1,0,16933,Poor,0.335,0
50,Employed,35602.0,2084.0,7,1113,729.0,2,12417.0,2,0,11764,Good,0.349,0
35,Employed,96168.0,5104.0,1,1414,600.0,1,16425.0,1,0,14524,Good,0.171,0
47,Employed,44057.0,1257.0,5,2108,780.0,2,22728.0,3,1,22446,Good,0.516,0
54,Employed,24300.0,2134.0,11,1139,736.0,3,13139.0,2,0,8393,Good,0.541,0
58,Employed,17816.0,100.0,8,554,682.0,3,10311.0,1,0,1000,Average,0.579,1
53,Self-Employed,110035.0,7216.0,2,2728,680.0,3,23754.0,1,1,39329,Poor,0.216,0
44,Employed,77208.0,4738.0,8,3002,638.0,6,20260.0,1,0,24712,Excellent,0.262,0
35,Employed,57727.0,223.0,5,1639,700.0,1,31857.0,1,0,9597,Good,0.552,0
50,Employed,43172.0,3730.0,8,1736,762.0,2,19123.0,2,1,15201,Good,0.443,0
62,Employed,41115.0,2485.0,2,1831,627.0,4,22241.0,2,0,5119,Average,0.541,1
37,Employed,30438.0,3659.0,8,2499,565.0,3,9958.0,1,0,6620,Good,0.327,1
25,Employed,43381.0,2556.0,5,1221,733.0,3,4788.0,2,0,12710,Average,0.11,0
49,Employed,17138.0,1572.0,4,173,704.0,1,4759.0,2,0,3686,Good,0.278,0
24,Employed,36690.0,100.0,13,100,596.0,2,24720.0,0,0,3272,Excellent,0.674,1
30,Employed,46354.0,3728.0,9,2580,625.0,4,30982.0,1,0,3679,Good,0.668,0
37,Employed,76920.0,2209.0,12,2264,616.0,0,46742.0,0,0,19148,Average,0.608,1
30,Employed,53805.0,2687.0,3,2721,626.0,2,6660.0,4,1,13881,Good,0.124,1
37,Employed,85161.0,4622.0,3,4159,656.0,2,50827.0,1,0,4582,Good,0.597,0
40,Employed,115510.0,1238.0,8,1730,660.0,1,83753.0,1,0,20675,Poor,0.725,0
44,Employed,98428.0,6965.0,11,1141,631.0,1,10018.0,1,0,38453,Good,0.102,0
25,Self-Employed,71244.0,2930.0,2,4268,623.0,5,29405.0,0,0,21869,Good,0.413,0
54,Employed,55360.0,2165.0,14,2343,663.0,5,19610.0,2,0,11719,Good,0.354,0
26,Employed,32069.0,1514.0,14,583,693.0,3,6087.0,0,0,1000,Average,0.19,0
22,Employed,82624.0,4106.0,3,2097,656.0,1,24528.0,1,0,1760,Good,0.297,0
33,Employed,138545.0,5247.0,13,3937,767.0,3,99534.0,1,0,35138,Good,0.718,0
63,Employed,66386.0,1633.0,12,2732,718.0,1,55076.0,3,1,26036,Good,0.83,0
63,Employed,157878.0,8765.0,8,1833,561.0,3,110319.0,0,1,55113,Good,0.699,1
31,Self-Employed,23766.0,2159.0,9,100,719.0,3,11106.0,3,0,1008,Excellent,0.467,0
43,Employed,29153.0,722.0,14,1387,725.0,0,10402.0,2,0,7029,Excellent,0.357,0
36,Unemployed,88031.0,4919.0,11,1699,647.0,1,38968.0,2,0,35709,Good,0.443,0
51,Employed,63605.0,1251.0,15,1659,568.0,5,27973.0,2,0,11422,Good,0.44,0
31,Employed,113286.0,3263.0,1,2534,681.0,1,7618.0,2,0,14622,Excellent,0.067,0
36,Employed,54534.0,3700.0,8,664,679.0,1,19967.0,0,0,6465,Good,0.366,0
28,Employed,34122.0,100.0,15,1817,596.0,2,4838.0,0,0,6692,Good,0.142,1
24,Employed,48904.0,2984.0,10,1021,571.0,2,0.0,2,0,11358,Good,0.0,0
60,Employed,23674.0,2543.0,7,2085,673.0,3,2137.0,1,0,1000,Good,0.09,0
24,Employed,29566.0,319.0,14,1577,663.0,1,21335.0,1,0,7281,Good,0.722,0
45,Unemployed,93895.0,4752.0,14,2879,649.0,0,27194.0,0,0,10519,Excellent,0.29,0
23,Self-Employed,88887.0,2119.0,2,3696,674.0,1,41462.0,1,0,9530,Poor,0.466,0
52,Employed,67154.0,4147.0,14,2922,597.0,1,57599.0,0,0,8754,Good,0.858,0
23,Employed,21343.0,853.0,1,100,647.0,1,2925.0,1,0,7357,Excellent,0.137,1
47,Employed,45160.0,676.0,15,2640,720.0,2,7839.0,1,0,17776,Good,0.174,0
49,Employed,28039.0,3412.0,7,796,654.0,1,16219.0,0,0,14886,Good,0.578,0
52,Employed,105049.0,4881.0,8,3891,555.0,3,9121.0,0,0,41298,Excellent,0.087,0
39,Employed,39896.0,1959.0,13,1058,645.0,0,6086.0,0,1,11924,Good,0.153,0
41,Employed,30270.0,584.0,1,1754,600.0,7,21552.0,8,0,7044,Excellent,0.712,1
25,Employed,55909.0,2570.0,4,3674,700.0,2,11697.0,1,0,12308,Good,0.209,0
38,Unemployed,38677.0,980.0,3,546,704.0,2,26718.0,2,0,9742,Good,0.691,0
48,Self-Employed,124386.0,7918.0,5,3877,556.0,2,51707.0,1,0,23993,Good,0.416,1
62,Unemployed,36715.0,409.0,15,1374,737.0,1,6691.0,1,0,9923,Excellent,0.182,0
42,Employed,25477.0,100.0,9,1477,597.0,2,4391.0,1,0,1394,Average,0.172,1
41,Employed,16831.0,100.0,12,1695,797.0,0,7411.0,1,0,4339,Poor,0.44,0
26,Employed,54077.0,1094.0,1,2839,676.0,3,16222.0,1,1,10421,Good,0.3,1
21,Employed,40377.0,1048.0,3,699,587.0,2,17188.0,3,0,5283,Excellent,0.426,1
25,Employed,25064.0,1604.0,2,1484,594.0,5,1030.0,4,1,1032,Poor,0.041,1
61,Employed,105785.0,6463.0,1,2032,706.0,3,58645.0,1,0,35038,Good,0.554,0
32,Employed,79386.0,3223.0,12,3610,651.0,1,1175.0,0,0,14753,Average,0.015,0
46,Employed,54153.0,1565.0,6,1112,673.0,2,10045.0,1,0,10695,Good,0.185,0
54,Employed,116479.0,6407.0,6,3456,801.0,1,60578.0,1,1,9185,Average,0.52,0
34,Employed,79180.0,3021.0,9,1114,628.0,2,29524.0,1,0,34574,Good,0.373,0
46,Employed,34980.0,1277.0,14,1266,684.0,3,24856.0,5,1,4281,Average,0.711,1
65,Employed,31055.0,213.0,11,100,786.0,3,15998.0,1,0,3934,Excellent,0.515,0
47,Employed,86248.0,3697.0,12,3110,700.0,4,61320.0,1,1,33373,Excellent,0.711,0
29,Employed,68397.0,2179.0,15,2846,560.0,1,17816.0,3,0,24712,Average,0.26,0
46,Unemployed,60382.0,2448.0,8,2637,718.0,2,57001.0,2,0,1929,Average,0.944,1
42,Employed,34528.0,1139.0,2,1509,593.0,3,17642.0,3,1,20858,Excellent,0.511,1
50,Self-Employed,76838.0,2986.0,11,3861,786.0,2,41811.0,0,1,20434,Good,0.544,0
63,Employed,36300.0,623.0,9,971,618.0,3,24215.0,2,1,8029,Good,0.667,1
37,Employed,52000.0,3622.0,6,977,850.0,3,21627.0,4,0,16467,Excellent,0.416,0
46,Employed,121894.0,6232.0,13,6161,790.0,3,80008.0,2,1,9500,Poor,0.656,0
56,Employed,38240.0,100.0,9,1387,620.0,1,11855.0,1,0,9728,Poor,0.31,1
21,Employed,23154.0,2188.0,7,1387,682.0,0,14864.0,0,0,1000,Average,0.642,1
28,Self-Employed,30828.0,100.0,8,1252,737.0,1,12631.0,2,0,13244,Poor,0.41,0
55,Employed,95030.0,7210.0,10,2410,739.0,0,10494.0,0,0,23758,Excellent,0.11,0
35,Employed,63272.0,594.0,15,920,713.0,3,32777.0,1,0,11047,Average,0.518,0
42,Employed,51236.0,100.0,7,1697,774.0,3,28105.0,0,0,19026,Good,0.549,0
34,Unemployed,41568.0,2191.0,14,2652,671.0,1,35746.0,0,0,6780,Excellent,0.86,0
46,Employed,71828.0,1427.0,8,2046,652.0,2,50601.0,2,0,20371,Good,0.704,1
48,Employed,34478.0,100.0,9,762,654.0,2,25876.0,2,0,4124,Poor,0.751,1
43,Employed,65069.0,1466.0,6,2630,744.0,2,16617.0,2,0,13105,Excellent,0.255,0
34,Self-Employed,36787.0,159.0,13,1071,707.0,0,7410.0,1,0,11818,Good,0.201,0
44,Unemployed,33570.0,2054.0,10,1268,702.0,1,3846.0,3,1,13634,Excellent,0.115,0
22,Employed,38734.0,4494.0,7,1413,740.0,4,4262.0,3,0,7680,Good,0.11,0
65,Self-Employed,44740.0,1555.0,2,1353,526.0,1,23421.0,1,0,1453,Good,0.523,1
46,Self-Employed,53543.0,2907.0,7,1945,703.0,4,30805.0,0,0,12978,Good,0.575,1
34,Employed,62604.0,3770.0,1,1186,696.0,1,12560.0,2,1,16204,Excellent,0.201,0
27,Employed,15000.0,2701.0,11,100,805.0,1,2127.0,1,0,1000,Average,0.142,0
23,Employed,35273.0,100.0,10,1240,565.0,1,24734.0,2,1,5392,Poor,0.701,1
43,Unemployed,44344.0,1918.0,4,1156,797.0,2,17810.0,1,0,9401,Average,0.402,0
63,Employed,125853.0,5527.0,10,4064,686.0,1,46442.0,1,0,24954,Average,0.369,1
65,Self-Employed,30366.0,187.0,14,1383,717.0,2,6226.0,3,1,1000,Good,0.205,0
38,Employed,60152.0,2473.0,12,931,806.0,0,20428.0,1,0,26248,Average,0.34,0
58,Self-Employed,125161.0,3744.0,3,6980,722.0,3,82707.0,0,0,33624,Average,0.661,0
55,Employed,26714.0,2269.0,15,654,710.0,2,6457.0,0,0,2119,Excellent,0.242,0
35,Employed,68307.0,4760.0,13,2597,698.0,4,31217.0,0,1,7622,Average,0.457,1
45,Self-Employed,35378.0,296.0,14,1672,644.0,2,17722.0,2,0,12212,Excellent,0.501,0
57,Self-Employed,41670.0,953.0,4,1131,678.0,0,12511.0,1,1,4302,Excellent,0.3,0
48,Self-Employed,35361.0,1545.0,12,1468,626.0,4,19292.0,0,0,10181,Average,0.546,1
30,Employed,36775.0,100.0,5,1170,677.0,0,19414.0,1,0,7119,Good,0.528,0
59,Self-Employed,200000.0,6724.0,10,3201,505.0,3,11829.0,0,0,24589,Good,0.059,0
37,Employed,87513.0,6104.0,15,3264,712.0,2,5927.0,3,0,34390,Good,0.068,0
59,Employed,100815.0,5300.0,15,4497,671.0,3,62270.0,1,0,10019,Good,0.618,0
42,Employed,72091.0,937.0,4,2903,655.0,3,25240.0,5,0,29505,Excellent,0.35,1
46,Employed,22735.0,1701.0,4,828,696.0,1,2353.0,2,0,1000,Average,0.103,1
64,Employed,68344.0,4187.0,8,1694,572.0,1,1587.0,1,0,27195,Good,0.023,1
45,Unemployed,99230.0,5297.0,13,4395,825.0,4,23066.0,2,0,14098,Average,0.232,0
37,Employed,34397.0,1521.0,2,1956,672.0,1,21558.0,2,0,5376,Good,0.627,0
33,Employed,93528.0,1806.0,1,2838,669.0,2,59369.0,1,1,13792,Good,0.635,0
40,Employed,81022.0,3889.0,8,3891,608.0,5,35593.0,1,1,26002,Excellent,0.439,1
45,Employed,152316.0,5714.0,14,5764,682.0,1,45173.0,3,0,33283,Good,0.297,0
24,Employed,43709.0,385.0,12,2736,784.0,1,31436.0,3,0,7915,Poor,0.719,0
30,Unemployed,30074.0,1189.0,11,112,758.0,1,22379.0,1,0,4877,Average,0.744,0
23,Self-Employed,45080.0,2942.0,13,1757,744.0,2,28122.0,0,0,7245,Poor,0.624,0
61,Unemployed,121134.0,5709.0,7,2887,721.0,3,0.0,2,0,49159,Excellent,0.0,0
65,Unemployed,20120.0,1881.0,12,446,653.0,0,13683.0,2,1,3105,Good,0.68,1
38,Employed,17632.0,608.0,2,339,571.0,5,13208.0,0,1,4546,Excellent,0.749,1
56,Employed,57772.0,3613.0,3,2000,665.0,1,14032.0,1,0,23159,Poor,0.243,0
42,Employed,43117.0,396.0,15,1811,662.0,6,22801.0,4,1,15326,Good,0.529,1
54,Employed,55234.0,338.0,1,833,759.0,6,26651.0,1,0,9455,Average,0.483,0
28,Employed,92504.0,5530.0,11,4802,703.0,2,8274.0,0,1,26754,Excellent,0.089,0
60,Employed,40586.0,933.0,6,2514,801.0,0,28431.0,2,0,14465,Excellent,0.701,0
64,Employed,19632.0,100.0,14,785,770.0,2,299.0,2,0,3226,Excellent,0.015,0
39,Employed,169321.0,10264.0,4,3912,646.0,5,90401.0,0,0,60000,Average,0.534,0
62,Employed,31781.0,3344.0,8,965,545.0,0,45129.0,2,1,18112,Average,1.42,1
61,Employed,30718.0,936.0,3,1173,784.0,4,16370.0,3,0,12282,Excellent,0.533,0
57,Employed,100925.0,4792.0,1,2494,782.0,3,61142.0,3,1,12142,Excellent,0.606,0
26,Employed,44517.0,1409.0,10,989,578.0,3,7380.0,0,0,4376,Excellent,0.166,0
46,Employed,53115.0,1498.0,1,2553,793.0,1,34018.0,1,1,15973,Excellent,0.64,0
54,Self-Employed,71727.0,3231.0,6,863,709.0,4,38732.0,1,1,28432,Excellent,0.54,0
65,Employed,99814.0,5324.0,7,1517,692.0,3,9662.0,2,0,40519,Good,0.097,0
26,Employed,45784.0,1030.0,14,1399,801.0,6,854.0,0,1,1967,Excellent,0.019,0
57,Self-Employed,126888.0,3260.0,8,2459,781.0,1,51298.0,5,0,21153,Average,0.404,0
53,Employed,16990.0,555.0,1,1120,729.0,2,0.0,1,1,7824,Poor,0.0,1
42,Employed,83531.0,2940.0,15,1595,715.0,1,64049.0,0,0,10674,Average,0.767,0
41,Self-Employed,34660.0,1226.0,5,1521,726.0,1,16499.0,0,0,8647,Excellent,0.476,0
26,Employed,116989.0,1572.0,5,2074,650.0,3,18876.0,0,0,36774,Excellent,0.161,1
26,Self-Employed,59469.0,2289.0,6,3725,676.0,4,7270.0,0,0,4051,Excellent,0.122,0
24,Self-Employed,37987.0,3104.0,9,1311,612.0,1,22916.0,6,0,11766,Good,0.603,1
50,Employed,79194.0,2750.0,3,3200,655.0,3,60821.0,1,0,14668,Good,0.768,1
31,Employed,89890.0,4950.0,11,1081,653.0,6,8016.0,5,1,36069,Poor,0.089,0
50,Employed,78286.0,100.0,1,3389,632.0,1,51928.0,3,0,16551,Excellent,0.663,0
51,Employed,31218.0,2000.0,15,961,690.0,1,14832.0,2,0,3871,Average,0.475,0
44,Employed,42145.0,1626.0,3,1686,656.0,2,28144.0,1,1,14826,Excellent,0.668,1
29,Employed,54877.0,1785.0,15,2211,718.0,5,29292.0,1,1,20802,Good,0.534,0
23,Employed,53766.0,3571.0,8,1229,558.0,2,10775.0,0,0,19429,Excellent,0.2,1
51,Employed,83071.0,5957.0,10,1399,671.0,1,31758.0,2,0,19439,Excellent,0.382,0
60,Employed,18158.0,1132.0,15,100,690.0,3,9894.0,2,0,10314,Excellent,0.545,0
57,Employed,66103.0,1298.0,11,3446,657.0,1,10633.0,2,0,34058,Excellent,0.161,1
56,Employed,46892.0,2813.0,3,1957,667.0,0,0.0,2,0,1056,Excellent,0.0,0
44,Self-Employed,34680.0,1342.0,7,100,561.0,2,8508.0,3,0,9328,Good,0.245,1
51,Employed,36560.0,2847.0,9,2829,707.0,2,10119.0,1,0,3233,Good,0.277,1
26,Employed,48878.0,5279.0,8,2854,729.0,2,1509.0,0,0,7337,Excellent,0.031,0
22,Unemployed,15000.0,1198.0,11,346,717.0,2,10465.0,2,0,5828,Excellent,0.698,0
40,Employed,37398.0,3596.0,11,691,758.0,3,10998.0,0,0,1000,Average,0.294,0
48,Employed,33975.0,1077.0,5,488,695.0,6,21339.0,0,0,1670,Excellent,0.628,0
31,Employed,73727.0,100.0,13,3135,716.0,2,39810.0,2,1,19648,Poor,0.54,1
24,Employed,35314.0,100.0,11,1255,692.0,3,28205.0,1,1,15189,Good,0.799,0
35,Employed,48863.0,2007.0,11,815,732.0,2,5287.0,1,0,15298,Excellent,0.108,0
26,Employed,128456.0,3524.0,8,4646,562.0,2,73698.0,0,0,52673,Average,0.574,1
50,Employed,95033.0,2286.0,14,4547,613.0,1,13048.0,0,0,37587,Good,0.137,0
58,Self-Employed,90340.0,5392.0,1,3910,799.0,3,44439.0,1,0,4333,Good,0.492,0
22,Employed,41779.0,3060.0,2,994,495.0,4,15039.0,0,0,12760,Good,0.36,1
35,Employed,74143.0,282.0,13,2951,669.0,2,40257.0,0,0,19894,Good,0.543,0
31,Self-Employed,48361.0,2470.0,12,961,768.0,2,16736.0,0,0,11840,Excellent,0.346,0
28,Employed,49377.0,1699.0,3,2888,673.0,2,7172.0,0,0,8793,Good,0.145,0
46,Self-Employed,68900.0,3537.0,4,2382,650.0,4,37254.0,0,0,20768,Good,0.541,0
65,Employed,39606.0,1309.0,1,1787,690.0,3,31182.0,0,0,13169,Average,0.787,0
64,Self-Employed,125021.0,4146.0,8,2225,654.0,3,23387.0,4,0,53950,Average,0.187,0
25,Employed,50363.0,2392.0,4,1337,682.0,1,40447.0,3,0,11124,Poor,0.803,1
26,Self-Employed,77280.0,2982.0,7,210,629.0,2,11997.0,0,0,29184,Poor,0.155,1
46,Unemployed,122476.0,2795.0,10,6525,763.0,3,67327.0,1,0,12568,Excellent,0.55,0
24,Employed,97003.0,3719.0,2,4679,787.0,4,61181.0,3,0,19494,Good,0.631,0
39,Employed,25341.0,100.0,6,869,670.0,1,2729.0,1,0,13406,Average,0.108,0
40,Employed,70248.0,4753.0,9,1957,576.0,0,18753.0,2,0,6080,Average,0.267,1
53,Employed,87815.0,2069.0,13,1718,641.0,1,15987.0,1,0,5072,Good,0.182,0
40,Employed,89825.0,4382.0,7,3784,666.0,3,24590.0,2,0,17143,Excellent,0.274,0
32,Employed,29815.0,100.0,7,1351,718.0,4,20725.0,2,0,12153,Good,0.695,1
21,Employed,38320.0,579.0,3,1182,604.0,0,18442.0,1,0,13271,Poor,0.481,0
46,Employed,95044.0,4290.0,7,4767,622.0,3,70091.0,1,0,14862,Good,0.737,0
34,Employed,36175.0,1958.0,12,1446,718.0,8,9874.0,1,0,12180,Excellent,0.273,0
58,Employed,46642.0,1957.0,9,1208,750.0,1,19890.0,2,0,19834,Good,0.426,0
57,Employed,130852.0,6560.0,7,2327,633.0,1,44241.0,1,0,17869,Good,0.338,1
31,Employed,53573.0,915.0,2,1089,580.0,1,34906.0,0,0,21532,Average,0.652,1
56,Employed,36878.0,264.0,7,1194,850.0,2,5980.0,3,0,11611,Excellent,0.162,0
33,Employed,33942.0,1313.0,14,1345,739.0,0,25068.0,3,0,6507,Good,0.739,0
63,Employed,66045.0,1419.0,10,969,660.0,6,12760.0,2,0,20960,Excellent,0.193,0
23,Employed,26419.0,1938.0,9,471,745.0,2,11124.0,2,0,5323,Good,0.421,0
53,Employed,48005.0,2889.0,15,1091,671.0,3,17158.0,2,0,14178,Good,0.357,0
26,Self-Employed,66063.0,4326.0,7,778,745.0,3,43642.0,2,0,9444,Average,0.661,0
30,Employed,112378.0,2780.0,1,6171,692.0,5,44725.0,2,0,28459,Good,0.398,0
25,Employed,79399.0,5281.0,7,2917,687.0,3,37078.0,0,1,14381,Good,0.467,0
43,Employed,37136.0,583.0,1,1047,671.0,2,8982.0,0,1,11194,Good,0.242,0
30,Self-Employed,105158.0,4165.0,12,4362,571.0,2,34798.0,0,1,25452,Good,0.331,1
64,Unemployed,46647.0,1991.0,2,2482,825.0,2,7923.0,1,1,19451,Excellent,0.17,0
22,Employed,27874.0,100.0,9,1156,609.0,1,16487.0,0,1,12944,Good,0.591,1
33,Employed,50034.0,2350.0,3,1786,578.0,0,10897.0,0,1,7047,Average,0.218,1
60,Self-Employed,121307.0,7973.0,8,2126,664.0,1,72745.0,1,0,46031,Average,0.6,0
22,Employed,60233.0,1438.0,1,520,608.0,2,30336.0,0,0,21549,Excellent,0.504,1
40,Employed,55380.0,589.0,9,926,676.0,1,8270.0,1,0,9488,Good,0.149,0
21,Employed,135341.0,6631.0,12,1099,732.0,2,66949.0,2,0,18130,Excellent,0.495,0
57,Employed,25030.0,735.0,14,1076,755.0,1,15457.0,0,0,17492,Excellent,0.618,0
29,Unemployed,27120.0,3306.0,13,909,741.0,1,20613.0,0,1,3629,Poor,0.76,0
37,Unemployed,22615.0,762.0,15,850,657.0,2,14401.0,1,1,2529,Poor,0.637,0
29,Self-Employed,67511.0,3043.0,10,1079,,3,8325.0,4,0,26971,Excellent,0.123,1
31,Employed,60274.0,1765.0,6,1236,711.0,3,45010.0,2,0,24106,Good,0.747,0
35,Self-Employed,128488.0,4428.0,1,1837,548.0,0,47281.0,0,0,6491,Excellent,0.368,0
44,Employed,62881.0,3098.0,7,3083,723.0,5,35230.0,2,0,15904,Average,0.56,0
58,Employed,44038.0,100.0,12,1215,571.0,5,8652.0,1,0,14871,Good,0.196,1
55,Self-Employed,55054.0,100.0,5,1819,833.0,2,5198.0,5,1,18221,Good,0.094,0
50,Employed,58678.0,3406.0,5,1305,650.0,3,28890.0,1,1,21580,Good,0.492,1
51,Employed,21930.0,2053.0,13,1148,666.0,4,4319.0,2,0,1000,Good,0.197,1
25,Employed,200000.0,4902.0,9,10060,622.0,0,120000.0,0,0,58682,Good,0.6,0
64,Self-Employed,73205.0,2400.0,15,3404,633.0,1,4212.0,1,0,23661,Average,0.058,1
34,Employed,61734.0,1258.0,6,2630,850.0,3,15221.0,1,0,7413,Average,0.247,0
31,Employed,77144.0,1814.0,9,2547,751.0,3,3166.0,1,0,30724,Good,0.041,0
29,Employed,81248.0,3946.0,12,1840,564.0,2,18436.0,4,1,18129,Average,0.227,1
54,Self-Employed,50908.0,2183.0,2,1663,793.0,0,20423.0,2,0,14844,Good,0.401,0
32,Self-Employed,38867.0,980.0,4,654,769.0,4,16188.0,3,0,1000,Good,0.416,0
55,Employed,76480.0,4170.0,15,2969,659.0,1,17169.0,2,1,11321,Excellent,0.224,1
55,Employed,67998.0,1846.0,13,1403,703.0,1,13004.0,1,0,17485,Good,0.191,0
21,Employed,35230.0,1195.0,6,100,679.0,5,3439.0,2,0,9245,Excellent,0.098,0
60,Unemployed,120037.0,6276.0,3,4082,828.0,4,21883.0,2,0,14894,Poor,0.182,0
42,Employed,64630.0,1877.0,10,3292,620.0,0,36647.0,2,0,1062,Good,0.567,1
49,Unemployed,82165.0,649.0,12,461,691.0,2,45459.0,0,0,24431,Average,0.553,0
28,Employed,118260.0,3962.0,10,5219,648.0,3,57510.0,1,0,16883,Good,0.486,0
31,Self-Employed,55666.0,2670.0,3,2614,573.0,1,45840.0,0,0,3906,Excellent,0.823,1
61,Self-Employed,65474.0,3732.0,13,100,844.0,1,44522.0,1,1,31901,Average,0.68,0
57,Self-Employed,85871.0,2701.0,12,1192,591.0,3,25515.0,0,0,3607,Average,0.297,0
34,Unemployed,36917.0,247.0,10,118,697.0,3,3002.0,1,0,9314,Good,0.081,0
50,Employed,56660.0,3530.0,10,654,549.0,2,37544.0,0,0,1000,Good,0.663,1
55,Employed,58932.0,3044.0,15,2319,650.0,0,27749.0,2,0,28693,Excellent,0.471,1
41,Employed,32508.0,2400.0,1,1260,712.0,3,7250.0,0,1,6073,Excellent,0.223,0
57,Self-Employed,196770.0,,5,6997,618.0,0,94807.0,2,1,24303,Excellent,0.482,0
25,Employed,25364.0,1514.0,6,1116,724.0,1,10536.0,2,0,14933,Good,0.415,0
39,Employed,26934.0,2470.0,4,170,660.0,4,18424.0,1,0,7343,Good,0.684,0
34,Employed,113313.0,100.0,13,3646,767.0,3,31205.0,1,0,53231,Excellent,0.275,0
46,Employed,81421.0,5405.0,14,3663,782.0,3,61507.0,2,1,24709,Excellent,0.755,0
24,Employed,31282.0,3176.0,9,538,636.0,1,27525.0,3,0,4966,Poor,0.88,1
45,Employed,76811.0,2904.0,6,1713,686.0,3,16854.0,2,0,20620,Good,0.219,0
65,Self-Employed,123304.0,1997.0,3,5579,694.0,1,84697.0,1,0,23418,Good,0.687,0
62,Employed,54092.0,1813.0,14,1859,726.0,0,34497.0,2,0,22108,Good,0.638,0
45,Employed,200000.0,12012.0,7,10808,681.0,1,8017.0,2,0,55227,Good,0.04,0
38,Employed,21308.0,100.0,5,100,694.0,2,12698.0,1,1,4978,Excellent,0.596,0
60,Employed,80555.0,3189.0,9,2628,662.0,2,19229.0,0,0,9865,Good,0.239,0
28,Self-Employed,104472.0,1166.0,11,1404,689.0,4,50838.0,2,0,27122,Poor,0.487,1
59,Unemployed,89799.0,5692.0,5,1299,777.0,3,63778.0,1,0,20956,Good,0.71,0
60,Employed,49153.0,3485.0,11,612,728.0,2,21927.0,2,1,20310,Excellent,0.446,0
34,Self-Employed,46880.0,2090.0,7,3281,733.0,5,12415.0,2,0,1000,Average,0.265,1
52,Self-Employed,70219.0,884.0,6,2899,734.0,4,50057.0,3,0,25597,Good,0.713,1
58,Self-Employed,86142.0,2484.0,12,1344,668.0,2,62640.0,0,0,9834,Average,0.727,0
53,Employed,76607.0,2738.0,10,2072,704.0,2,8117.0,2,1,1999,Good,0.106,0
43,Unemployed,97452.0,2687.0,14,1708,599.0,0,74094.0,2,0,15020,Average,0.76,0
35,Employed,31405.0,1896.0,3,707,775.0,2,5602.0,2,0,13531,Poor,0.178,0
53,Employed,48524.0,4044.0,10,1573,471.0,3,15718.0,2,0,12286,Good,0.324,1
45,Employed,32797.0,3209.0,7,1026,673.0,0,14721.0,3,0,7574,Average,0.449,0
37,Employed,44477.0,2132.0,4,1122,766.0,1,22694.0,1,0,15880,Average,0.51,0
53,Employed,96130.0,7737.0,6,1373,578.0,1,56056.0,1,0,10490,Good,0.583,1
22,Employed,58365.0,1345.0,6,2795,710.0,3,0.0,3,0,15877,Average,0.0,0
34,Employed,200000.0,2336.0,3,9946,629.0,2,26833.0,2,0,60000,Good,0.134,0
60,Self-Employed,61173.0,3099.0,2,1519,652.0,3,39332.0,0,0,21941,Good,0.643,0
60,Self-Employed,56836.0,3883.0,3,1980,751.0,1,5372.0,1,0,13298,Average,0.095,0
59,Employed,58308.0,1646.0,8,2377,695.0,4,5043.0,0,0,4798,Good,0.086,0
26,Self-Employed,38727.0,2662.0,1,1498,527.0,1,25243.0,4,0,20659,Good,0.652,1
26,Self-Employed,53278.0,3497.0,11,536,607.0,1,28905.0,0,0,20872,Good,0.543,1
23,Self-Employed,102270.0,2729.0,3,5398,753.0,1,35121.0,1,0,30311,Excellent,0.343,0
27,Employed,58558.0,4228.0,6,1654,714.0,1,14929.0,1,1,5344,Excellent,0.255,0
28,Self-Employed,35550.0,1434.0,13,100,811.0,2,22594.0,1,0,13844,Excellent,0.636,0
62,Unemployed,33067.0,1947.0,13,769,806.0,1,21580.0,0,0,8587,Average,0.653,0
35,Self-Employed,42936.0,1953.0,12,1566,654.0,4,0.0,1,0,8310,Excellent,0.0,0
49,Employed,57280.0,1284.0,12,720,850.0,3,23470.0,3,1,26012,Excellent,0.41,0
53,Employed,106039.0,2232.0,7,4400,682.0,0,19759.0,4,1,28538,Good,0.186,0
50,Employed,26313.0,553.0,12,494,608.0,3,18996.0,3,0,2835,Good,0.722,1
59,Employed,46128.0,100.0,10,915,632.0,3,18598.0,1,0,22390,Average,0.403,1
47,Employed,59543.0,5094.0,12,3557,511.0,4,25140.0,2,0,29555,Excellent,0.422,1
56,Employed,20061.0,2150.0,4,129,801.0,1,8627.0,0,0,5558,Poor,0.43,0
49,Self-Employed,34773.0,2481.0,8,701,800.0,4,22700.0,2,1,8335,Average,0.653,0
58,Self-Employed,37841.0,1159.0,13,1555,604.0,2,17211.0,1,0,1000,Good,0.455,1
53,Employed,35501.0,644.0,11,1270,663.0,1,20851.0,0,0,10175,Excellent,0.587,0
57,Unemployed,61122.0,1425.0,8,3840,687.0,3,34936.0,1,0,27422,Excellent,0.572,0
47,Employed,50351.0,100.0,14,2482,608.0,6,12291.0,1,0,18575,Excellent,0.244,0
53,Employed,40525.0,415.0,4,252,548.0,4,10072.0,2,0,1136,Excellent,0.249,1
24,Self-Employed,69596.0,1762.0,4,2163,664.0,2,28207.0,3,0,19629,Average,0.405,1
42,Self-Employed,141886.0,2716.0,11,6274,656.0,0,56064.0,4,0,30052,Poor,0.395,1
22,Unemployed,135494.0,6569.0,13,3877,651.0,3,48330.0,1,0,13548,Average,0.357,1
30,Employed,19102.0,100.0,14,170,697.0,2,5544.0,1,0,9921,Average,0.29,0
25,Self-Employed,75545.0,5134.0,5,4784,787.0,2,33255.0,0,1,7206,Poor,0.44,0
30,Employed,49870.0,2693.0,3,1733,657.0,3,32447.0,3,0,18421,Excellent,0.651,1
53,Self-Employed,59900.0,2155.0,13,2210,693.0,1,20593.0,0,0,12356,Excellent,0.344,0
58,Self-Employed,44180.0,100.0,6,888,735.0,1,7881.0,1,0,10451,Average,0.178,0
33,Employed,58675.0,2062.0,13,2073,722.0,1,9507.0,2,0,15257,Good,0.162,0
51,Employed,59776.0,2141.0,9,1598,634.0,4,44673.0,1,0,7246,Excellent,0.747,0
56,Self-Employed,40001.0,2320.0,2,1085,687.0,1,4548.0,1,0,14617,Excellent,0.114,0
65,Employed,33593.0,2314.0,3,1540,721.0,3,3567.0,1,0,1000,Good,0.106,0
44,Employed,42972.0,,10,817,595.0,4,0.0,1,0,18487,Good,0.0,1
35,Self-Employed,62563.0,1767.0,15,3130,775.0,1,17963.0,1,0,18423,Average,0.287,0
49,Employed,76461.0,430.0,11,1163,787.0,2,33412.0,0,1,18066,Good,0.437,0
28,Self-Employed,87942.0,3635.0,1,2960,626.0,1,6974.0,0,0,15370,Average,0.079,0
25,Employed,41910.0,3258.0,6,1510,695.0,2,16110.0,2,0,6537,Average,0.384,0
49,Employed,64293.0,2409.0,11,215,728.0,2,25461.0,2,0,16112,Excellent,0.396,0
24,Self-Employed,93383.0,3638.0,11,2787,639.0,2,55535.0,4,0,32083,Average,0.595,1
32,Employed,104419.0,5729.0,3,3266,716.0,2,63453.0,0,0,26783,Excellent,0.608,0
65,Employed,53249.0,100.0,1,2267,692.0,0,24919.0,1,1,16035,Good,0.468,0
22,Self-Employed,48707.0,3015.0,14,1336,570.0,1,14968.0,2,0,20847,Good,0.307,1
47,Employed,61096.0,396.0,13,1643,714.0,0,14699.0,1,0,15872,Average,0.241,0
51,Employed,29224.0,1533.0,7,422,597.0,4,15684.0,0,0,17906,Good,0.537,1
56,Employed,49444.0,1815.0,15,2693,750.0,3,14835.0,0,0,23551,Poor,0.3,0
56,Self-Employed,82835.0,2831.0,12,4917,630.0,2,20559.0,3,0,34158,Excellent,0.248,0
46,Self-Employed,78289.0,575.0,6,1099,668.0,2,53279.0,4,0,26911,Good,0.681,0
63,Self-Employed,47403.0,2579.0,10,681,783.0,1,34470.0,1,0,13775,Good,0.727,0
47,Employed,61997.0,2110.0,10,3779,717.0,3,53898.0,3,0,22448,Excellent,0.869,0
25,Self-Employed,34945.0,2144.0,15,2207,599.0,8,19630.0,2,0,12497,Excellent,0.562,1
40,Employed,80984.0,3148.0,7,2478,604.0,2,57350.0,3,0,7634,Excellent,0.708,0
31,Self-Employed,52696.0,1184.0,7,2392,635.0,1,24774.0,5,0,8188,Excellent,0.47,1
30,Employed,47255.0,100.0,2,2209,710.0,2,18831.0,0,0,8538,Excellent,0.398,0
60,Self-Employed,45078.0,599.0,4,2790,707.0,4,28834.0,2,0,6496,Average,0.64,1
58,Self-Employed,53130.0,1480.0,5,1657,617.0,2,40440.0,1,0,17315,Average,0.761,0
26,Employed,42991.0,2317.0,9,1099,592.0,2,10503.0,0,0,21068,Excellent,0.244,0
28,Employed,78989.0,315.0,11,4159,701.0,2,24340.0,0,0,27476,Poor,0.308,0
43,Self-Employed,44253.0,1880.0,11,1600,666.0,2,5376.0,2,0,17751,Average,0.121,0
46,Employed,132087.0,6533.0,8,6325,842.0,4,97326.0,3,0,18968,Good,0.737,0
63,Unemployed,123125.0,4518.0,8,5029,683.0,4,58460.0,1,0,47331,Excellent,0.475,0
32,Employed,33683.0,2138.0,13,1418,816.0,3,6281.0,2,1,6207,Average,0.186,0
46,Employed,57149.0,3378.0,9,1123,592.0,2,27528.0,1,0,26824,Good,0.482,0
33,Employed,38454.0,100.0,7,3076,562.0,0,38050.0,3,0,11337,Good,0.989,1
60,Employed,45956.0,1683.0,14,284,596.0,4,23792.0,3,0,19272,Excellent,0.518,1
38,Unemployed,165450.0,5025.0,11,5977,769.0,1,50413.0,2,0,60000,Excellent,0.305,0
45,Employed,46440.0,1125.0,6,2066,812.0,1,13570.0,0,0,8767,Good,0.292,0
53,Self-Employed,67051.0,3637.0,9,3689,621.0,2,6633.0,0,0,6190,Average,0.099,0
60,Employed,74074.0,6288.0,5,3618,645.0,3,7114.0,2,1,36912,Excellent,0.096,1
63,Employed,31721.0,1444.0,5,485,592.0,3,10616.0,1,0,5255,Good,0.335,1
32,Employed,34365.0,2154.0,13,100,544.0,3,11316.0,1,0,18779,Average,0.329,1
64,Employed,28333.0,1641.0,3,1198,734.0,1,0.0,1,0,4275,Excellent,0.0,0
56,Unemployed,33786.0,100.0,9,708,697.0,2,4272.0,1,0,2949,Average,0.126,1
24,Employed,15000.0,100.0,2,1161,681.0,1,1582.0,0,0,2234,Good,0.105,0
25,Employed,74207.0,3837.0,10,2322,575.0,2,60708.0,3,0,22681,Average,0.818,1
57,Employed,170228.0,11316.0,3,2619,803.0,2,35755.0,2,0,12540,Good,0.21,0
28,Employed,59658.0,4093.0,4,707,642.0,1,4914.0,1,0,18130,Average,0.082,0
62,Employed,25239.0,734.0,12,721,720.0,4,4164.0,0,0,4682,Good,0.165,0
48,Self-Employed,38621.0,2617.0,13,1997,571.0,1,6376.0,2,0,7503,Excellent,0.165,1
51,Employed,42732.0,3478.0,1,1144,666.0,3,4927.0,0,1,15810,Excellent,0.115,1
29,Employed,31427.0,215.0,2,2338,702.0,0,5239.0,0,0,1719,Excellent,0.167,0
49,Employed,88273.0,2929.0,5,4694,705.0,2,53248.0,1,1,15399,Excellent,0.603,0
34,Unemployed,85882.0,1466.0,6,947,692.0,2,10896.0,1,0,23024,Average,0.127,0
60,Employed,29132.0,1489.0,6,1308,717.0,3,12255.0,3,0,18897,Good,0.421,0
61,Employed,81952.0,3171.0,3,2334,595.0,1,53357.0,0,0,13220,Excellent,0.651,0
42,Employed,127368.0,1613.0,4,4130,695.0,1,33962.0,1,0,35400,Good,0.267,0
31,Employed,156607.0,10257.0,15,2873,689.0,5,100754.0,1,0,60000,Excellent,0.643,0
43,Employed,200000.0,5329.0,11,4284,697.0,2,28663.0,0,0,59727,Excellent,0.143,0
21,Employed,33490.0,2113.0,9,871,685.0,1,4014.0,1,0,6182,Good,0.12,0
57,Self-Employed,200000.0,8943.0,1,10318,585.0,2,71758.0,1,0,60000,Good,0.359,1
41,Employed,45264.0,951.0,9,580,581.0,2,21073.0,1,0,21924,Excellent,0.466,0
46,Self-Employed,39705.0,1012.0,8,669,514.0,2,26444.0,2,0,11446,Excellent,0.666,0
56,Employed,65840.0,100.0,4,2864,741.0,4,4762.0,4,0,20303,Good,0.072,0
43,Employed,39933.0,1469.0,4,896,742.0,0,18260.0,1,0,7206,Average,0.457,0
21,Employed,68498.0,3432.0,5,3830,743.0,1,39161.0,0,0,12102,Average,0.572,0
60,Employed,26610.0,151.0,11,1999,703.0,4,0.0,1,0,4190,Excellent,0.0,0
35,Self-Employed,48232.0,773.0,10,693,520.0,3,31111.0,0,0,7754,Average,0.645,1
41,Employed,111542.0,7203.0,2,2348,603.0,2,38393.0,1,1,14621,Excellent,0.344,0
29,Employed,53301.0,100.0,7,800,693.0,4,25502.0,2,1,6122,Average,0.478,0
29,Employed,59454.0,995.0,2,2894,690.0,1,39242.0,0,0,1666,Average,0.66,0
30,Unemployed,71431.0,1311.0,7,3743,663.0,3,25788.0,0,1,6653,Excellent,0.361,1
46,Employed,104710.0,6913.0,12,6221,708.0,2,38830.0,0,1,6272,Excellent,0.371,1
61,Unemployed,22131.0,508.0,5,100,681.0,2,3194.0,3,0,9481,Good,0.144,0
55,Employed,75855.0,5473.0,7,3245,689.0,0,17669.0,2,0,31907,Good,0.233,0
45,Employed,47459.0,389.0,15,2637,632.0,1,2339.0,6,1,18333,Good,0.049,1
46,Employed,60279.0,322.0,1,1237,754.0,2,47075.0,1,0,25517,Good,0.781,0
31,Employed,98525.0,1532.0,9,2775,648.0,3,27209.0,2,0,29948,Good,0.276,0
58,Employed,28518.0,1387.0,13,1265,580.0,2,0.0,2,0,8613,Average,0.0,1
22,Employed,31512.0,1917.0,4,1689,622.0,3,1465.0,0,0,11143,Excellent,0.046,1
27,Unemployed,18970.0,1533.0,10,100,654.0,3,7037.0,0,0,2476,Excellent,0.371,0
38,Self-Employed,40662.0,423.0,11,1704,755.0,2,1781.0,2,1,4130,Good,0.044,0
47,Self-Employed,114328.0,6968.0,14,3898,677.0,5,36088.0,1,0,37537,Good,0.316,1
54,Employed,51471.0,1032.0,14,2370,666.0,0,7874.0,0,0,4336,Excellent,0.153,0
47,Employed,26318.0,1566.0,15,440,586.0,3,0.0,2,0,1000,Excellent,0.0,1
37,Employed,42107.0,100.0,8,1920,739.0,1,24867.0,3,0,5514,Good,0.591,1
63,Self-Employed,24264.0,2000.0,6,952,631.0,1,21869.0,2,0,10951,Average,0.901,1
64,Unemployed,29621.0,2357.0,4,2452,672.0,3,8255.0,0,0,1250,Excellent,0.279,1
44,Employed,68114.0,1308.0,10,393,791.0,0,38997.0,0,1,2098,Good,0.573,0
45,Employed,28838.0,500.0,8,1251,718.0,5,6477.0,1,0,5361,Good,0.225,0
27,Employed,101421.0,4527.0,9,4001,558.0,2,68881.0,0,0,43107,Good,0.679,1
26,Employed,52890.0,2996.0,5,2117,547.0,2,5708.0,2,0,8162,Good,0.108,0
44,Employed,,2347.0,13,2606,675.0,1,32304.0,2,0,21843,Excellent,0.56,0
53,Employed,47192.0,3082.0,10,1511,589.0,2,31479.0,0,0,7911,Good,0.667,1
49,Self-Employed,84133.0,2756.0,8,2666,729.0,4,46326.0,0,0,10634,Poor,0.551,1
63,Employed,84612.0,4523.0,4,1433,683.0,5,56423.0,2,0,10893,Good,0.667,1
42,Employed,66129.0,5201.0,10,3408,692.0,0,29045.0,1,0,23707,Poor,0.439,0
46,Unemployed,75036.0,3218.0,4,1972,627.0,0,13025.0,1,0,33563,Poor,0.174,1
48,Employed,48944.0,3613.0,9,2611,811.0,1,25482.0,2,0,12425,Good,0.521,0
41,Employed,74110.0,2973.0,7,3095,850.0,2,23231.0,1,0,6298,Good,0.313,0
27,Employed,45673.0,1335.0,5,1288,659.0,3,0.0,0,0,12820,Average,0.0,0
37,Employed,55068.0,3095.0,7,877,706.0,1,24930.0,0,0,1000,Average,0.453,0
40,Employed,47289.0,2084.0,15,1888,687.0,3,25413.0,1,0,18454,Good,0.537,0
61,Self-Employed,42771.0,1445.0,14,1258,661.0,0,208.0,1,0,2286,Excellent,0.005,0
40,Employed,37650.0,141.0,12,1239,618.0,2,24619.0,0,0,1683,Average,0.654,0
42,Employed,71134.0,3644.0,1,698,599.0,2,32315.0,2,0,22307,Average,0.454,1
48,Employed,113088.0,2113.0,11,5665,595.0,3,15997.0,1,0,49658,Excellent,0.141,0
60,Employed,104736.0,3747.0,2,3903,710.0,2,38716.0,2,1,1698,Good,0.37,1
27,Self-Employed,27556.0,2092.0,4,528,641.0,3,24360.0,2,0,7332,Average,0.884,0
21,Self-Employed,111765.0,5985.0,10,2267,487.0,6,76718.0,1,0,10570,Good,0.686,1
52,Employed,46171.0,3055.0,2,1256,713.0,4,12766.0,1,0,1000,Excellent,0.276,0
33,Self-Employed,76534.0,3546.0,13,2523,677.0,3,21383.0,3,0,29953,Good,0.279,0
50,Employed,33412.0,970.0,6,2128,,1,1346.0,1,0,11972,Good,0.04,0
43,Unemployed,59467.0,2834.0,2,2301,708.0,4,2777.0,1,0,1000,Excellent,0.047,0
39,Employed,65358.0,3336.0,8,2736,569.0,2,15594.0,1,0,33839,Excellent,0.239,0
52,Unemployed,24308.0,1660.0,11,819,513.0,2,19296.0,1,0,2850,Good,0.794,1
50,Self-Employed,76852.0,4235.0,7,1685,626.0,2,51962.0,3,1,23030,Good,0.676,1
49,Employed,115307.0,1722.0,15,2240,633.0,2,76122.0,2,0,29413,Excellent,0.66,0
65,Employed,49963.0,685.0,15,992,751.0,1,14643.0,1,0,5202,Good,0.293,0
49,Unemployed,116213.0,1431.0,5,4857,679.0,1,13225.0,2,0,28174,Excellent,0.114,1
50,Self-Employed,49551.0,3615.0,10,1131,765.0,2,25077.0,1,0,6223,Excellent,0.506,0
36,Employed,87760.0,2153.0,11,2840,581.0,4,43503.0,1,0,13309,Excellent,0.496,1
60,Self-Employed,16234.0,100.0,12,850,752.0,3,3336.0,1,1,6392,Average,0.205,0
39,Employed,200000.0,4911.0,1,4537,734.0,0,113913.0,4,0,22611,Poor,0.57,1
38,Employed,125190.0,4475.0,11,5339,529.0,4,70130.0,1,0,26701,Excellent,0.56,1
21,Employed,47030.0,923.0,8,1327,779.0,1,25860.0,1,0,14350,Good,0.55,0
34,Employed,18591.0,637.0,4,100,687.0,3,12270.0,0,0,10135,Excellent,0.66,0
22,Self-Employed,64441.0,1723.0,4,2471,709.0,3,41451.0,2,0,17675,Good,0.643,0
48,Employed,24858.0,100.0,4,652,615.0,1,5458.0,3,0,6138,Good,0.22,1
50,Self-Employed,70246.0,1625.0,1,1404,776.0,2,34154.0,0,0,27300,Good,0.486,0
58,Employed,68972.0,414.0,10,2280,591.0,6,15925.0,1,0,25767,Average,0.231,0
24,Employed,32772.0,802.0,10,1598,742.0,3,913.0,4,1,7480,Good,0.028,0
21,Employed,101887.0,1008.0,15,4356,742.0,2,2004.0,2,0,37452,Good,0.02,0
28,Employed,85661.0,7732.0,2,4187,607.0,3,12865.0,0,0,1000,Excellent,0.15,0
49,Employed,94070.0,6196.0,14,3679,829.0,1,70262.0,4,1,27141,Good,0.747,0
59,Employed,55269.0,456.0,11,1465,697.0,1,30835.0,1,0,12536,Good,0.558,0
23,Employed,25249.0,100.0,7,1433,729.0,0,23909.0,1,0,12598,Average,0.947,1
52,Employed,94176.0,2706.0,1,3165,565.0,5,9980.0,2,0,20814,Excellent,0.106,1
30,Employed,47400.0,1894.0,5,1993,839.0,4,13519.0,2,0,9152,Average,0.285,0
30,Employed,25609.0,838.0,9,457,588.0,3,4552.0,1,1,8401,Excellent,0.178,1
39,Self-Employed,115695.0,2281.0,8,5506,757.0,4,41757.0,1,0,17525,Average,0.361,0
54,Unemployed,174514.0,4631.0,8,6133,605.0,2,84860.0,2,0,39125,Good,0.486,0
53,Employed,53766.0,684.0,14,1593,634.0,0,15700.0,1,0,18078,Good,0.292,0
43,Employed,180341.0,4807.0,5,6963,739.0,3,116573.0,0,0,22381,Excellent,0.646,0
48,Employed,57833.0,3774.0,4,1389,757.0,2,17567.0,2,0,19378,Poor,0.304,0
52,Unemployed,44616.0,2452.0,10,107,585.0,1,28847.0,2,0,12958,Average,0.647,1
27,Employed,38884.0,1815.0,13,1606,762.0,2,7833.0,2,0,12791,Good,0.201,0
49,Employed,135332.0,11323.0,2,4435,758.0,2,77899.0,5,0,54372,Average,0.576,0
28,Employed,35811.0,564.0,1,492,610.0,2,18783.0,2,0,10203,Poor,0.525,1
21,Employed,82412.0,5908.0,2,2540,800.0,0,30417.0,2,0,25826,Good,0.369,0
23,Employed,40439.0,4181.0,7,576,571.0,3,4797.0,2,0,8896,Good,0.119,1
44,Self-Employed,42699.0,3949.0,6,1722,633.0,6,11323.0,4,1,8101,Excellent,0.265,1
43,Employed,96928.0,3276.0,7,3062,716.0,4,64145.0,2,0,15003,Good,0.662,0
28,Employed,44626.0,100.0,15,2576,616.0,1,4355.0,3,0,11761,Excellent,0.098,0
57,Employed,44022.0,888.0,10,100,700.0,4,25827.0,0,0,15910,Average,0.587,0
23,Employed,102553.0,3217.0,14,3217,698.0,3,41687.0,2,0,36521,Good,0.406,0
53,Unemployed,132410.0,3985.0,3,3464,666.0,1,44650.0,3,1,46632,Excellent,0.337,1
48,Employed,78407.0,2485.0,5,2809,742.0,1,53509.0,3,0,39041,Poor,0.682,0
28,Self-Employed,38367.0,2564.0,3,1497,663.0,2,18388.0,1,0,8646,Good,0.479,0
54,Employed,41533.0,900.0,9,1126,697.0,4,25006.0,3,0,15250,Average,0.602,1
55,Employed,57471.0,2439.0,15,2359,766.0,3,21699.0,0,0,2358,Good,0.378,0
52,Unemployed,65618.0,1806.0,15,1403,739.0,2,12457.0,0,0,26877,Good,0.19,0
44,Employed,31945.0,872.0,8,433,739.0,2,17409.0,2,0,7982,Good,0.545,0
34,Self-Employed,81859.0,3562.0,7,3979,594.0,0,51756.0,1,0,33697,Average,0.632,1
52,Employed,57649.0,2345.0,6,1822,719.0,1,35603.0,2,0,22265,Good,0.618,0
63,Self-Employed,21406.0,503.0,14,448,614.0,1,2005.0,2,0,4718,Good,0.094,0
36,Employed,32997.0,1979.0,4,781,584.0,2,2725.0,2,0,8238,Good,0.083,1
24,Employed,41682.0,742.0,4,1456,675.0,3,16258.0,3,0,13959,Excellent,0.39,0
57,Self-Employed,52840.0,1560.0,2,439,612.0,2,13854.0,1,0,17305,Average,0.262,1
41,Unemployed,155467.0,1986.0,12,3349,739.0,2,25471.0,1,1,12045,Excellent,0.164,0
34,Unemployed,62698.0,4952.0,11,2465,741.0,1,14914.0,3,0,1000,Poor,0.238,0
51,Self-Employed,34637.0,2479.0,15,654,537.0,3,22190.0,1,0,1000,Average,0.641,1
38,Self-Employed,62096.0,3146.0,6,1648,618.0,1,34916.0,2,0,8606,Good,0.562,1
27,Employed,45317.0,4086.0,6,348,571.0,3,30011.0,0,1,5357,Average,0.662,1
30,Employed,65756.0,4067.0,10,3745,645.0,2,49329.0,5,0,14666,Good,0.75,0
27,Employed,75690.0,3662.0,2,3231,714.0,3,20640.0,1,0,8421,Good,0.273,0
53,Employed,106955.0,3995.0,7,4447,662.0,3,75587.0,2,0,25351,Good,0.707,0
43,Employed,54270.0,2502.0,13,1990,636.0,5,17407.0,0,1,4497,Good,0.321,1
41,Employed,135472.0,5567.0,10,5027,778.0,3,101723.0,1,0,53190,Average,0.751,0
39,Employed,90626.0,2098.0,15,1919,507.0,1,10918.0,2,0,25627,Good,0.12,1
39,Self-Employed,37272.0,566.0,4,100,773.0,0,5766.0,1,0,1000,Good,0.155,0
56,Employed,185444.0,3018.0,13,3721,639.0,1,104349.0,2,0,40912,Excellent,0.563,0
49,Employed,65837.0,1627.0,6,2743,674.0,1,49179.0,3,0,20117,Poor,0.747,0
38,Employed,34744.0,1959.0,11,2207,640.0,3,16941.0,4,0,8726,Excellent,0.488,1
22,Self-Employed,136515.0,5071.0,12,7052,796.0,0,76062.0,2,0,52399,Average,0.557,0
21,Self-Employed,172451.0,6482.0,12,8326,588.0,0,52400.0,2,0,60000,Excellent,0.304,0
25,Employed,54010.0,2646.0,6,945,681.0,1,34074.0,1,0,14759,Good,0.631,0
40,Employed,41693.0,1286.0,7,2543,720.0,3,25078.0,4,0,11704,Good,0.601,0
31,Employed,50025.0,2899.0,12,647,559.0,5,25639.0,1,0,6812,Average,0.513,1
62,Employed,81486.0,4674.0,3,2712,611.0,3,44589.0,1,0,9710,Average,0.547,1
22,Employed,111069.0,4905.0,15,6037,669.0,2,12113.0,0,0,13528,Excellent,0.109,0
23,Employed,75271.0,1757.0,5,3226,614.0,1,37548.0,1,1,32862,Average,0.499,1
43,Employed,58165.0,3671.0,5,2784,619.0,5,25649.0,2,0,14921,Average,0.441,1
32,Employed,125366.0,3465.0,4,2188,654.0,0,98460.0,1,0,23316,Excellent,0.785,0
40,Unemployed,46306.0,3256.0,10,2552,729.0,2,11594.0,3,1,18879,Excellent,0.25,0
25,Unemployed,96964.0,820.0,10,3325,654.0,3,52162.0,2,0,13330,Excellent,0.538,1
57,Employed,46941.0,330.0,14,1533,761.0,4,42171.0,0,0,10276,Good,0.898,0
58,Employed,69714.0,2123.0,12,1447,605.0,4,10298.0,2,0,31645,Poor,0.148,1
50,Employed,51670.0,3357.0,10,452,586.0,0,11015.0,3,0,4344,Excellent,0.213,1
29,Employed,53336.0,4203.0,11,1988,824.0,4,19368.0,1,0,15179,Poor,0.363,0
54,Unemployed,,2931.0,7,698,631.0,0,12309.0,0,0,1000,Good,0.275,0
64,Employed,115238.0,1682.0,5,5990,582.0,2,31672.0,3,0,35020,Average,0.275,1
55,Self-Employed,36753.0,2509.0,3,1230,549.0,3,17847.0,0,0,4161,Good,0.486,1
42,Employed,36606.0,100.0,4,1416,761.0,3,13392.0,1,0,15193,Excellent,0.366,0
64,Unemployed,176599.0,6767.0,2,4630,654.0,3,21347.0,0,0,35947,Average,0.121,1
44,Employed,94174.0,4440.0,12,2453,661.0,5,26548.0,2,0,12104,Excellent,0.282,0
37,Self-Employed,15000.0,936.0,3,100,668.0,0,0.0,1,0,4980,Excellent,0.0,0
30,Employed,40304.0,1887.0,5,509,756.0,3,5805.0,1,0,4821,Good,0.144,0
50,Employed,20302.0,1447.0,15,635,667.0,3,2199.0,0,0,11057,Good,0.108,0
43,Employed,32605.0,1339.0,1,2603,850.0,3,16603.0,0,0,6692,Average,0.509,0
52,Employed,15000.0,763.0,12,643,690.0,1,4630.0,0,1,1000,Excellent,0.309,1
37,Unemployed,51008.0,3885.0,12,1827,760.0,6,0.0,1,0,14904,Average,0.0,0
37,Unemployed,29349.0,3403.0,4,396,740.0,2,6045.0,2,0,6795,Good,0.206,0
34,Self-Employed,56842.0,761.0,12,2546,677.0,0,29228.0,1,0,20587,Good,0.514,0
29,Employed,22500.0,1658.0,5,733,636.0,2,4192.0,1,0,1000,Good,0.186,0
60,Self-Employed,57566.0,3856.0,15,812,705.0,0,24074.0,1,1,23726,Excellent,0.418,0
22,Employed,43778.0,4067.0,5,2374,718.0,3,28585.0,1,1,13264,Good,0.653,0
65,Employed,125638.0,8607.0,8,5912,637.0,1,27211.0,0,0,14284,Good,0.217,1
45,Employed,119531.0,7868.0,3,6007,692.0,2,34485.0,0,0,14508,Good,0.289,0
59,Employed,84713.0,595.0,9,2753,773.0,2,48924.0,0,0,39813,Excellent,0.578,0
29,Employed,45957.0,1272.0,4,1358,835.0,4,5928.0,1,1,9451,Average,0.129,0
42,Employed,163906.0,6456.0,11,6494,744.0,5,20531.0,2,0,55035,Good,0.125,0
63,Employed,23410.0,589.0,13,1483,820.0,0,5483.0,0,0,6004,Good,0.234,0
24,Self-Employed,25416.0,3309.0,10,100,633.0,3,15090.0,1,0,12026,Average,0.594,1
46,Employed,52523.0,1783.0,14,2310,733.0,2,36164.0,2,0,9556,Poor,0.689,0
49,Employed,190006.0,6747.0,15,4935,780.0,3,40203.0,4,0,16323,Good,0.212,0
65,Employed,49208.0,727.0,13,1933,613.0,3,13033.0,3,0,16680,Excellent,0.265,1
54,Employed,49727.0,599.0,5,1410,644.0,3,1566.0,0,0,18192,Good,0.031,0
43,Employed,24885.0,2224.0,2,100,810.0,1,7533.0,2,0,5644,Poor,0.303,0
57,Employed,92536.0,2165.0,2,2436,607.0,2,19118.0,1,0,1000,Excellent,0.207,1
31,Employed,92905.0,2918.0,11,1290,579.0,1,15711.0,0,0,18934,Excellent,0.169,1
26,Self-Employed,84887.0,3933.0,9,4507,795.0,0,56216.0,0,0,17702,Good,0.662,0
38,Employed,38910.0,580.0,9,608,770.0,3,11397.0,1,0,10023,Excellent,0.293,0
41,Self-Employed,37287.0,2205.0,15,1064,712.0,3,0.0,3,0,13284,Good,0.0,1
62,Employed,27008.0,100.0,13,746,677.0,2,20819.0,2,0,9336,Excellent,0.771,0
56,Employed,57597.0,100.0,2,587,647.0,0,31806.0,3,0,16445,Good,0.552,0
61,Self-Employed,30359.0,1455.0,13,1063,701.0,2,10991.0,0,1,3514,Excellent,0.362,0
58,Employed,28782.0,2565.0,1,864,,5,23411.0,2,0,6421,Good,0.813,0
54,Employed,43567.0,1349.0,1,150,698.0,3,23747.0,1,0,2678,Poor,0.545,0
37,Self-Employed,42026.0,628.0,12,1832,843.0,0,9562.0,4,1,2902,Average,0.228,1
57,Employed,40913.0,2119.0,9,400,613.0,3,15695.0,4,0,12110,Average,0.384,0
45,Self-Employed,71085.0,4711.0,14,2068,679.0,2,15607.0,0,0,21067,Good,0.22,1
58,Employed,57444.0,1817.0,12,949,652.0,4,4019.0,3,0,10562,Excellent,0.07,0
32,Self-Employed,46939.0,100.0,5,589,599.0,1,15539.0,0,1,3965,Good,0.331,1
43,Employed,60824.0,1307.0,3,2699,669.0,2,0.0,0,0,4769,Excellent,0.0,0
62,Employed,31880.0,1268.0,1,560,711.0,2,18483.0,2,1,3365,Good,0.58,1
42,Employed,58279.0,1591.0,15,2172,719.0,2,4655.0,3,0,19886,Average,0.08,1
41,Employed,59750.0,3417.0,4,2817,843.0,1,15653.0,1,0,25745,Average,0.262,0
47,Employed,24063.0,2295.0,11,1199,715.0,4,18877.0,1,0,15016,Excellent,0.784,0
51,Employed,95103.0,5533.0,3,2236,766.0,4,30051.0,4,0,22819,Good,0.316,0
26,Employed,33871.0,2940.0,5,1637,685.0,1,4707.0,0,0,2838,Poor,0.139,0
47,Employed,57801.0,2732.0,10,1415,806.0,3,42573.0,1,0,15599,Good,0.737,0
60,Employed,104351.0,3155.0,8,5212,850.0,1,49230.0,1,0,44054,Average,0.472,0
54,Unemployed,91511.0,3751.0,7,3768,720.0,2,36487.0,1,0,15690,Good,0.399,0
32,Employed,56048.0,2106.0,11,115,606.0,3,25917.0,0,0,6456,Good,0.462,1
65,Employed,45058.0,1707.0,5,317,639.0,2,22519.0,0,0,2248,Average,0.5,1
27,Employed,92616.0,2800.0,10,1430,701.0,1,15611.0,2,0,27039,Good,0.169,0
30,Employed,79712.0,3204.0,14,2624,714.0,2,12180.0,1,0,18819,Good,0.153,0
65,Unemployed,39143.0,1844.0,3,2024,732.0,3,13892.0,0,0,10956,Good,0.355,0
37,Employed,35522.0,295.0,13,505,715.0,2,11382.0,0,0,9715,Average,0.32,0
46,Unemployed,17594.0,538.0,5,100,681.0,0,1236.0,0,0,2475,Excellent,0.07,0
41,Employed,59863.0,4552.0,12,2000,632.0,0,24788.0,1,0,21824,Average,0.414,1
48,Self-Employed,52554.0,100.0,13,1684,710.0,1,5214.0,0,0,18359,Good,0.099,0
22,Employed,102744.0,2170.0,11,1573,819.0,2,71691.0,0,0,36971,Poor,0.698,0
63,Self-Employed,67008.0,1884.0,11,1717,756.0,1,14204.0,1,1,13936,Good,0.212,0
21,Employed,114567.0,1965.0,1,6119,720.0,3,11903.0,0,0,15628,Average,0.104,0
56,Employed,37479.0,2450.0,3,825,757.0,1,10680.0,0,0,1990,Excellent,0.285,0
46,Employed,102855.0,7042.0,2,4195,652.0,5,41587.0,3,0,35363,Good,0.404,0
49,Employed,41117.0,745.0,1,1084,642.0,1,21966.0,1,0,13896,Excellent,0.534,1
41,Unemployed,84353.0,2203.0,5,3120,624.0,2,23394.0,1,1,33182,Good,0.277,1
31,Employed,24656.0,643.0,1,1006,671.0,1,8797.0,2,1,6784,Good,0.357,1
60,Employed,62593.0,2920.0,2,2185,648.0,3,33906.0,1,0,26181,Good,0.542,0
31,Self-Employed,18463.0,1487.0,1,783,771.0,4,0.0,2,0,8557,Excellent,0.0,0
56,Employed,47485.0,100.0,10,848,644.0,2,16720.0,3,0,11660,Excellent,0.352,0
59,Unemployed,70072.0,4026.0,8,1488,620.0,2,52531.0,4,0,8935,Average,0.75,0
60,Self-Employed,41297.0,2811.0,8,1972,826.0,1,10909.0,1,0,5729,Average,0.264,0
55,Employed,30864.0,612.0,13,791,646.0,4,11806.0,1,0,11879,Good,0.383,1
54,Self-Employed,87593.0,1363.0,1,2626,692.0,1,15630.0,2,0,6423,Average,0.178,0
44,Employed,51958.0,976.0,7,1476,714.0,4,5346.0,0,0,11109,Average,0.103,0
42,Employed,42017.0,100.0,3,1284,595.0,2,10976.0,1,0,20822,Excellent,0.261,0
25,Employed,56282.0,3123.0,3,1395,773.0,4,0.0,3,1,21736,Good,0.0,0
53,Employed,200000.0,5051.0,2,9641,728.0,1,24157.0,0,0,46526,Average,0.121,0
56,Self-Employed,103727.0,6401.0,2,5520,797.0,2,27818.0,1,0,9096,Average,0.268,0
40,Unemployed,104246.0,1087.0,10,3566,629.0,3,6986.0,2,0,49210,Good,0.067,0
39,Employed,69887.0,2328.0,6,2256,687.0,4,41668.0,1,0,16371,Good,0.596,0
55,Employed,60274.0,339.0,5,3117,683.0,5,39842.0,2,0,11237,Good,0.661,1
63,Unemployed,15000.0,2068.0,6,677,700.0,1,8443.0,1,0,1120,Good,0.563,0
37,Employed,37860.0,100.0,10,1721,571.0,0,28919.0,2,1,11540,Average,0.764,1
65,Employed,42225.0,100.0,3,1228,688.0,4,24642.0,0,0,4386,Good,0.584,0
63,Employed,19612.0,100.0,7,1222,573.0,2,18856.0,0,0,1000,Good,0.961,1
54,Unemployed,29100.0,1211.0,15,878,707.0,1,7427.0,0,1,7851,Poor,0.255,0
29,Employed,18502.0,100.0,11,100,520.0,4,11603.0,1,0,8937,Excellent,0.627,0
46,Self-Employed,53853.0,3472.0,10,1318,541.0,0,40609.0,0,0,22509,Average,0.754,1
22,Self-Employed,86285.0,5609.0,4,4796,741.0,3,22666.0,0,0,25427,Average,0.263,0
29,Employed,101095.0,7479.0,14,1464,639.0,1,61381.0,1,0,25791,Good,0.607,0
29,Employed,69094.0,4756.0,2,3219,606.0,2,34107.0,3,0,24555,Excellent,0.494,1
60,Self-Employed,32378.0,2286.0,7,1065,775.0,1,338.0,0,0,5878,Good,0.01,0
37,Employed,19005.0,2008.0,4,100,705.0,4,8306.0,1,1,5779,Good,0.437,0
21,Self-Employed,20927.0,100.0,1,835,745.0,1,0.0,1,0,7418,Average,0.0,0
45,Unemployed,27369.0,100.0,9,184,668.0,5,3439.0,3,0,9053,Good,0.126,1
63,Employed,33732.0,1721.0,11,1220,850.0,3,12195.0,0,0,10515,Good,0.362,0
60,Self-Employed,50374.0,1816.0,1,3117,635.0,1,22288.0,0,1,16063,Good,0.442,1
62,Self-Employed,31486.0,100.0,15,422,811.0,2,15427.0,1,0,6526,Good,0.49,0
45,Self-Employed,66272.0,2820.0,1,2533,675.0,0,43810.0,1,0,15649,Good,0.661,1
59,Employed,48404.0,570.0,7,3393,556.0,1,28316.0,2,0,1000,Poor,0.585,1
55,Employed,55320.0,2360.0,7,543,716.0,2,14974.0,0,0,26506,Excellent,0.271,0
23,Employed,102973.0,,9,5333,704.0,2,7096.0,5,0,31923,Excellent,0.069,0
57,Employed,28738.0,1382.0,13,933,601.0,0,26639.0,0,0,7475,Poor,0.927,0
64,Employed,69243.0,3390.0,5,2928,611.0,1,27598.0,3,0,14711,Good,0.399,1
64,Self-Employed,54579.0,1408.0,14,1746,678.0,2,28824.0,2,1,23720,Average,0.528,1
50,Employed,45783.0,3055.0,2,1752,706.0,1,0.0,3,0,8529,Good,0.0,0
58,Employed,89499.0,3711.0,12,3188,495.0,1,35744.0,1,0,26279,Average,0.399,1
54,Employed,89192.0,2781.0,8,4501,759.0,2,22539.0,0,0,17387,Good,0.253,0
32,Self-Employed,32680.0,1943.0,3,464,643.0,2,754.0,1,1,6760,Good,0.023,1
39,Employed,49757.0,100.0,14,2477,580.0,1,27650.0,1,1,1523,Average,0.556,1
57,Employed,64200.0,2418.0,14,894,751.0,2,17107.0,2,0,17474,Good,0.266,0
64,Employed,47332.0,635.0,13,2808,678.0,1,26225.0,1,0,17918,Average,0.554,1
37,Self-Employed,75876.0,1768.0,5,1683,771.0,3,43123.0,0,0,10051,Good,0.568,0
30,Employed,64199.0,4788.0,6,3040,713.0,4,26636.0,0,0,19031,Good,0.415,0
32,Employed,150693.0,9851.0,3,6376,680.0,3,,0,1,26353,Good,0.045,1
36,Unemployed,23705.0,1669.0,6,2232,669.0,3,3170.0,0,0,12940,Average,0.134,0
44,Self-Employed,51418.0,2185.0,5,3250,716.0,3,11032.0,1,0,21010,Good,0.215,0
39,Unemployed,33370.0,100.0,11,1248,649.0,2,21667.0,1,0,6056,Excellent,0.649,1
28,Employed,76676.0,4485.0,7,3881,616.0,3,44928.0,1,0,25259,Average,0.586,0
51,Employed,22599.0,100.0,10,100,726.0,3,10953.0,1,0,1722,Average,0.485,0
41,Self-Employed,66540.0,2958.0,2,524,669.0,0,34365.0,2,0,21601,Poor,0.516,0
37,Employed,38893.0,1719.0,8,1136,683.0,3,4475.0,2,0,13164,Excellent,0.115,0
43,Self-Employed,36728.0,2760.0,6,1082,762.0,2,13068.0,2,1,21135,Average,0.356,0
57,Employed,24823.0,755.0,1,761,671.0,1,8180.0,1,0,7052,Excellent,0.33,0
36,Employed,42587.0,2899.0,15,100,681.0,2,3415.0,1,0,10809,Excellent,0.08,0
26,Employed,99864.0,5939.0,11,1885,635.0,3,9909.0,0,0,5134,Excellent,0.099,0
28,Employed,54243.0,2199.0,11,2726,712.0,2,31968.0,1,1,3829,Excellent,0.589,1
45,Employed,77677.0,2910.0,2,861,706.0,2,30339.0,1,0,18873,Poor,0.391,0
38,Employed,,3907.0,13,1686,748.0,3,78456.0,1,0,18750,Good,0.571,1
45,Unemployed,63586.0,4281.0,3,1360,637.0,3,33356.0,2,0,8046,Good,0.525,1
32,Employed,40447.0,4001.0,14,804,646.0,2,16912.0,1,0,16703,Average,0.418,0
35,Employed,71117.0,3283.0,3,1658,739.0,4,43140.0,1,1,29822,Average,0.607,1
46,Self-Employed,40771.0,1087.0,13,100,699.0,3,5771.0,1,1,8749,Excellent,0.142,0
61,Employed,41675.0,1705.0,10,1187,612.0,3,15078.0,3,0,22982,Average,0.362,0
65,Employed,23841.0,100.0,3,716,778.0,1,15009.0,0,0,2556,Good,0.63,0
46,Self-Employed,91540.0,777.0,11,1579,553.0,2,65956.0,1,0,17899,Good,0.721,1
52,Employed,44480.0,3239.0,5,100,739.0,2,14938.0,1,1,2671,Average,0.336,0
30,Self-Employed,60794.0,2940.0,9,3839,585.0,3,44008.0,2,0,1000,Good,0.724,0
36,Self-Employed,31111.0,100.0,13,571,821.0,1,22879.0,1,0,1000,Poor,0.735,0
27,Unemployed,69903.0,1330.0,6,2521,564.0,3,38777.0,2,0,27286,Average,0.555,1
37,Employed,36171.0,3753.0,13,2133,766.0,3,15782.0,2,0,11154,Excellent,0.436,0
43,Employed,50876.0,822.0,9,2174,674.0,3,23422.0,4,0,17578,Good,0.46,0
46,Employed,89134.0,2593.0,3,911,653.0,2,31965.0,0,0,24503,Average,0.359,0
41,Employed,84966.0,5634.0,9,3108,694.0,3,17524.0,2,1,13986,Good,0.206,0
42,Self-Employed,54338.0,1689.0,4,3240,727.0,2,37664.0,3,0,1000,Excellent,0.693,0
27,Employed,20798.0,100.0,7,218,612.0,3,9065.0,0,0,5313,Good,0.436,0
34,Employed,200000.0,8865.0,1,8244,619.0,2,120000.0,4,0,60000,Excellent,0.6,1
35,Self-Employed,143675.0,3397.0,10,4242,729.0,1,45233.0,2,1,57649,Excellent,0.315,0
27,Employed,81843.0,748.0,3,2616,552.0,3,3851.0,1,0,4643,Average,0.047,1
29,Employed,36346.0,353.0,4,1892,636.0,4,24748.0,0,0,4166,Good,0.681,1
28,Employed,51669.0,1086.0,12,3076,850.0,3,14291.0,2,1,23822,Good,0.277,0
43,Self-Employed,40791.0,100.0,8,2080,607.0,3,24600.0,1,0,4733,Good,0.603,0
49,Employed,110217.0,5861.0,1,1942,766.0,2,61580.0,2,0,32073,Good,0.559,0
38,Self-Employed,63543.0,3565.0,15,1449,636.0,1,5214.0,3,1,10278,Good,0.082,1
51,Employed,35732.0,100.0,7,789,718.0,3,11649.0,0,1,12967,Average,0.326,0
50,Self-Employed,42454.0,100.0,4,1401,729.0,1,16238.0,0,1,1035,Good,0.382,0
59,Self-Employed,101899.0,6558.0,14,4489,765.0,3,42101.0,1,0,41851,Average,0.413,0
55,Employed,132607.0,4500.0,11,3656,665.0,1,53768.0,2,0,10471,Average,0.405,0
38,Employed,127474.0,7552.0,3,1204,829.0,2,29910.0,0,0,3776,Good,0.235,0
62,Employed,83404.0,4138.0,13,2334,636.0,1,17521.0,1,0,13706,Poor,0.21,0
59,Self-Employed,47865.0,3055.0,8,2205,698.0,3,23088.0,2,1,23613,Good,0.482,0
37,Employed,15000.0,868.0,5,518,698.0,1,0.0,1,1,1000,Poor,0.0,0
34,Employed,64765.0,2521.0,6,100,596.0,3,35542.0,1,1,29250,Average,0.549,1
51,Employed,54945.0,3079.0,2,2543,659.0,4,19703.0,1,0,5831,Good,0.359,0
44,Employed,59402.0,1770.0,14,3406,692.0,2,40006.0,2,0,8424,Excellent,0.673,0
55,Employed,56655.0,1674.0,1,2772,648.0,1,46833.0,1,1,18021,Good,0.827,1
64,Employed,26520.0,983.0,12,840,850.0,2,17012.0,0,0,12648,Good,0.641,0
65,Employed,74732.0,2127.0,7,3435,617.0,2,33286.0,0,0,25998,Average,0.445,1
54,Self-Employed,77871.0,3578.0,8,3758,768.0,1,25325.0,0,0,12742,Excellent,0.325,0
23,Employed,80047.0,2476.0,13,2927,744.0,2,9861.0,1,0,33587,Poor,0.123,0
57,Employed,92569.0,5193.0,3,4882,679.0,2,9213.0,3,1,5696,Poor,0.1,0
63,Unemployed,76674.0,100.0,6,2070,615.0,4,40729.0,0,0,12610,Good,0.531,1
60,Self-Employed,43896.0,707.0,15,2788,622.0,3,16422.0,1,0,9479,Excellent,0.374,0
46,Unemployed,52898.0,3861.0,12,574,641.0,3,12907.0,2,1,4365,Average,0.244,1
43,Employed,57827.0,1399.0,1,3202,546.0,1,18186.0,0,1,18599,Good,0.314,1
64,Employed,58356.0,502.0,4,1702,605.0,1,28698.0,2,0,16925,Good,0.492,1
59,Employed,95236.0,4962.0,12,2135,569.0,5,67388.0,2,1,30565,Excellent,0.708,1
35,Self-Employed,78363.0,3577.0,2,4080,781.0,1,14618.0,2,1,26826,Poor,0.187,0
24,Employed,172409.0,1718.0,1,6233,726.0,1,39660.0,2,1,37649,Average,0.23,0
49,Employed,185099.0,1183.0,12,4681,739.0,4,120000.0,0,0,60000,Good,0.648,0
42,Employed,57463.0,707.0,3,3462,724.0,1,13385.0,0,0,13967,Excellent,0.233,0
45,Employed,15000.0,1010.0,11,624,693.0,6,11766.0,0,0,2256,Good,0.784,0
33,Employed,108591.0,3477.0,2,4596,790.0,1,51616.0,0,0,3172,Excellent,0.475,0
38,Employed,40859.0,460.0,5,3054,634.0,4,11126.0,0,1,14544,Good,0.272,1
53,Employed,35393.0,659.0,9,782,688.0,1,19114.0,0,0,14379,Average,0.54,1
36,Employed,44176.0,3776.0,8,1106,736.0,3,34585.0,0,1,17604,Good,0.783,1
65,Unemployed,43021.0,3342.0,12,306,581.0,0,2865.0,2,0,1000,Good,0.067,0
62,Self-Employed,77021.0,5077.0,2,1361,850.0,5,6341.0,1,0,23202,Good,0.082,0
64,Unemployed,23328.0,340.0,7,729,682.0,1,373.0,2,0,7828,Good,0.016,0
22,Self-Employed,30404.0,2763.0,11,1499,691.0,3,16104.0,2,0,8377,Poor,0.53,0
55,Employed,66425.0,2133.0,14,1177,774.0,1,36830.0,3,0,14030,Good,0.554,0
62,Employed,77475.0,3768.0,12,2629,749.0,0,53900.0,3,1,6557,Excellent,0.696,0
54,Employed,78271.0,1994.0,3,3167,683.0,2,55781.0,0,0,31012,Average,0.713,0
50,Employed,35675.0,1325.0,6,971,690.0,2,16440.0,0,0,11741,Poor,0.461,1
33,Employed,32114.0,2321.0,12,2140,567.0,3,18468.0,1,1,6720,Good,0.575,1
33,Employed,41624.0,1395.0,9,2805,638.0,2,10202.0,0,1,2416,Excellent,0.245,1
38,Employed,62757.0,2852.0,3,1914,719.0,0,43787.0,3,0,23590,Excellent,0.698,0
52,Employed,124505.0,1409.0,10,2917,713.0,1,38739.0,1,0,47001,Good,0.311,0
52,Employed,17836.0,2138.0,10,2122,772.0,2,5099.0,2,0,1000,Excellent,0.286,0
55,Employed,48712.0,3151.0,15,1429,671.0,4,25931.0,1,0,7135,Excellent,0.532,0
59,Self-Employed,26426.0,2535.0,2,154,576.0,2,14069.0,1,0,5597,Average,0.532,1
49,Employed,22167.0,1316.0,14,1557,759.0,0,2310.0,1,0,1000,Excellent,0.104,0
49,Employed,93612.0,6144.0,2,4299,788.0,2,29274.0,4,0,24428,Good,0.313,0
64,Employed,74208.0,3300.0,5,2735,747.0,1,42109.0,4,0,9266,Good,0.567,0
36,Employed,70423.0,1495.0,6,1447,668.0,3,41740.0,1,0,4782,Good,0.593,1
64,Employed,91277.0,5589.0,4,3935,758.0,2,47086.0,1,0,31620,Good,0.516,0
30,Employed,42245.0,100.0,6,1478,850.0,0,4833.0,1,0,15345,Good,0.114,0
50,Employed,43353.0,697.0,4,2175,689.0,2,13689.0,5,1,4508,Good,0.316,0
45,Employed,183000.0,8877.0,12,7668,582.0,1,101378.0,1,1,43053,Excellent,0.554,1
59,Unemployed,48025.0,1784.0,5,1674,636.0,0,45837.0,3,0,9431,Excellent,0.954,0
40,Unemployed,82406.0,712.0,7,3845,727.0,3,18255.0,1,0,24371,Excellent,0.222,0
25,Employed,55193.0,2722.0,6,1968,560.0,6,305.0,2,0,21969,Excellent,0.006,0
21,Employed,19901.0,165.0,2,1124,693.0,4,8660.0,2,0,10158,Average,0.435,0
50,Self-Employed,17864.0,1285.0,9,100,709.0,4,3253.0,1,0,1000,Poor,0.182,0
23,Employed,40000.0,1041.0,10,1713,795.0,3,0.0,0,0,6885,Average,0.0,0
65,Employed,98316.0,5364.0,5,4038,778.0,0,51184.0,1,0,14372,Excellent,0.521,0
34,Employed,84851.0,2756.0,9,3325,745.0,2,61374.0,2,1,34032,Good,0.723,0
50,Unemployed,90929.0,6639.0,5,3841,518.0,0,39232.0,3,0,10220,Average,0.431,1
24,Employed,31959.0,2868.0,3,1053,749.0,2,2981.0,1,0,19145,Good,0.093,0
38,Employed,133762.0,8213.0,7,3445,733.0,4,85287.0,1,1,6127,Excellent,0.638,0
57,Self-Employed,32351.0,3817.0,12,1848,699.0,4,8229.0,1,0,1599,Good,0.254,0
45,Employed,61830.0,5047.0,8,910,550.0,3,23081.0,1,0,22353,Good,0.373,1
21,Employed,54688.0,1878.0,12,2265,622.0,1,28289.0,2,1,4007,Good,0.517,1
35,Unemployed,49984.0,2480.0,5,1169,592.0,0,24634.0,1,0,7220,Average,0.493,1
29,Employed,114842.0,5730.0,9,4428,529.0,3,73342.0,2,0,21405,Good,0.639,1
35,Employed,37320.0,627.0,3,218,680.0,3,4069.0,1,0,4979,Average,0.109,0
44,Employed,26181.0,1806.0,8,100,620.0,0,7218.0,0,0,1013,Good,0.276,0
24,Employed,55608.0,100.0,11,2116,850.0,1,35362.0,5,0,26709,Average,0.636,0
32,Employed,44143.0,634.0,2,1336,667.0,1,1582.0,0,0,7484,Good,0.036,0
57,Employed,200000.0,11573.0,10,5470,777.0,3,56196.0,1,0,38413,Average,0.281,1
57,Employed,79791.0,1201.0,1,3916,562.0,1,38326.0,2,1,33756,Good,0.48,1
63,Self-Employed,43912.0,2044.0,15,1946,640.0,1,36790.0,0,0,1272,Good,0.838,1
26,Employed,30768.0,100.0,7,1224,687.0,3,13708.0,3,0,7481,Poor,0.446,1
59,Employed,19554.0,1654.0,10,697,612.0,2,2393.0,1,1,1494,Excellent,0.122,0
44,Employed,31295.0,895.0,12,1112,648.0,4,14035.0,1,0,3387,Good,0.448,0
31,Self-Employed,58589.0,1615.0,5,2976,664.0,1,41946.0,0,0,21503,Average,0.716,0
33,Employed,120586.0,8753.0,12,4603,662.0,3,72870.0,1,0,18198,Good,0.604,0
54,Employed,101928.0,3329.0,7,3259,819.0,1,,1,0,26679,Average,0.202,0
45,Employed,62386.0,3098.0,3,2225,708.0,3,35798.0,0,0,29211,Good,0.574,0
27,Employed,46044.0,2352.0,3,1188,716.0,1,32113.0,1,0,3115,Good,0.697,0
24,Employed,63763.0,4922.0,13,2585,720.0,1,35686.0,0,0,14369,Good,0.56,0
28,Self-Employed,41350.0,1524.0,1,1560,726.0,1,13884.0,0,0,19646,Poor,0.336,0
40,Employed,,7061.0,3,5864,674.0,3,60717.0,3,0,55684,Excellent,0.429,0
49,Employed,49565.0,2349.0,1,1730,656.0,2,27627.0,1,0,11014,Average,0.557,0
65,Employed,52449.0,3412.0,4,2661,693.0,2,21739.0,1,0,12700,Good,0.414,0
30,Self-Employed,16259.0,774.0,14,824,767.0,2,0.0,1,0,2591,Excellent,0.0,0
63,Employed,49395.0,3243.0,14,1403,764.0,1,19288.0,1,0,2207,Poor,0.39,0
54,Employed,87130.0,4796.0,10,2697,662.0,4,17093.0,1,0,30236,Average,0.196,0
46,Employed,30572.0,1446.0,5,1884,738.0,5,22335.0,1,1,1000,Excellent,0.731,0
61,Employed,36395.0,3374.0,10,1675,665.0,3,21083.0,1,1,4980,Good,0.579,0
23,Employed,85057.0,2626.0,15,1364,683.0,6,36529.0,1,0,21735,Average,0.429,0
26,Employed,24414.0,100.0,15,1113,644.0,4,20997.0,0,0,3415,Good,0.86,0
25,Employed,98408.0,100.0,9,1471,666.0,2,49908.0,2,1,10023,Poor,0.507,1
25,Employed,41044.0,2518.0,14,1514,781.0,3,30816.0,1,1,12549,Good,0.751,1
43,Employed,44417.0,1166.0,1,741,687.0,2,0.0,2,0,2068,Average,0.0,0
29,Employed,29642.0,1899.0,8,2078,690.0,3,6607.0,1,0,1000,Good,0.223,0
55,Employed,67712.0,3455.0,4,1143,571.0,2,35367.0,0,0,1000,Excellent,0.522,1
40,Self-Employed,200000.0,4727.0,4,5459,657.0,3,30547.0,1,0,15102,Excellent,0.153,0
62,Unemployed,84534.0,5629.0,1,4561,662.0,3,19696.0,0,0,37073,Excellent,0.233,1
55,Unemployed,34191.0,110.0,12,1808,618.0,0,875.0,2,0,13055,Average,0.026,0
38,Self-Employed,102712.0,4952.0,8,853,682.0,3,62146.0,1,0,41971,Poor,0.605,0
37,Employed,46208.0,990.0,5,1263,648.0,6,26488.0,1,0,7061,Excellent,0.573,0
44,Self-Employed,117132.0,4985.0,3,4952,686.0,1,46428.0,2,0,31424,Good,0.396,0
23,Employed,85713.0,515.0,5,4977,689.0,3,30313.0,1,0,10971,Average,0.354,0
52,Employed,15000.0,142.0,7,472,608.0,1,1353.0,4,0,1000,Good,0.09,1
55,Employed,31661.0,453.0,9,601,650.0,3,26925.0,2,0,10968,Average,0.85,0
58,Employed,92457.0,1681.0,14,4468,686.0,1,24932.0,1,0,30258,Good,0.27,0
33,Self-Employed,59784.0,2660.0,11,2440,769.0,3,21240.0,1,0,7149,Good,0.355,0
45,Employed,31320.0,2285.0,9,2072,699.0,2,5676.0,1,0,4840,Average,0.181,0
29,Employed,38817.0,1902.0,14,372,630.0,4,21502.0,1,0,10357,Good,0.554,0
24,Unemployed,19277.0,250.0,13,1165,710.0,2,6023.0,0,0,1000,Good,0.312,0
34,Employed,52391.0,1100.0,14,1684,808.0,2,34422.0,2,0,21631,Good,0.657,0
57,Employed,185529.0,6188.0,15,10089,749.0,1,55735.0,2,0,36113,Good,0.3,0
54,Unemployed,85631.0,3417.0,7,2473,721.0,0,11760.0,1,0,28602,Average,0.137,0
31,Employed,183472.0,2316.0,9,8923,734.0,1,51659.0,1,0,57896,Good,0.282,0
61,Employed,89358.0,5830.0,12,3928,788.0,4,20022.0,3,0,19485,Good,0.224,0
23,Employed,96781.0,957.0,9,4863,761.0,2,45854.0,0,0,27426,Good,0.474,0
48,Employed,162890.0,5147.0,13,8441,723.0,2,64980.0,2,0,40671,Excellent,0.399,0
49,Self-Employed,67683.0,2830.0,14,2368,760.0,3,40226.0,1,0,16490,Average,0.594,0
29,Employed,49618.0,3495.0,12,2154,599.0,4,39856.0,1,0,19462,Good,0.803,1
23,Employed,97057.0,3702.0,3,2373,567.0,3,25843.0,1,0,11821,Good,0.266,1
45,Employed,122357.0,2803.0,5,3427,692.0,4,65586.0,0,0,52543,Poor,0.536,0
54,Employed,42239.0,2514.0,2,1511,685.0,1,22092.0,2,1,4362,Average,0.523,0
32,Unemployed,36983.0,850.0,10,865,639.0,0,10532.0,2,1,11954,Good,0.285,1
62,Employed,59365.0,3197.0,15,1901,742.0,2,49588.0,1,1,25992,Excellent,0.835,0
29,Employed,86891.0,3069.0,15,3869,540.0,1,46620.0,0,0,32288,Good,0.537,1
35,Employed,85309.0,1816.0,5,1679,640.0,5,42757.0,2,0,23564,Good,0.501,0
60,Self-Employed,25129.0,901.0,7,704,644.0,3,19632.0,0,0,2992,Good,0.781,0
45,Unemployed,157388.0,8079.0,5,7717,557.0,2,66683.0,2,0,40895,Average,0.424,1
25,Employed,38656.0,100.0,15,676,792.0,3,13941.0,2,0,2358,Average,0.361,0
31,Employed,47539.0,244.0,8,2207,,1,12910.0,1,0,21256,Excellent,0.272,1
54,Employed,33477.0,514.0,10,1066,636.0,2,14458.0,1,0,7030,Good,0.432,0
44,Self-Employed,200000.0,6567.0,15,2335,748.0,0,36107.0,1,1,60000,Good,0.181,0
35,Employed,62832.0,1792.0,2,2541,728.0,3,24819.0,5,0,16107,Excellent,0.395,0
58,Self-Employed,34443.0,1450.0,6,848,597.0,5,22645.0,1,0,4134,Good,0.657,1
28,Employed,88455.0,3909.0,10,633,731.0,1,49812.0,0,0,10324,Good,0.563,0
25,Self-Employed,83961.0,3725.0,13,1216,702.0,3,43309.0,1,1,19054,Good,0.516,0
46,Employed,49605.0,1300.0,6,3494,850.0,3,21911.0,4,1,14040,Good,0.442,0
38,Employed,87328.0,3966.0,4,3771,710.0,2,16127.0,1,0,21782,Average,0.185,0
26,Employed,34933.0,706.0,1,206,669.0,0,29370.0,2,0,20119,Good,0.841,1
57,Employed,41940.0,1614.0,14,1879,616.0,2,21162.0,1,0,7255,Good,0.505,1
33,Unemployed,18205.0,208.0,6,508,624.0,3,9730.0,0,0,2223,Average,0.534,1
48,Self-Employed,26553.0,828.0,9,100,618.0,3,2620.0,1,0,7171,Good,0.099,0
25,Employed,148640.0,1988.0,15,8467,783.0,1,74083.0,3,0,33783,Good,0.498,0
33,Employed,135656.0,2515.0,12,4548,681.0,2,77708.0,1,0,23819,Average,0.573,0
37,Employed,57027.0,4550.0,1,1289,722.0,1,19175.0,2,0,1000,Good,0.336,1
60,Self-Employed,137269.0,6227.0,6,4711,794.0,3,87223.0,0,0,44004,Excellent,0.635,0
65,Employed,50365.0,506.0,12,2580,503.0,2,1528.0,0,0,25508,Excellent,0.03,1
52,Employed,48108.0,3020.0,4,1680,776.0,1,24964.0,3,0,18145,Good,0.519,0
49,Employed,56736.0,769.0,9,2707,684.0,2,29575.0,0,0,13481,Average,0.521,0
23,Employed,51348.0,1993.0,9,855,713.0,1,27830.0,1,0,24457,Excellent,0.542,0
60,Employed,48861.0,1987.0,7,1447,618.0,5,28024.0,1,0,4501,Good,0.574,0
54,Employed,103152.0,4801.0,1,3607,623.0,3,18006.0,1,1,32079,Good,0.175,1
60,Employed,59734.0,4241.0,3,1674,717.0,2,33694.0,1,0,22612,Excellent,0.564,0
47,Unemployed,81386.0,4045.0,1,3217,850.0,4,17443.0,3,0,19368,Average,0.214,0
33,Employed,96989.0,6560.0,5,3252,755.0,3,41930.0,2,0,28413,Poor,0.432,0
65,Employed,68090.0,3024.0,15,2698,775.0,1,18034.0,4,0,16947,Excellent,0.265,0
53,Employed,32255.0,2200.0,7,100,666.0,1,11690.0,1,0,14717,Good,0.362,0
26,Self-Employed,26135.0,100.0,5,100,635.0,0,10286.0,0,0,12878,Good,0.394,0
44,Employed,59690.0,2012.0,3,1805,621.0,3,33580.0,3,0,10006,Good,0.563,0
39,Employed,50056.0,1350.0,5,2518,643.0,1,15354.0,0,0,12747,Average,0.307,1
36,Employed,57708.0,3723.0,9,2858,526.0,3,10554.0,1,0,21970,Poor,0.183,1
60,Employed,54517.0,1176.0,3,1401,626.0,2,20149.0,1,1,9767,Good,0.37,0
48,Employed,200000.0,3975.0,14,3150,638.0,1,110599.0,3,0,46144,Good,0.553,0
53,Self-Employed,26462.0,849.0,10,969,667.0,1,7632.0,1,0,9988,Average,0.288,0
61,Self-Employed,18409.0,743.0,6,100,690.0,5,9576.0,1,0,1000,Average,0.52,0
33,Employed,66032.0,4034.0,2,2078,707.0,1,31723.0,2,0,19513,Excellent,0.48,0
63,Employed,44715.0,2733.0,4,1127,679.0,5,9196.0,1,0,14290,Excellent,0.206,0
65,Unemployed,65442.0,710.0,7,2966,636.0,2,19041.0,4,0,7292,Good,0.291,0
45,Employed,75828.0,2167.0,9,2531,533.0,2,16240.0,2,0,24224,Excellent,0.214,1
62,Self-Employed,111452.0,100.0,4,3785,637.0,2,37188.0,3,0,20035,Good,0.334,0
56,Employed,24007.0,1769.0,10,682,607.0,1,4092.0,2,0,1638,Good,0.17,1
47,Unemployed,40493.0,1409.0,13,821,715.0,2,16865.0,1,0,10738,Average,0.416,0
58,Self-Employed,69627.0,3263.0,3,2836,748.0,2,10345.0,0,0,12064,Average,0.149,0
27,Unemployed,84023.0,3873.0,7,1519,750.0,1,26249.0,3,0,20771,Average,0.312,0
25,Employed,183778.0,8650.0,2,3678,737.0,3,50713.0,1,0,56578,Poor,0.276,0
63,Employed,93034.0,6220.0,4,2105,670.0,4,51294.0,0,0,21176,Good,0.551,0
65,Unemployed,53309.0,3629.0,5,1367,641.0,6,27184.0,1,0,12317,Excellent,0.51,1
51,Employed,33703.0,303.0,3,483,624.0,2,17924.0,0,0,1876,Poor,0.532,0
43,Employed,40325.0,1637.0,14,821,567.0,4,4894.0,1,0,12276,Poor,0.121,1
62,Self-Employed,39700.0,1945.0,5,1646,754.0,1,18372.0,0,0,8787,Excellent,0.463,0
30,Self-Employed,78863.0,3754.0,2,1436,667.0,4,2213.0,1,0,5902,Good,0.028,0
52,Unemployed,63350.0,292.0,8,3053,587.0,4,11395.0,3,0,19050,Good,0.18,1
63,Employed,26558.0,3327.0,13,874,618.0,2,0.0,2,0,1000,Good,0.0,0
50,Self-Employed,43276.0,2254.0,5,1028,615.0,2,0.0,1,0,4755,Average,0.0,1
59,Self-Employed,89120.0,4420.0,8,2083,683.0,1,18212.0,1,0,25440,Good,0.204,0
51,Employed,66736.0,1858.0,12,3119,760.0,3,28153.0,2,0,10035,Excellent,0.422,0
38,Employed,75195.0,2124.0,13,2362,654.0,5,1102.0,4,0,11840,Excellent,0.015,0
56,Employed,67893.0,4762.0,3,3709,511.0,2,53525.0,1,0,8597,Good,0.788,1
22,Employed,134541.0,2394.0,2,1910,666.0,1,86173.0,2,0,58171,Good,0.64,1
34,Unemployed,62625.0,3026.0,9,3479,668.0,3,45852.0,3,0,15390,Good,0.732,0
33,Employed,44479.0,1541.0,5,1816,663.0,0,9060.0,1,0,3003,Good,0.204,1
49,Self-Employed,33237.0,1132.0,14,596,633.0,4,17806.0,0,0,7888,Average,0.536,1
32,Unemployed,63094.0,4001.0,8,2735,696.0,2,46059.0,1,0,21152,Excellent,0.73,0
59,Employed,15000.0,1684.0,15,526,685.0,4,10250.0,1,0,1000,Good,0.683,1
22,Self-Employed,49698.0,1695.0,10,398,678.0,5,24811.0,2,1,6255,Average,0.499,1
52,Employed,49113.0,791.0,5,1187,711.0,2,31762.0,1,1,11281,Good,0.647,1
33,Self-Employed,25968.0,2549.0,13,179,648.0,0,5666.0,1,0,2394,Average,0.218,0
47,Employed,33009.0,3605.0,6,100,644.0,4,3784.0,2,0,13419,Good,0.115,0
61,Unemployed,85854.0,4516.0,12,3060,784.0,2,9076.0,1,0,6509,Average,0.106,0
37,Employed,62441.0,3960.0,2,1926,722.0,5,52800.0,1,0,1000,Poor,0.846,0
60,Employed,58167.0,2976.0,11,1779,742.0,2,5298.0,1,0,7337,Good,0.091,0
51,Self-Employed,65093.0,3090.0,1,699,772.0,4,2330.0,0,1,20828,Good,0.036,0
54,Employed,57875.0,130.0,13,2367,719.0,3,47931.0,3,0,12295,Good,0.828,0
44,Employed,108952.0,4582.0,2,6779,750.0,2,12084.0,0,0,14901,Poor,0.111,0
65,Employed,58863.0,2888.0,2,2569,562.0,0,30165.0,3,0,5925,Excellent,0.512,0
55,Self-Employed,24663.0,,13,1122,695.0,5,10738.0,1,0,5211,Average,0.435,0
26,Employed,134815.0,5802.0,9,3411,666.0,3,752.0,3,0,13974,Average,0.006,0
39,Employed,67425.0,3144.0,7,929,806.0,0,511.0,2,0,20138,Good,0.008,0
50,Employed,39775.0,1454.0,5,1930,750.0,1,25658.0,2,0,14420,Average,0.645,0
27,Employed,27604.0,2574.0,9,710,633.0,4,22943.0,1,0,20821,Good,0.831,1
30,Employed,68380.0,1155.0,8,2304,708.0,3,45461.0,3,0,12287,Poor,0.665,0
61,Employed,51567.0,1941.0,10,700,693.0,1,10882.0,1,0,3811,Poor,0.211,0
52,Employed,130727.0,3949.0,7,2071,714.0,3,41197.0,3,0,29913,Excellent,0.315,0
54,Employed,45471.0,1990.0,5,1104,604.0,2,20194.0,0,0,20870,Good,0.444,0
48,Employed,34701.0,734.0,8,1621,707.0,2,10430.0,3,0,4011,Good,0.301,0
35,Self-Employed,90019.0,823.0,10,798,663.0,3,40694.0,1,0,11472,Average,0.452,0
50,Employed,91491.0,2456.0,5,3407,701.0,1,9627.0,2,0,14403,Poor,0.105,0
57,Employed,60346.0,2098.0,13,421,626.0,1,33329.0,1,0,25084,Good,0.552,1
49,Employed,79785.0,3299.0,11,4029,636.0,2,28770.0,0,0,34644,Good,0.361,0
42,Employed,53872.0,1412.0,12,2583,768.0,0,4659.0,1,1,18092,Good,0.086,0
24,Self-Employed,62550.0,100.0,5,2531,601.0,1,34361.0,2,0,7758,Excellent,0.549,0
40,Employed,104384.0,,14,4012,607.0,5,52361.0,4,0,37308,Good,0.502,1
52,Employed,77576.0,3886.0,5,1147,676.0,2,36158.0,0,0,18696,Average,0.466,0
56,Employed,50111.0,1505.0,2,1964,622.0,3,30901.0,1,0,19782,Good,0.617,1
24,Self-Employed,115715.0,5307.0,9,4116,614.0,3,47166.0,0,0,43991,Good,0.408,1
47,Employed,15000.0,100.0,10,958,688.0,3,4612.0,0,0,8793,Average,0.307,0
37,Employed,170030.0,7288.0,6,3509,567.0,2,110823.0,2,0,60000,Poor,0.652,1
32,Employed,21522.0,901.0,12,1509,604.0,3,9887.0,2,0,12929,Excellent,0.459,1
42,Unemployed,38956.0,836.0,13,1424,834.0,2,15032.0,2,0,12989,Excellent,0.386,0
37,Employed,53776.0,1685.0,2,3166,714.0,4,26687.0,1,1,21898,Excellent,0.496,0
30,Employed,50743.0,2091.0,14,1872,624.0,1,30402.0,0,0,9089,Excellent,0.599,1
21,Unemployed,95666.0,3652.0,1,4833,711.0,0,15451.0,2,0,25115,Excellent,0.162,0
42,Self-Employed,30739.0,2486.0,4,188,723.0,2,11259.0,0,0,4694,Good,0.366,0
46,Employed,63482.0,5766.0,4,807,755.0,1,30689.0,1,0,7484,Good,0.483,0
38,Self-Employed,40017.0,848.0,5,342,670.0,1,18348.0,1,0,3896,Excellent,0.459,1
34,Self-Employed,64693.0,2532.0,4,3424,753.0,2,18337.0,1,0,15399,Good,0.283,0
49,Employed,53075.0,2031.0,1,1143,527.0,2,28796.0,1,0,22499,Good,0.543,1
32,Employed,57884.0,4071.0,15,2202,601.0,4,5707.0,3,0,10549,Average,0.099,1
56,Employed,40645.0,2213.0,2,739,692.0,2,16397.0,0,1,3243,Poor,0.403,1
55,Unemployed,41546.0,3373.0,12,1060,705.0,1,18468.0,2,0,12776,Excellent,0.445,0
32,Self-Employed,64414.0,3074.0,6,567,612.0,1,25464.0,2,0,10482,Excellent,0.395,1
27,Employed,92423.0,4884.0,11,4260,699.0,0,27467.0,2,0,35185,Excellent,0.297,1
49,Self-Employed,39578.0,2126.0,15,1050,633.0,0,11112.0,1,0,12712,Good,0.281,1
31,Employed,34107.0,1286.0,10,862,659.0,0,3227.0,3,0,16488,Good,0.095,0
53,Employed,77072.0,2842.0,9,1303,757.0,2,27212.0,2,0,38035,Excellent,0.353,0
26,Employed,,2449.0,8,2021,748.0,2,16964.0,4,1,10053,Average,0.314,0
35,Employed,86843.0,2923.0,7,4322,605.0,2,47138.0,0,0,1000,Excellent,0.543,0
52,Self-Employed,33420.0,216.0,7,1841,601.0,4,20191.0,2,0,8276,Excellent,0.604,0
31,Employed,20669.0,100.0,1,458,649.0,1,0.0,2,0,1208,Average,0.0,0
43,Self-Employed,41025.0,1721.0,5,1810,678.0,1,17319.0,1,0,5388,Poor,0.422,0
46,Employed,36084.0,1592.0,14,439,631.0,5,0.0,0,1,9843,Poor,0.0,1
54,Employed,52668.0,906.0,4,1179,758.0,2,6697.0,0,0,1262,Excellent,0.127,0
54,Unemployed,38748.0,1776.0,5,100,706.0,4,1711.0,3,0,1000,Poor,0.044,0
49,Employed,82673.0,6499.0,12,4709,710.0,4,63163.0,0,1,4904,Good,0.764,0
24,Employed,46939.0,2998.0,15,1457,585.0,4,35516.0,1,0,10939,Good,0.757,1
37,Employed,59746.0,3134.0,6,1628,768.0,0,10428.0,1,0,9522,Good,0.175,0
55,Self-Employed,59981.0,3065.0,6,2157,468.0,4,29904.0,1,0,13818,Average,0.499,1
33,Employed,61225.0,1229.0,10,2085,743.0,2,37516.0,1,0,23198,Average,0.613,0
61,Employed,54275.0,1725.0,13,2483,750.0,2,35110.0,1,0,1000,Average,0.647,0
59,Employed,72833.0,4407.0,13,3566,648.0,2,25327.0,2,1,11600,Excellent,0.348,1
35,Employed,35507.0,256.0,5,592,775.0,4,10007.0,0,0,6758,Good,0.282,0
49,Self-Employed,118749.0,3002.0,13,3280,675.0,4,24542.0,1,0,46758,Good,0.207,1
49,Employed,48291.0,2849.0,3,1685,685.0,1,26400.0,1,0,5819,Good,0.547,0
31,Employed,26735.0,2049.0,3,1441,705.0,3,15606.0,2,1,10132,Good,0.584,1
52,Employed,60994.0,2653.0,8,1435,850.0,2,27350.0,5,1,14405,Excellent,0.448,0
22,Employed,34439.0,4345.0,14,2015,781.0,3,441.0,2,0,9941,Average,0.013,0
34,Unemployed,79302.0,2568.0,15,3567,733.0,3,59113.0,4,0,8139,Average,0.745,1
40,Employed,185419.0,11406.0,8,3239,612.0,0,112350.0,0,0,14137,Average,0.606,0
42,Unemployed,35685.0,1509.0,13,270,691.0,1,13797.0,2,1,3198,Poor,0.387,0
31,Employed,66032.0,2273.0,12,957,619.0,2,2166.0,0,0,6666,Excellent,0.033,1
47,Employed,20943.0,100.0,8,1014,742.0,3,0.0,0,0,5459,Excellent,0.0,0
23,Self-Employed,70597.0,1595.0,13,2959,691.0,1,17211.0,1,0,13958,Average,0.244,0
37,Employed,33791.0,1145.0,11,100,596.0,2,6330.0,0,0,8149,Average,0.187,1
64,Self-Employed,39004.0,892.0,7,1861,686.0,3,0.0,1,1,1000,Excellent,0.0,0
48,Unemployed,30013.0,1070.0,11,100,616.0,4,28259.0,0,0,12657,Excellent,0.942,1
49,Employed,82271.0,2504.0,5,2074,691.0,1,55697.0,2,0,32879,Average,0.677,0
41,Employed,95713.0,4658.0,13,1479,616.0,2,14723.0,1,0,11851,Poor,0.154,1
36,Self-Employed,55712.0,2164.0,12,1994,682.0,1,32195.0,1,1,4798,Good,0.578,0
57,Employed,34189.0,3387.0,6,1223,736.0,1,15404.0,2,0,5593,Poor,0.451,0
40,Employed,131838.0,3970.0,14,4513,676.0,1,33571.0,2,0,20376,Average,0.255,0
26,Employed,36401.0,953.0,6,162,651.0,2,14886.0,2,0,2827,Good,0.409,0
39,Employed,16747.0,100.0,11,1046,695.0,2,9205.0,1,1,2476,Excellent,0.55,0
25,Self-Employed,70771.0,3581.0,15,1205,732.0,1,47304.0,5,0,29337,Excellent,0.668,0
23,Employed,29955.0,100.0,13,1459,597.0,1,11948.0,0,0,13245,Good,0.399,0
21,Employed,94734.0,2733.0,15,4610,700.0,4,39074.0,1,1,42689,Good,0.412,1
58,Employed,44599.0,1106.0,9,2146,779.0,3,5651.0,0,0,19865,Poor,0.127,0
35,Employed,76660.0,3304.0,5,2451,723.0,3,20165.0,0,0,41206,Good,0.263,0
54,Employed,118885.0,4842.0,11,6209,684.0,2,51610.0,1,0,41959,Excellent,0.434,0
55,Self-Employed,28289.0,1914.0,7,1344,728.0,1,27090.0,0,0,9204,Excellent,0.958,0
45,Employed,40289.0,4023.0,9,683,714.0,3,24752.0,2,1,1000,Poor,0.614,1
44,Self-Employed,52758.0,4097.0,9,2832,737.0,2,10666.0,0,0,22861,Good,0.202,0
32,Self-Employed,128122.0,4028.0,1,3577,528.0,2,17108.0,1,1,33683,Poor,0.134,1
38,Employed,38291.0,771.0,12,1929,563.0,3,27273.0,1,0,11275,Poor,0.712,1
35,Employed,39661.0,100.0,7,2231,755.0,2,15277.0,1,0,5153,Poor,0.385,0
64,Employed,71544.0,2607.0,13,879,567.0,0,26750.0,1,1,26842,Poor,0.374,1
36,Employed,40039.0,4182.0,14,1655,710.0,3,27923.0,1,1,10438,Average,0.697,0
47,Self-Employed,59813.0,1795.0,9,1762,654.0,3,50815.0,0,0,27598,Good,0.85,0
28,Self-Employed,23429.0,1840.0,4,993,605.0,2,13582.0,0,0,16662,Poor,0.58,1
45,Employed,185901.0,2417.0,3,6962,706.0,4,28716.0,1,0,48072,Average,0.154,0
37,Employed,26209.0,100.0,1,1017,695.0,1,8014.0,3,0,4755,Average,0.306,1
49,Unemployed,46080.0,2752.0,14,1900,838.0,1,27988.0,3,1,12180,Average,0.607,0
28,Unemployed,54026.0,754.0,7,1563,633.0,2,32476.0,4,0,11276,Average,0.601,1
35,Employed,157482.0,1753.0,8,6094,788.0,2,114395.0,5,0,60000,Good,0.726,0
47,Employed,26540.0,902.0,13,1120,,4,8716.0,0,0,14321,Good,0.328,0
27,Employed,163755.0,7097.0,9,4317,630.0,0,96981.0,0,0,48578,Excellent,0.592,0
23,Unemployed,83411.0,2708.0,3,3099,740.0,0,3953.0,2,0,36774,Poor,0.047,0
49,Employed,69182.0,3239.0,3,2324,722.0,2,20975.0,1,0,13109,Excellent,0.303,0
64,Employed,32002.0,100.0,1,595,683.0,2,13893.0,2,0,12417,Average,0.434,1
44,Employed,75299.0,1833.0,5,4176,700.0,2,48171.0,2,0,22233,Good,0.64,0
23,Employed,36944.0,1613.0,8,406,635.0,3,3480.0,2,0,9835,Good,0.094,1
40,Employed,110387.0,6507.0,7,1745,618.0,6,28974.0,1,0,6106,Excellent,0.262,0
35,Unemployed,32241.0,1865.0,7,791,737.0,1,27866.0,3,0,6550,Excellent,0.864,0
45,Employed,51681.0,4752.0,4,2411,663.0,3,12333.0,0,0,8102,Good,0.239,1
50,Employed,40526.0,2606.0,1,1440,674.0,2,2213.0,0,1,6537,Average,0.055,0
34,Employed,31951.0,709.0,7,100,701.0,1,15493.0,0,0,2251,Good,0.485,0
27,Employed,82687.0,5922.0,3,1331,700.0,3,41289.0,0,0,28780,Average,0.499,0
37,Employed,73835.0,2896.0,12,4251,573.0,1,16821.0,1,0,26047,Poor,0.228,1
64,Employed,106942.0,3189.0,5,2738,776.0,0,75966.0,3,1,21464,Good,0.71,0
40,Employed,20664.0,1088.0,9,750,689.0,5,6561.0,1,0,5642,Poor,0.318,1
56,Employed,98754.0,6666.0,3,4126,665.0,1,69015.0,1,0,13787,Excellent,0.699,1
29,Employed,200000.0,8927.0,12,4818,712.0,2,109346.0,1,1,60000,Good,0.547,0
58,Employed,42903.0,1929.0,2,972,698.0,1,6440.0,4,1,13470,Good,0.15,0
42,Unemployed,155970.0,3414.0,12,6762,738.0,0,96986.0,2,1,55198,Excellent,0.622,0
22,Unemployed,47589.0,3622.0,11,1635,720.0,0,15308.0,1,0,18672,Good,0.322,0
44,Employed,25855.0,259.0,11,464,734.0,0,10138.0,0,0,2228,Good,0.392,0
28,Employed,46490.0,3980.0,10,1740,781.0,2,31119.0,1,0,24083,Average,0.669,0
31,Unemployed,97890.0,5469.0,8,2273,746.0,2,12447.0,2,0,26108,Excellent,0.127,0
33,Employed,34686.0,220.0,2,688,668.0,2,6399.0,2,0,16203,Good,0.184,0
37,Self-Employed,39533.0,1151.0,6,1047,596.0,2,12023.0,2,0,10157,Poor,0.304,1
28,Unemployed,76232.0,5416.0,6,2096,805.0,2,2634.0,2,0,27397,Good,0.035,0
41,Employed,55093.0,5553.0,15,1531,662.0,3,21939.0,3,1,8725,Average,0.398,1
38,Employed,75859.0,3795.0,2,512,645.0,2,53698.0,0,0,25478,Average,0.708,0
50,Unemployed,62686.0,3421.0,5,1130,550.0,5,23310.0,2,0,23113,Average,0.372,1
38,Employed,71602.0,,11,1287,705.0,1,16376.0,2,0,1220,Average,0.229,0
51,Employed,43361.0,1356.0,1,1163,691.0,1,11394.0,1,0,11982,Poor,0.263,0
58,Employed,62476.0,662.0,13,1250,566.0,1,11703.0,2,0,5559,Good,0.187,1
52,Employed,33025.0,2106.0,11,749,714.0,2,5807.0,1,0,15553,Good,0.176,0
31,Self-Employed,111717.0,5203.0,15,2241,643.0,3,20643.0,2,1,14268,Good,0.185,0
65,Self-Employed,38802.0,1000.0,12,330,850.0,3,21161.0,2,1,8812,Good,0.545,0
45,Unemployed,102330.0,3735.0,7,2260,637.0,2,44683.0,0,0,19022,Excellent,0.437,1
53,Employed,48369.0,1752.0,2,1606,647.0,0,41437.0,0,0,16008,Excellent,0.857,0
58,Employed,61463.0,3750.0,12,1041,614.0,1,42956.0,2,0,12869,Excellent,0.699,0
61,Employed,41892.0,1364.0,14,1875,776.0,3,24763.0,1,0,11021,Excellent,0.591,0
28,Employed,31454.0,1274.0,9,1071,652.0,4,3700.0,1,0,9985,Excellent,0.118,0
31,Employed,21067.0,537.0,15,334,626.0,2,14749.0,1,1,3533,Good,0.7,1
42,Unemployed,30781.0,916.0,13,1402,733.0,4,11317.0,1,1,8091,Good,0.368,1
44,Self-Employed,46025.0,541.0,12,2056,576.0,3,29397.0,2,0,3097,Good,0.639,0
61,Employed,61798.0,1647.0,1,2882,727.0,1,6101.0,1,0,17630,Excellent,0.099,0
37,Employed,95875.0,2322.0,4,4320,814.0,2,47281.0,0,0,11657,Poor,0.493,0
32,Employed,43042.0,2424.0,6,1788,722.0,3,19308.0,0,0,19718,Average,0.449,0
52,Employed,33861.0,100.0,3,773,728.0,2,9038.0,1,1,12517,Excellent,0.267,0
35,Self-Employed,24874.0,926.0,6,608,745.0,2,13428.0,1,0,9313,Good,0.54,0
36,Employed,71620.0,1599.0,4,1037,808.0,2,25218.0,0,0,7126,Excellent,0.352,0
42,Unemployed,117694.0,3932.0,14,3274,771.0,2,30970.0,2,1,14345,Good,0.263,0
48,Employed,110367.0,5175.0,2,3605,713.0,2,46474.0,2,0,20763,Average,0.421,1
40,Employed,81272.0,5655.0,10,3337,748.0,4,21109.0,2,0,15470,Good,0.26,0
53,Self-Employed,78142.0,1880.0,11,2866,614.0,1,50333.0,3,0,13565,Excellent,0.644,1
30,Employed,139914.0,4551.0,14,2576,738.0,1,54326.0,2,0,33122,Average,0.388,0
60,Employed,66021.0,1523.0,5,2065,605.0,1,23179.0,2,0,12250,Excellent,0.351,0
52,Employed,78469.0,2938.0,10,3536,652.0,2,33291.0,4,0,9526,Good,0.424,1
53,Employed,46104.0,2760.0,12,912,449.0,3,10215.0,1,1,21332,Good,0.222,1
22,Self-Employed,26003.0,1225.0,8,1275,710.0,2,,4,0,14653,Average,0.494,0
53,Employed,37759.0,1893.0,2,129,632.0,4,17879.0,0,0,13050,Poor,0.474,1
53,Self-Employed,54724.0,2655.0,14,3168,763.0,2,25628.0,3,0,8076,Good,0.468,0
61,Employed,56870.0,3015.0,11,3330,709.0,1,36946.0,2,1,3953,Good,0.65,1
33,Employed,158664.0,3517.0,6,3883,764.0,4,72906.0,1,1,42102,Good,0.459,0
50,Self-Employed,57514.0,2430.0,8,2142,599.0,1,37281.0,0,1,21531,Excellent,0.648,1
53,Employed,105183.0,2392.0,6,3729,758.0,2,79231.0,2,0,34693,Average,0.753,0
33,Employed,43295.0,1710.0,5,1293,838.0,5,24068.0,1,0,12253,Good,0.556,0
46,Employed,46336.0,2376.0,14,1154,737.0,1,10460.0,0,0,7301,Good,0.226,0
42,Employed,26480.0,2246.0,14,663,739.0,3,0.0,1,1,15428,Good,0.0,0
59,Employed,36564.0,1638.0,3,2106,693.0,0,32550.0,1,0,13637,Poor,0.89,0
22,Employed,73492.0,3865.0,8,1657,641.0,1,58050.0,0,0,8947,Average,0.79,0
58,Employed,55229.0,1806.0,12,136,737.0,4,19785.0,2,0,14950,Good,0.358,0
59,Employed,92384.0,4557.0,10,1449,567.0,7,20294.0,1,0,7397,Good,0.22,0
46,Unemployed,60766.0,3070.0,12,887,649.0,5,15626.0,0,0,11503,Good,0.257,1
35,Employed,45308.0,100.0,2,488,547.0,2,31444.0,0,0,16481,Good,0.694,1
54,Self-Employed,179271.0,11932.0,10,7689,627.0,4,15225.0,2,0,33521,Average,0.085,1
62,Employed,52232.0,1477.0,9,2475,728.0,3,34859.0,0,0,10491,Good,0.667,0
64,Employed,104270.0,4742.0,8,4102,718.0,3,,3,0,31125,Average,0.651,0
60,Self-Employed,44109.0,899.0,6,2858,684.0,2,24590.0,3,0,11137,Poor,0.557,0
31,Employed,81257.0,5036.0,15,1077,693.0,1,3630.0,0,0,13834,Good,0.045,0
23,Self-Employed,91628.0,6343.0,11,1004,539.0,4,57662.0,2,0,15384,Excellent,0.629,1
26,Employed,61683.0,4082.0,9,2587,652.0,3,12725.0,1,0,5021,Poor,0.206,0
29,Employed,15065.0,304.0,6,1197,629.0,1,0.0,0,1,7721,Excellent,0.0,1
26,Employed,55555.0,2672.0,8,1906,631.0,5,10349.0,0,0,23984,Good,0.186,0
29,Employed,108211.0,5601.0,12,3027,725.0,2,46614.0,0,1,46009,Average,0.431,0
59,Self-Employed,73512.0,2676.0,12,3932,615.0,4,13364.0,1,0,12789,Excellent,0.182,1
51,Employed,70284.0,4367.0,5,2722,635.0,2,48311.0,1,0,32187,Good,0.687,0
52,Unemployed,21330.0,357.0,14,517,523.0,1,7488.0,1,0,3538,Average,0.351,1
61,Unemployed,37006.0,2560.0,7,2067,658.0,5,21033.0,0,1,11015,Good,0.568,1
32,Employed,68964.0,4069.0,2,4038,598.0,3,18303.0,2,0,23154,Good,0.265,0
28,Employed,68927.0,4012.0,1,3090,686.0,1,5910.0,0,0,13517,Excellent,0.086,0
28,Self-Employed,107275.0,6515.0,8,4184,609.0,3,43688.0,1,1,44604,Good,0.407,1
48,Unemployed,50788.0,100.0,5,1036,688.0,2,4003.0,1,0,11703,Excellent,0.079,0
40,Employed,68754.0,4231.0,15,973,669.0,2,10078.0,5,1,25670,Excellent,0.147,0
27,Employed,55498.0,3647.0,9,2039,805.0,2,15796.0,1,0,14255,Excellent,0.285,0
31,Employed,31961.0,1566.0,7,1261,717.0,3,17357.0,0,0,9308,Good,0.543,0
40,Self-Employed,15905.0,1084.0,15,1038,542.0,2,1189.0,3,1,2656,Average,0.075,1
36,Employed,69713.0,750.0,4,4234,585.0,2,31040.0,1,0,15091,Average,0.445,1
24,Self-Employed,60522.0,2410.0,5,2114,684.0,2,29289.0,1,0,24993,Good,0.484,0
26,Employed,39148.0,531.0,3,708,610.0,0,10963.0,0,0,20372,Good,0.28,0
42,Employed,22574.0,1661.0,5,456,457.0,2,11255.0,0,0,8173,Average,0.499,1
46,Employed,77765.0,1554.0,10,3732,781.0,3,10581.0,2,0,2950,Average,0.136,0
23,Employed,47517.0,100.0,4,1658,734.0,2,13567.0,3,0,19995,Average,0.286,0
61,Employed,74710.0,2517.0,3,3529,719.0,1,11688.0,0,0,29669,Excellent,0.156,0
62,Employed,153325.0,9649.0,8,2608,634.0,0,27266.0,0,0,26059,Excellent,0.178,0
34,Employed,16938.0,100.0,4,100,712.0,0,17842.0,0,0,1000,Good,1.053,0
31,Employed,37433.0,882.0,10,1500,627.0,1,7900.0,1,0,1000,Good,0.211,0
38,Employed,49017.0,100.0,4,1463,695.0,2,27709.0,0,0,3385,Poor,0.565,1
32,Unemployed,122424.0,3115.0,14,3073,611.0,1,38826.0,3,0,49015,Excellent,0.317,0
43,Employed,22361.0,100.0,11,609,794.0,1,10560.0,2,1,1000,Average,0.472,0
32,Employed,159502.0,6095.0,8,6145,562.0,3,116357.0,0,0,20358,Poor,0.73,1
33,Employed,59267.0,998.0,5,1455,772.0,1,35284.0,1,0,2585,Average,0.595,0
45,Unemployed,52171.0,4342.0,5,2330,683.0,1,3293.0,2,0,9082,Average,0.063,0
65,Employed,49323.0,2759.0,14,1354,643.0,2,25805.0,0,0,1699,Excellent,0.523,0
39,Self-Employed,43267.0,1617.0,5,100,693.0,2,13031.0,0,0,1000,Average,0.301,0
56,Self-Employed,97885.0,950.0,11,3773,735.0,1,31954.0,1,0,33612,Good,0.326,0
65,Employed,30559.0,1063.0,6,824,783.0,1,14708.0,1,0,10668,Average,0.481,0
28,Employed,66507.0,2329.0,5,1351,703.0,1,41805.0,0,0,6697,Good,0.629,0
49,Employed,44524.0,1776.0,1,3072,613.0,2,6221.0,1,0,21914,Poor,0.14,0
52,Employed,36167.0,1066.0,14,2205,684.0,2,20997.0,0,0,8243,Good,0.581,0
64,Employed,200000.0,11463.0,1,4032,816.0,1,44094.0,3,0,60000,Good,0.22,0
38,Self-Employed,69256.0,1357.0,13,3608,781.0,2,21212.0,0,0,21208,Excellent,0.306,0
26,Employed,77063.0,2956.0,6,2018,748.0,3,46016.0,1,0,16317,Good,0.597,0
38,Self-Employed,102833.0,1417.0,2,1646,740.0,3,49247.0,2,0,15605,Excellent,0.479,0
39,Employed,25168.0,1052.0,3,100,732.0,1,0.0,1,0,19152,Excellent,0.0,0
42,Self-Employed,144185.0,8433.0,6,4134,767.0,3,51979.0,2,0,10089,Good,0.361,0
57,Employed,15000.0,100.0,2,100,646.0,4,3841.0,1,1,7111,Average,0.256,0
52,Employed,36036.0,100.0,6,1275,578.0,1,12089.0,2,0,1000,Average,0.335,0
61,Employed,42728.0,100.0,15,1607,685.0,2,0.0,0,0,10949,Poor,0.0,0
23,Unemployed,75738.0,1386.0,12,2812,619.0,4,18748.0,2,1,12759,Poor,0.248,0
48,Employed,62031.0,3672.0,6,682,601.0,4,47142.0,2,0,22636,Poor,0.76,1
30,Employed,50178.0,2186.0,2,2597,626.0,0,24772.0,1,0,14915,Average,0.494,1
55,Employed,54638.0,2391.0,10,1871,850.0,8,29822.0,0,0,4829,Excellent,0.546,0
49,Employed,32118.0,3246.0,2,1909,690.0,0,18994.0,3,0,8651,Good,0.591,0
35,Employed,24140.0,1598.0,7,578,707.0,1,5560.0,1,0,11236,Good,0.23,0
53,Employed,82016.0,3462.0,13,2709,588.0,0,33392.0,1,0,23458,Excellent,0.407,0
27,Employed,80549.0,3751.0,15,2483,542.0,1,28025.0,1,1,14631,Average,0.348,1
32,Employed,131473.0,6364.0,12,1705,619.0,3,19944.0,0,0,20179,Good,0.152,0
50,Employed,35617.0,858.0,12,1294,788.0,2,2046.0,1,0,13641,Excellent,0.057,0
41,Employed,80510.0,5098.0,13,2489,705.0,2,51094.0,3,0,23678,Poor,0.635,0
51,Self-Employed,47054.0,1745.0,9,1007,725.0,3,7958.0,0,0,15123,Excellent,0.169,0
44,Employed,105858.0,3899.0,15,2527,735.0,3,23211.0,1,1,12807,Excellent,0.219,0
40,Employed,96487.0,3292.0,1,3488,636.0,1,19212.0,1,0,10100,Excellent,0.199,1
57,Employed,61775.0,3545.0,8,2103,784.0,0,7590.0,1,0,13663,Average,0.123,0
24,Unemployed,45631.0,100.0,4,2228,633.0,3,22116.0,2,0,12156,Average,0.485,0
48,Unemployed,93302.0,5063.0,6,4316,785.0,4,56102.0,1,1,36426,Excellent,0.601,0
64,Self-Employed,78503.0,1624.0,14,4090,713.0,1,9589.0,2,0,20625,Good,0.122,0
40,Employed,37746.0,100.0,3,1909,546.0,2,11025.0,0,0,9119,Average,0.292,0
44,Employed,26497.0,1371.0,13,1005,624.0,2,13557.0,0,0,8019,Average,0.512,1
52,Employed,46929.0,3304.0,10,1711,546.0,2,22669.0,0,1,12742,Average,0.483,1
61,Employed,126572.0,757.0,11,4320,,0,73046.0,2,0,44908,Good,0.577,0
56,Employed,103327.0,4745.0,15,1042,678.0,2,16073.0,1,0,38286,Good,0.156,0
54,Self-Employed,29831.0,797.0,1,769,513.0,0,23447.0,0,0,11754,Poor,0.786,1
56,Self-Employed,28935.0,2044.0,12,100,708.0,3,17983.0,0,0,8133,Poor,0.621,1
22,Self-Employed,110876.0,3066.0,1,4616,640.0,4,49221.0,0,1,31638,Excellent,0.444,1
35,Employed,29451.0,1808.0,15,100,569.0,1,17721.0,1,1,10202,Poor,0.602,1
54,Self-Employed,72780.0,2386.0,12,3176,806.0,0,18057.0,2,0,20126,Excellent,0.248,0
56,Employed,39193.0,2755.0,5,911,688.0,1,22414.0,2,0,13041,Average,0.572,0
26,Employed,133848.0,4732.0,14,3052,658.0,3,17285.0,1,0,16454,Excellent,0.129,0
59,Self-Employed,36003.0,2971.0,4,1794,650.0,2,3673.0,1,0,10153,Good,0.102,1
62,Employed,103150.0,3586.0,11,2371,567.0,1,50388.0,1,0,26095,Good,0.488,0
32,Employed,60886.0,2737.0,8,1977,582.0,3,27936.0,2,0,17446,Poor,0.459,1
23,Employed,63183.0,100.0,11,1886,776.0,4,23492.0,3,0,17298,Good,0.372,0
65,Self-Employed,18609.0,943.0,3,1120,644.0,1,5678.0,3,0,1000,Good,0.305,1
38,Self-Employed,16375.0,962.0,3,871,682.0,4,9953.0,1,0,1276,Average,0.608,1
60,Employed,48717.0,2515.0,2,545,527.0,1,22238.0,4,0,15753,Average,0.456,1
41,Self-Employed,63000.0,552.0,9,1879,581.0,3,48617.0,0,0,12156,Good,0.772,1
35,Employed,29621.0,278.0,5,657,726.0,0,13145.0,1,0,1543,Average,0.444,0
53,Employed,30221.0,2111.0,13,1148,708.0,2,14411.0,1,0,7642,Average,0.477,0
55,Self-Employed,74899.0,2649.0,13,2590,812.0,3,20300.0,0,0,36380,Good,0.271,0
46,Self-Employed,74956.0,3860.0,9,1689,,4,,3,0,5034,Excellent,0.666,0
28,Unemployed,50987.0,2137.0,7,2694,663.0,2,0.0,2,1,16218,Poor,0.0,1
56,Employed,84474.0,2617.0,8,3632,715.0,1,44776.0,2,0,20896,Excellent,0.53,0
50,Employed,28833.0,993.0,12,854,656.0,3,13798.0,2,0,11175,Excellent,0.479,1
43,Employed,45221.0,468.0,13,1570,834.0,2,23493.0,0,0,11285,Good,0.52,0
62,Unemployed,136138.0,10001.0,7,2263,766.0,1,34289.0,0,0,26229,Average,0.252,0
64,Employed,57106.0,2244.0,5,2105,693.0,5,35733.0,1,0,23343,Excellent,0.626,0
34,Self-Employed,58957.0,100.0,14,926,695.0,4,1594.0,2,1,14442,Good,0.027,0
34,Employed,195508.0,10091.0,2,8198,788.0,2,69474.0,1,0,11075,Good,0.355,0
22,Employed,25475.0,661.0,8,2207,723.0,1,18829.0,0,1,3664,Excellent,0.739,0
57,Employed,85231.0,3778.0,14,4930,797.0,3,17490.0,2,0,12964,Average,0.205,0
25,Employed,137349.0,3071.0,5,2125,515.0,3,17199.0,0,1,29915,Good,0.125,0
58,Employed,46001.0,5115.0,8,2815,715.0,2,12329.0,2,1,9778,Excellent,0.268,0
65,Self-Employed,88246.0,1005.0,5,2858,641.0,3,65016.0,3,0,19354,Average,0.737,0
61,Employed,32048.0,576.0,12,1267,812.0,1,11335.0,1,0,7256,Excellent,0.354,0
34,Employed,37699.0,1531.0,13,1269,796.0,4,6167.0,1,0,1000,Average,0.164,0
59,Employed,67970.0,2810.0,13,3055,682.0,1,36281.0,1,1,10193,Good,0.534,0
45,Employed,85332.0,2492.0,1,1859,795.0,2,19600.0,2,0,14892,Excellent,0.23,0
40,Employed,101885.0,6286.0,10,3818,814.0,2,34245.0,2,0,20366,Good,0.336,0
22,Employed,130403.0,4528.0,9,4599,686.0,0,76228.0,5,1,46514,Good,0.585,1
59,Employed,52997.0,1691.0,15,1587,850.0,3,9247.0,2,0,6633,Poor,0.174,0
26,Employed,106040.0,3650.0,5,4589,678.0,4,62063.0,1,0,26177,Good,0.585,1
37,Employed,45562.0,299.0,2,645,664.0,2,12898.0,1,0,19221,Average,0.283,1
45,Employed,90331.0,2640.0,14,2972,745.0,1,56924.0,0,1,2113,Excellent,0.63,0
48,Employed,61649.0,3440.0,4,1787,653.0,5,47166.0,2,1,4954,Good,0.765,1
22,Employed,70278.0,3155.0,1,1887,686.0,2,31505.0,0,0,6642,Good,0.448,0
55,Employed,69426.0,3782.0,4,2426,786.0,2,41960.0,3,0,26213,Excellent,0.604,0
57,Unemployed,22754.0,1238.0,13,115,681.0,3,11646.0,1,0,9921,Poor,0.512,1
25,Self-Employed,29638.0,100.0,5,1514,553.0,2,6858.0,2,0,11773,Average,0.231,1
21,Self-Employed,58191.0,2806.0,2,1567,708.0,2,16303.0,1,0,17432,Good,0.28,0
60,Employed,21744.0,100.0,6,782,628.0,0,18623.0,2,0,13671,Good,0.856,1
32,Self-Employed,86878.0,5282.0,4,2397,745.0,3,29362.0,1,0,37808,Good,0.338,0
56,Self-Employed,88827.0,2428.0,5,3472,732.0,1,4399.0,0,0,31189,Excellent,0.05,0
65,Self-Employed,65843.0,3833.0,12,2109,790.0,4,38761.0,1,0,1000,Average,0.589,0
43,Employed,29687.0,3638.0,12,926,748.0,3,8166.0,2,0,6090,Average,0.275,1
51,Employed,117497.0,5177.0,10,4216,762.0,3,19063.0,0,0,37649,Average,0.162,0
31,Self-Employed,168646.0,8721.0,10,8852,630.0,3,19604.0,3,0,60000,Good,0.116,0
30,Employed,59634.0,3912.0,13,3642,740.0,2,11556.0,1,0,13692,Excellent,0.194,0
23,Employed,72830.0,4103.0,5,3598,828.0,1,43771.0,0,0,11188,Excellent,0.601,0
34,Employed,61454.0,2685.0,4,2931,628.0,4,38211.0,2,0,17593,Good,0.622,0
36,Employed,73629.0,3898.0,14,894,815.0,1,22369.0,1,0,31631,Poor,0.304,0
30,Employed,51500.0,3466.0,1,100,639.0,1,34854.0,2,0,15556,Good,0.677,0
49,Employed,53964.0,2220.0,5,3388,616.0,4,25742.0,0,0,17101,Average,0.477,1
30,Employed,90512.0,3774.0,4,1818,702.0,3,51292.0,4,0,13593,Good,0.567,0
32,Employed,199822.0,4145.0,6,10524,734.0,2,58259.0,2,0,60000,Good,0.292,0
50,Employed,25465.0,2705.0,7,518,748.0,3,13723.0,4,0,9865,Average,0.539,0
61,Employed,51948.0,3139.0,15,1573,608.0,1,9533.0,3,0,13326,Good,0.184,1
21,Employed,28734.0,3358.0,4,1500,713.0,3,6112.0,1,0,4784,Good,0.213,1
25,Self-Employed,132019.0,4641.0,11,2957,629.0,1,18937.0,2,0,19647,Excellent,0.143,1
40,Self-Employed,39808.0,419.0,14,1439,568.0,4,14344.0,0,0,8361,Poor,0.36,1
28,Employed,24868.0,384.0,15,100,610.0,6,20331.0,1,0,4129,Poor,0.818,1
63,Employed,78127.0,5058.0,3,3224,624.0,3,,2,0,1000,Good,0.696,1
32,Employed,143553.0,8308.0,14,3962,719.0,0,84845.0,3,1,51879,Poor,0.591,0
21,Self-Employed,79227.0,2468.0,1,4301,766.0,3,14354.0,2,0,24633,Average,0.181,0
40,Employed,61558.0,1564.0,2,2100,570.0,0,23030.0,2,0,10085,Good,0.374,1
48,Employed,68880.0,1945.0,1,2248,706.0,3,20568.0,0,0,24106,Good,0.299,0
63,Employed,119761.0,5793.0,9,6069,592.0,2,37665.0,2,1,13978,Average,0.315,1
57,Employed,34006.0,1075.0,13,1426,727.0,5,8207.0,1,0,7545,Good,0.241,0
57,Self-Employed,51719.0,1098.0,4,2244,633.0,1,27812.0,0,0,7957,Good,0.538,1
32,Self-Employed,42878.0,100.0,7,2944,601.0,1,6720.0,2,0,8833,Average,0.157,0
57,Employed,28934.0,1121.0,6,1170,740.0,3,24505.0,1,0,12707,Excellent,0.847,0
64,Employed,45912.0,3926.0,1,1648,636.0,2,18186.0,4,1,16581,Excellent,0.396,1
48,Employed,101147.0,4611.0,14,3695,656.0,2,36520.0,1,0,15033,Good,0.361,0
35,Employed,75111.0,3288.0,2,3258,514.0,1,30981.0,1,0,14862,Good,0.412,1
26,Employed,78391.0,4556.0,4,2165,751.0,2,16757.0,0,0,16820,Excellent,0.214,0
64,Employed,59614.0,1786.0,6,2527,742.0,2,9985.0,1,0,1268,Poor,0.167,0
40,Employed,73344.0,3983.0,5,1754,680.0,3,23490.0,1,0,27147,Good,0.32,0
34,Employed,35411.0,100.0,3,1547,565.0,2,13697.0,1,0,8744,Poor,0.387,1
22,Unemployed,46391.0,100.0,9,923,771.0,1,337.0,3,0,17875,Good,0.007,0
29,Employed,61126.0,1209.0,14,3002,630.0,1,23864.0,1,0,3248,Average,0.39,1
57,Self-Employed,64069.0,5128.0,12,2034,646.0,3,8568.0,1,0,8445,Average,0.134,1
40,Self-Employed,65591.0,4016.0,15,2182,850.0,2,13512.0,2,1,10918,Good,0.206,0
46,Employed,50971.0,100.0,11,605,627.0,0,7576.0,1,0,17184,Excellent,0.149,0
49,Self-Employed,44690.0,1063.0,7,1991,736.0,1,25849.0,1,0,18386,Excellent,0.578,0
21,Employed,200000.0,9364.0,6,4805,722.0,3,83318.0,0,0,43883,Excellent,0.417,0
55,Employed,90565.0,3329.0,5,3754,709.0,1,58001.0,0,1,39053,Average,0.64,0
26,Employed,69032.0,2437.0,8,1092,701.0,2,15234.0,1,1,19941,Excellent,0.221,0
57,Unemployed,48379.0,395.0,8,739,708.0,1,7140.0,1,1,1095,Good,0.148,0
25,Employed,42912.0,2809.0,10,2095,700.0,3,25486.0,1,0,2314,Excellent,0.594,0
53,Employed,51182.0,912.0,14,1705,676.0,2,2183.0,3,0,6093,Good,0.043,1
34,Unemployed,64611.0,5279.0,13,2760,793.0,1,11766.0,0,0,12994,Average,0.182,0
32,Employed,19552.0,1790.0,10,1499,582.0,2,10132.0,3,0,3691,Good,0.518,0
62,Self-Employed,23200.0,3081.0,10,620,757.0,1,4407.0,0,0,1000,Poor,0.19,1
40,Self-Employed,38747.0,2092.0,10,843,742.0,2,21347.0,1,0,15142,Good,0.551,0
44,Self-Employed,61637.0,1937.0,5,2539,732.0,2,10141.0,1,0,22806,Poor,0.165,0
63,Unemployed,48218.0,2582.0,1,1834,764.0,4,18867.0,1,0,17579,Good,0.391,0
54,Unemployed,124002.0,4117.0,3,6180,673.0,1,66337.0,1,0,30587,Average,0.535,0
45,Employed,24337.0,3116.0,4,435,540.0,2,15944.0,3,1,10926,Excellent,0.655,1
49,Self-Employed,36383.0,100.0,1,2007,675.0,4,0.0,0,0,16278,Poor,0.0,0
59,Employed,126898.0,7303.0,1,5189,606.0,2,60565.0,1,0,52291,Average,0.477,1
51,Employed,59113.0,2275.0,4,518,625.0,2,18544.0,2,1,24899,Good,0.314,1
63,Employed,89478.0,1995.0,4,4624,587.0,2,7164.0,3,0,27825,Excellent,0.08,0
43,Employed,169953.0,4553.0,7,7775,644.0,2,84688.0,1,0,26656,Excellent,0.498,0
64,Unemployed,37553.0,1019.0,11,1586,635.0,1,15522.0,1,0,4515,Excellent,0.413,1
58,Unemployed,52076.0,2753.0,6,1853,502.0,0,27669.0,1,0,5875,Good,0.531,1
40,Employed,47347.0,1860.0,15,1684,733.0,1,10943.0,1,0,8496,Good,0.231,0
43,Employed,18771.0,250.0,1,503,847.0,2,393.0,0,1,4237,Average,0.021,0
65,Employed,46368.0,3224.0,11,1454,725.0,1,30440.0,2,0,11185,Average,0.656,0
36,Self-Employed,89292.0,1741.0,1,2613,665.0,1,37650.0,3,0,23575,Average,0.422,1
62,Self-Employed,74044.0,1563.0,6,1917,676.0,0,26306.0,0,0,13657,Good,0.355,1
28,Employed,77310.0,3699.0,14,2866,648.0,1,47371.0,0,0,15235,Average,0.613,0
41,Employed,44737.0,1533.0,12,1191,687.0,2,14693.0,2,0,22941,Average,0.328,0
21,Employed,38339.0,3659.0,7,1344,677.0,3,19745.0,2,0,10312,Poor,0.515,0
28,Employed,110545.0,3896.0,2,5765,617.0,1,16369.0,1,0,45163,Average,0.148,0
49,Unemployed,41838.0,2474.0,3,2664,806.0,4,21082.0,2,0,8786,Average,0.504,0
52,Employed,64656.0,2614.0,11,1927,568.0,1,22386.0,1,1,1000,Good,0.346,0
58,Employed,60170.0,100.0,2,2178,734.0,3,8577.0,1,0,4350,Average,0.143,0
25,Employed,122889.0,3034.0,6,1875,672.0,1,26022.0,3,0,19597,Average,0.212,1
42,Employed,93842.0,4340.0,1,2669,823.0,2,7882.0,0,0,4701,Good,0.084,0
54,Unemployed,26976.0,331.0,7,634,706.0,1,1532.0,2,1,5190,Poor,0.057,0
21,Employed,28622.0,2257.0,10,100,653.0,3,0.0,2,0,1000,Good,0.0,0
46,Employed,75621.0,1693.0,14,3410,661.0,1,51332.0,2,0,3970,Average,0.679,0
63,Employed,53088.0,3444.0,2,1504,683.0,3,43127.0,0,0,20195,Excellent,0.812,1
30,Self-Employed,42819.0,3074.0,5,1921,594.0,0,36932.0,0,0,12018,Good,0.863,1
50,Employed,96152.0,6475.0,1,5632,622.0,0,43451.0,2,0,34194,Excellent,0.452,0
38,Self-Employed,60973.0,1595.0,10,2755,546.0,4,35524.0,2,0,18741,Good,0.583,1
37,Employed,56610.0,100.0,14,1175,611.0,1,15538.0,0,0,24597,Good,0.274,1
46,Employed,84457.0,6050.0,14,5731,687.0,2,43679.0,1,0,12400,Good,0.517,0
28,Employed,44747.0,2833.0,10,2291,703.0,5,23817.0,2,0,1409,Poor,0.532,0
60,Employed,130323.0,2268.0,7,2011,532.0,0,16397.0,1,0,21302,Excellent,0.126,0
32,Employed,35656.0,652.0,5,2063,670.0,5,4616.0,1,0,10824,Good,0.129,0
47,Employed,78937.0,5252.0,5,1706,722.0,0,33179.0,3,1,14665,Good,0.42,0
28,Self-Employed,121018.0,5878.0,8,4540,668.0,6,17252.0,2,0,12185,Excellent,0.143,0
45,Self-Employed,25786.0,100.0,8,430,632.0,2,14511.0,2,0,6424,Average,0.563,1
24,Employed,45536.0,536.0,13,705,649.0,2,26647.0,0,0,5625,Good,0.585,0
53,Employed,103084.0,5628.0,8,1326,639.0,1,18826.0,0,0,36678,Good,0.183,0
21,Employed,103940.0,7138.0,12,854,632.0,0,35979.0,1,0,30094,Good,0.346,0
39,Employed,50049.0,1677.0,3,2614,693.0,4,28208.0,1,0,19547,Good,0.564,0
51,Self-Employed,36718.0,100.0,8,2100,850.0,2,9271.0,1,0,13369,Average,0.252,0
36,Employed,93046.0,2273.0,5,1207,624.0,4,73059.0,2,0,7415,Good,0.785,0
34,Employed,105455.0,100.0,1,3768,656.0,4,72461.0,0,0,28336,Good,0.687,1
25,Self-Employed,28985.0,493.0,4,1673,676.0,0,3108.0,0,0,3428,Poor,0.107,0
61,Self-Employed,28366.0,2311.0,11,394,628.0,1,5584.0,0,0,15782,Poor,0.197,0
46,Employed,62254.0,2000.0,12,2253,762.0,2,41244.0,3,0,10017,Excellent,0.663,0
48,Employed,77749.0,4611.0,5,1363,502.0,2,56448.0,1,0,9379,Excellent,0.726,1
22,Employed,46658.0,1371.0,8,1002,640.0,2,19297.0,0,0,7050,Excellent,0.414,1
26,Employed,79913.0,2334.0,10,1729,741.0,4,9768.0,2,0,24001,Good,0.122,0
29,Unemployed,37217.0,1695.0,2,1064,658.0,1,15336.0,1,1,12988,Good,0.412,1
53,Self-Employed,17189.0,764.0,6,100,618.0,1,6210.0,2,0,5814,Excellent,0.361,0
61,Self-Employed,43562.0,345.0,4,1226,713.0,5,34144.0,1,0,15477,Excellent,0.784,0
45,Employed,56946.0,1290.0,3,1287,748.0,4,29999.0,1,0,22061,Average,0.527,0
33,Self-Employed,47258.0,1997.0,11,3134,696.0,2,20831.0,1,1,12674,Excellent,0.441,0
29,Employed,29081.0,1957.0,9,211,620.0,2,5634.0,0,0,7628,Average,0.194,1
33,Employed,20262.0,2577.0,5,331,714.0,2,22607.0,2,0,1051,Good,1.116,1
51,Employed,41454.0,100.0,2,1959,650.0,1,6724.0,1,0,11046,Good,0.162,0
61,Employed,90111.0,4355.0,3,1393,736.0,4,8505.0,2,0,28227,Good,0.094,0
31,Self-Employed,109754.0,2524.0,9,3559,791.0,2,42784.0,3,0,18574,Excellent,0.39,0
24,Employed,105697.0,8840.0,8,4838,485.0,2,36754.0,1,1,37150,Good,0.348,1
54,Employed,35113.0,100.0,12,923,688.0,3,23999.0,1,0,11730,Excellent,0.683,0
58,Employed,29160.0,847.0,6,1537,550.0,0,12074.0,1,0,5593,Good,0.414,1
24,Employed,72275.0,1176.0,8,3466,850.0,1,28765.0,1,0,14519,Good,0.398,0
58,Employed,77994.0,1799.0,1,2652,645.0,3,23242.0,0,0,6436,Excellent,0.298,0
39,Employed,68541.0,3199.0,2,2129,736.0,1,22669.0,2,0,9856,Poor,0.331,0
26,Self-Employed,18167.0,1143.0,6,100,677.0,0,7891.0,3,0,6262,Excellent,0.434,0
54,Employed,34143.0,836.0,5,1521,620.0,1,23237.0,1,0,10050,Average,0.681,1
38,Employed,54109.0,100.0,14,1007,611.0,4,23647.0,2,0,10713,Good,0.437,1
33,Employed,71902.0,1998.0,1,2385,799.0,2,46932.0,4,0,10398,Poor,0.653,0
61,Self-Employed,83877.0,6045.0,4,3678,752.0,0,34409.0,0,0,12600,Poor,0.41,0
43,Employed,59541.0,3414.0,8,2082,826.0,4,11359.0,0,0,10194,Excellent,0.191,0
39,Employed,65974.0,1653.0,9,2331,684.0,5,6660.0,0,1,16365,Good,0.101,1
65,Employed,57628.0,1368.0,12,3556,702.0,1,29963.0,2,0,1000,Average,0.52,0
31,Employed,80192.0,2883.0,1,3004,660.0,3,24149.0,2,0,30690,Excellent,0.301,0
21,Employed,65327.0,3039.0,2,3903,658.0,2,15438.0,1,1,7324,Excellent,0.236,0
44,Self-Employed,57025.0,3352.0,3,1456,602.0,2,8519.0,3,0,16733,Good,0.149,1
27,Employed,47453.0,2265.0,7,3000,686.0,1,38656.0,0,0,7069,Good,0.815,0
45,Employed,57515.0,4448.0,5,533,621.0,3,14554.0,2,0,10891,Good,0.253,1
41,Self-Employed,71798.0,3129.0,12,1356,713.0,1,34844.0,1,0,28665,Good,0.485,0
35,Employed,63717.0,3940.0,2,2397,693.0,2,3176.0,3,1,6785,Good,0.05,0
21,Employed,67815.0,2118.0,12,2658,702.0,3,25533.0,0,0,21992,Excellent,0.377,0
32,Employed,115103.0,5807.0,3,4590,806.0,3,25988.0,1,1,1000,Average,0.226,0
27,Employed,63636.0,3561.0,8,382,677.0,0,21935.0,1,0,25812,Good,0.345,1
35,Employed,38489.0,824.0,4,902,737.0,2,16772.0,2,1,4502,Average,0.436,0
41,Employed,89418.0,3349.0,11,2094,834.0,2,44718.0,1,1,37293,Poor,0.5,0
39,Self-Employed,25944.0,760.0,11,667,778.0,2,11700.0,4,0,2145,Excellent,0.451,0
49,Unemployed,30343.0,486.0,12,560,766.0,2,7091.0,0,0,10251,Average,0.234,0
45,Employed,66158.0,2380.0,10,2055,657.0,0,43558.0,1,0,17559,Poor,0.658,1
53,Employed,73065.0,4789.0,9,2270,697.0,0,44625.0,2,0,21846,Good,0.611,0
52,Employed,27731.0,100.0,14,300,581.0,1,24327.0,4,0,5107,Average,0.877,1
55,Self-Employed,44558.0,1403.0,6,750,717.0,4,13463.0,2,0,7421,Good,0.302,0
64,Employed,39409.0,2651.0,8,1755,701.0,4,22765.0,1,1,15776,Average,0.578,0
58,Employed,42084.0,1408.0,10,2455,682.0,3,25738.0,1,0,12739,Poor,0.612,0
46,Self-Employed,92417.0,5064.0,6,4557,757.0,3,39123.0,4,0,26429,Poor,0.423,0
31,Self-Employed,81119.0,3764.0,2,1318,589.0,1,37115.0,1,0,16431,Good,0.458,0
55,Self-Employed,54425.0,3124.0,10,626,803.0,4,9404.0,2,1,1000,Good,0.173,0
28,Employed,40734.0,2175.0,8,100,748.0,2,24956.0,1,0,14836,Excellent,0.613,0
34,Self-Employed,26181.0,1232.0,7,100,675.0,3,14701.0,1,1,7676,Good,0.562,1
30,Self-Employed,120113.0,6260.0,4,3494,669.0,0,53923.0,2,0,18446,Average,0.449,0
22,Employed,76172.0,1286.0,6,2708,716.0,0,38404.0,5,0,18394,Excellent,0.504,0
29,Employed,37288.0,2823.0,9,1158,794.0,3,13346.0,0,1,10177,Poor,0.358,0
23,Employed,81705.0,313.0,1,2894,688.0,2,24409.0,2,0,19738,Good,0.299,0
41,Unemployed,52916.0,1716.0,11,350,691.0,2,24297.0,2,0,3707,Good,0.459,1
46,Employed,46966.0,887.0,9,1534,681.0,5,2163.0,0,1,17940,Average,0.046,0
28,Employed,69874.0,2234.0,10,3254,814.0,3,37426.0,1,1,26212,Poor,0.536,0
22,Employed,36580.0,219.0,4,1578,652.0,3,20451.0,2,0,2951,Average,0.559,1
26,Self-Employed,45525.0,1142.0,1,1422,678.0,3,7450.0,2,0,19817,Good,0.164,0
48,Employed,58800.0,3754.0,15,2477,790.0,5,,2,0,18574,Average,0.275,0
49,Employed,41789.0,1897.0,8,1892,691.0,3,18488.0,1,0,8840,Poor,0.442,0
46,Employed,79466.0,5602.0,11,2684,765.0,2,23236.0,0,0,10073,Good,0.292,0
45,Unemployed,153749.0,10714.0,8,6637,612.0,4,47131.0,0,1,24387,Average,0.307,0
32,Employed,36324.0,940.0,9,1995,665.0,1,24285.0,2,0,6794,Good,0.669,1
25,Employed,22010.0,100.0,12,700,791.0,2,14764.0,0,0,5676,Excellent,0.671,0
54,Self-Employed,18290.0,356.0,10,100,629.0,2,7567.0,0,0,8267,Good,0.414,0
57,Employed,50632.0,2128.0,1,1517,669.0,4,27975.0,1,0,15732,Good,0.553,0
35,Unemployed,38191.0,1305.0,12,1108,699.0,2,17711.0,0,0,19689,Good,0.464,0
64,Employed,61661.0,3496.0,11,3435,606.0,2,39221.0,4,0,26569,Good,0.636,1
56,Employed,59161.0,694.0,2,2935,649.0,0,29915.0,2,0,15974,Good,0.506,0
35,Employed,22773.0,100.0,15,1275,688.0,0,9676.0,1,0,7113,Average,0.425,0
63,Employed,20270.0,100.0,6,824,684.0,3,0.0,0,0,5467,Excellent,0.0,0
43,Self-Employed,64722.0,3116.0,11,2747,776.0,5,11573.0,0,1,3040,Good,0.179,0
26,Employed,59253.0,2306.0,5,2130,796.0,1,22784.0,3,0,11487,Average,0.385,0
64,Self-Employed,43516.0,1181.0,14,851,616.0,3,11701.0,0,0,7565,Good,0.269,0
63,Employed,22107.0,1750.0,3,1312,688.0,2,5974.0,1,1,1000,Excellent,0.27,0
65,Employed,71279.0,6004.0,3,1736,731.0,1,51442.0,1,0,6605,Good,0.722,0
41,Employed,110706.0,2453.0,15,5182,794.0,2,25982.0,2,0,39294,Average,0.235,0
43,Unemployed,64086.0,4049.0,9,2114,734.0,2,7793.0,1,0,29879,Excellent,0.122,0
63,Employed,34509.0,3263.0,1,1160,702.0,1,6046.0,0,1,3251,Average,0.175,0
36,Employed,56364.0,642.0,11,1649,730.0,1,29899.0,2,0,11884,Good,0.53,0
35,Employed,25945.0,827.0,4,1358,731.0,2,13757.0,2,0,9670,Good,0.53,1
45,Employed,98417.0,3512.0,7,4452,610.0,3,64409.0,0,0,15823,Good,0.654,0
56,Employed,57532.0,2680.0,5,1040,694.0,2,31613.0,4,0,21057,Excellent,0.549,0
31,Unemployed,20798.0,100.0,9,270,789.0,1,19471.0,2,0,7353,Good,0.936,0
35,Employed,46617.0,1521.0,10,1209,664.0,4,29792.0,1,0,5720,Average,0.639,0
24,Self-Employed,70962.0,4951.0,12,3267,690.0,1,13685.0,0,0,10644,Good,0.193,0
41,Employed,45794.0,3416.0,15,961,662.0,5,15486.0,0,1,6642,Poor,0.338,0
33,Employed,47257.0,1431.0,8,979,506.0,2,18016.0,0,0,24775,Poor,0.381,1
42,Unemployed,28048.0,1052.0,1,100,682.0,0,10160.0,0,0,8313,Excellent,0.362,0
39,Employed,75108.0,1048.0,8,2435,703.0,1,38745.0,0,0,31783,Excellent,0.516,0
54,Unemployed,38501.0,2376.0,15,2103,642.0,2,12349.0,0,0,1000,Good,0.321,0
34,Employed,16798.0,859.0,10,1244,593.0,3,5240.0,0,0,1008,Good,0.312,1
24,Unemployed,44842.0,3875.0,10,1808,614.0,2,19726.0,0,0,9337,Average,0.44,0
47,Employed,94346.0,2644.0,11,3812,737.0,0,25695.0,0,0,34547,Excellent,0.272,0
49,Employed,44457.0,1559.0,5,1257,828.0,0,16081.0,1,0,12977,Average,0.362,0
48,Employed,143054.0,3707.0,6,4852,784.0,2,88640.0,1,1,54592,Excellent,0.62,0
55,Employed,69635.0,903.0,15,3475,579.0,1,30672.0,3,0,9708,Good,0.44,1
28,Employed,66264.0,3398.0,1,1301,744.0,2,60469.0,1,0,4586,Good,0.913,0
36,Employed,51250.0,2656.0,11,3001,630.0,3,38585.0,1,0,2623,Poor,0.753,1
62,Employed,52973.0,4317.0,11,1750,636.0,2,17961.0,2,0,20757,Average,0.339,1
56,Employed,47582.0,1655.0,5,1221,645.0,0,20715.0,0,0,20949,Average,0.435,0
50,Self-Employed,46576.0,2682.0,15,2090,733.0,2,28937.0,1,0,11956,Excellent,0.621,0
38,Employed,73649.0,3394.0,4,1271,752.0,3,35679.0,0,0,11538,Average,0.484,0
22,Employed,32872.0,2404.0,11,1223,673.0,2,16734.0,1,0,1000,Average,0.509,0
33,Employed,30435.0,1009.0,12,2120,674.0,2,8501.0,3,0,10704,Average,0.279,1
24,Employed,29653.0,2687.0,13,2282,715.0,1,13877.0,0,0,1000,Excellent,0.468,0
46,Employed,169431.0,3357.0,11,4360,723.0,5,43650.0,2,0,18964,Good,0.258,0
45,Employed,73628.0,4499.0,9,3994,768.0,1,53833.0,1,0,27945,Excellent,0.731,0
50,Unemployed,65027.0,5184.0,4,1023,584.0,3,21828.0,2,0,19935,Poor,0.336,1
31,Self-Employed,30744.0,1687.0,13,401,682.0,1,1053.0,2,0,8611,Good,0.034,0
27,Employed,77492.0,3422.0,6,4397,600.0,4,11299.0,3,0,7003,Average,0.146,1
51,Employed,51584.0,3663.0,10,1844,676.0,2,38437.0,4,0,6344,Good,0.745,1
64,Employed,61876.0,3602.0,11,1715,663.0,2,37009.0,0,0,11320,Average,0.598,1
30,Employed,32143.0,421.0,3,1255,676.0,3,17748.0,0,0,2298,Excellent,0.552,0
59,Self-Employed,60068.0,3130.0,11,2114,620.0,1,29373.0,1,1,1195,Average,0.489,1
33,Employed,43564.0,100.0,9,2201,568.0,3,15985.0,2,0,12271,Average,0.367,1
51,Employed,36098.0,100.0,8,1243,523.0,0,3636.0,1,0,8354,Excellent,0.101,1
27,Employed,82359.0,1374.0,9,1991,670.0,2,63140.0,1,1,9925,Good,0.767,0
62,Employed,23608.0,677.0,10,1519,648.0,0,17418.0,0,0,14159,Average,0.738,0
62,Self-Employed,75035.0,1085.0,6,3301,629.0,1,8207.0,1,0,28058,Good,0.109,0
56,Employed,80142.0,3277.0,11,2034,779.0,0,21096.0,0,0,15503,Poor,0.263,0
40,Self-Employed,33904.0,2808.0,13,1392,616.0,1,2742.0,2,1,9326,Excellent,0.081,0
24,Unemployed,35028.0,1390.0,8,1091,786.0,1,14127.0,3,0,7724,Poor,0.403,0
27,Employed,48651.0,2078.0,1,1022,802.0,2,22565.0,1,0,14139,Good,0.464,0
21,Self-Employed,64229.0,3761.0,1,1853,534.0,2,3444.0,1,0,7692,Poor,0.054,1
64,Employed,50565.0,819.0,14,1193,687.0,3,30637.0,0,1,15892,Good,0.606,1
65,Unemployed,69811.0,4473.0,10,2406,650.0,1,29998.0,2,0,24542,Average,0.43,0
62,Unemployed,145035.0,7319.0,13,2086,462.0,2,36638.0,1,0,37696,Average,0.253,1
33,Self-Employed,41600.0,100.0,4,1282,,1,3224.0,1,0,21238,Good,0.078,1
42,Employed,21413.0,1508.0,1,1072,738.0,2,11147.0,1,0,10480,Average,0.521,0
41,Self-Employed,86625.0,5948.0,13,2796,831.0,2,10039.0,1,0,11152,Average,0.116,0
42,Employed,138817.0,1291.0,7,7667,748.0,4,12690.0,0,0,55731,Excellent,0.091,0
48,Self-Employed,68262.0,2864.0,4,1538,704.0,2,2044.0,3,0,13293,Average,0.03,0
29,Unemployed,30237.0,1535.0,1,1136,678.0,2,8489.0,2,1,8849,Average,0.281,1
46,Employed,51377.0,3205.0,1,2769,806.0,1,9827.0,1,0,13680,Good,0.191,0
29,Employed,29730.0,2703.0,14,1676,841.0,2,512.0,1,1,14893,Excellent,0.017,0
35,Employed,78328.0,2441.0,13,2599,636.0,1,,0,1,11929,Good,0.604,0
30,Employed,26157.0,1932.0,6,1833,530.0,1,7759.0,1,0,1000,Average,0.297,0
44,Employed,46631.0,2373.0,6,982,523.0,3,29746.0,0,1,7143,Average,0.638,1
62,Self-Employed,31657.0,835.0,6,100,779.0,2,9498.0,1,1,3511,Good,0.3,0
28,Unemployed,58973.0,1870.0,9,278,676.0,2,1088.0,2,1,20535,Good,0.018,0
44,Unemployed,44963.0,3202.0,12,864,694.0,2,23932.0,0,0,10477,Excellent,0.532,0
36,Employed,60616.0,2333.0,7,662,546.0,0,5946.0,1,1,14629,Good,0.098,1
46,Self-Employed,55680.0,505.0,7,2344,624.0,2,0.0,0,0,14206,Excellent,0.0,0
47,Self-Employed,31966.0,1522.0,1,1968,658.0,2,17738.0,1,0,6062,Good,0.555,0
57,Employed,77643.0,4495.0,8,2851,696.0,2,2984.0,2,0,33617,Good,0.038,0
24,Employed,53544.0,1088.0,6,841,650.0,2,20618.0,0,1,5723,Good,0.385,1
44,Employed,31933.0,1606.0,14,1290,602.0,3,0.0,1,0,1000,Average,0.0,1
39,Unemployed,188640.0,8602.0,11,6890,621.0,3,55061.0,1,0,16655,Poor,0.292,1
56,Employed,71477.0,844.0,12,1158,771.0,1,809.0,3,0,5515,Excellent,0.011,0
59,Self-Employed,50554.0,919.0,5,1317,698.0,1,31627.0,0,0,1400,Excellent,0.626,0
30,Employed,119785.0,4323.0,6,2428,726.0,3,42648.0,0,0,49665,Good,0.356,0
45,Self-Employed,151462.0,10631.0,13,5688,613.0,3,63674.0,1,0,29264,Poor,0.42,0
38,Employed,50774.0,938.0,9,1660,458.0,2,24075.0,2,0,13128,Good,0.474,1
39,Employed,66580.0,814.0,4,1824,641.0,3,44942.0,2,0,22215,Average,0.675,0
56,Employed,31942.0,4263.0,7,604,615.0,3,12971.0,1,0,11536,Good,0.406,0
30,Employed,50723.0,1063.0,14,1415,706.0,4,34512.0,1,0,20174,Poor,0.68,0
53,Self-Employed,49296.0,1431.0,13,1520,850.0,3,19410.0,2,1,21185,Excellent,0.394,0
25,Employed,60885.0,2265.0,3,3068,732.0,1,27964.0,1,0,20517,Excellent,0.459,0
55,Employed,66046.0,100.0,14,1736,850.0,3,38853.0,0,0,6312,Excellent,0.588,0
64,Employed,74831.0,2731.0,2,2907,723.0,1,51137.0,4,0,27167,Average,0.683,1
54,Employed,62680.0,1165.0,3,1699,633.0,2,15424.0,1,0,8664,Average,0.246,1
53,Employed,28259.0,100.0,7,819,706.0,1,15299.0,0,0,1287,Excellent,0.541,0
41,Employed,32825.0,2318.0,6,1473,814.0,4,16498.0,0,0,12402,Excellent,0.503,0
37,Unemployed,40724.0,1303.0,3,1452,817.0,2,1981.0,1,0,5916,Average,0.049,0
42,Employed,47092.0,1624.0,4,1744,637.0,3,23280.0,2,0,8367,Average,0.494,0
57,Self-Employed,98029.0,2033.0,1,5772,699.0,2,39394.0,1,1,24629,Poor,0.402,0
35,Unemployed,29012.0,296.0,7,685,573.0,1,9947.0,0,0,2131,Excellent,0.343,1
55,Employed,45185.0,1523.0,5,2248,742.0,2,5188.0,2,0,11675,Good,0.115,0
48,Employed,92897.0,2745.0,1,2766,797.0,3,22099.0,2,0,46853,Poor,0.238,0
27,Employed,46637.0,1819.0,12,1653,683.0,3,0.0,4,0,14363,Excellent,0.0,1
52,Unemployed,70850.0,100.0,15,2307,630.0,2,11671.0,0,0,8258,Good,0.165,0
31,Unemployed,50937.0,3654.0,4,1809,707.0,1,22040.0,3,1,12242,Good,0.433,0
30,Employed,63343.0,4520.0,13,2839,711.0,1,33805.0,2,0,15687,Excellent,0.534,0
29,Self-Employed,48505.0,3471.0,11,875,686.0,6,20321.0,1,0,7718,Average,0.419,0
34,Employed,79378.0,100.0,4,3419,693.0,3,10544.0,2,0,20360,Average,0.133,0
33,Unemployed,23513.0,100.0,13,511,667.0,1,4542.0,0,0,8053,Excellent,0.193,0
45,Unemployed,45038.0,436.0,14,3043,755.0,1,25146.0,1,0,12285,Excellent,0.558,0
22,Employed,64744.0,100.0,7,1822,735.0,0,28454.0,4,0,20566,Average,0.439,0
55,Employed,73764.0,4909.0,11,656,606.0,2,60741.0,3,1,23412,Excellent,0.823,1
27,Employed,125018.0,7466.0,6,5171,604.0,0,75860.0,2,0,21647,Average,0.607,1
41,Employed,44357.0,1437.0,10,1721,661.0,2,18509.0,1,0,15774,Excellent,0.417,1
38,Self-Employed,124095.0,4607.0,10,1618,735.0,0,7278.0,1,0,25955,Average,0.059,0
23,Employed,38278.0,1135.0,14,673,691.0,2,25044.0,3,0,17352,Good,0.654,0
62,Employed,114216.0,2600.0,4,2002,632.0,2,21875.0,0,1,43695,Good,0.192,0
59,Employed,86223.0,763.0,15,5077,700.0,1,47981.0,1,1,6521,Good,0.556,1
61,Unemployed,33279.0,162.0,5,1514,655.0,3,18575.0,2,0,14320,Excellent,0.558,0
31,Employed,65118.0,2337.0,14,1177,746.0,3,29442.0,0,0,17142,Average,0.452,0
59,Employed,53472.0,2844.0,2,1499,705.0,1,11397.0,4,0,24033,Good,0.213,0
44,Employed,77587.0,4184.0,7,3314,656.0,3,21362.0,0,0,10027,Good,0.275,0
39,Unemployed,48644.0,2122.0,9,2262,697.0,2,4636.0,2,0,2171,Good,0.095,0
24,Self-Employed,46449.0,2883.0,9,2595,779.0,3,0.0,1,0,1252,Good,0.0,0
46,Employed,116785.0,3314.0,7,3926,637.0,2,58714.0,2,0,21292,Good,0.503,0
58,Employed,52093.0,1637.0,7,2715,710.0,4,33915.0,2,0,18644,Excellent,0.651,0
62,Employed,86649.0,1000.0,8,1823,675.0,3,48229.0,1,0,8650,Excellent,0.557,1
52,Employed,48589.0,2777.0,5,2140,712.0,5,14324.0,0,0,18719,Excellent,0.295,0
59,Employed,137551.0,7111.0,1,7175,631.0,4,10256.0,1,0,36039,Average,0.075,0
65,Unemployed,37873.0,100.0,15,1792,688.0,2,228.0,0,0,11487,Excellent,0.006,0
56,Employed,39234.0,2006.0,12,1153,763.0,1,9465.0,1,0,4726,Average,0.241,0
60,Self-Employed,127207.0,8851.0,10,4884,610.0,0,91929.0,1,0,31472,Average,0.723,0
57,Employed,43061.0,2305.0,10,1164,580.0,2,13942.0,2,0,10684,Average,0.324,0
53,Self-Employed,132678.0,6052.0,13,6323,583.0,1,86420.0,1,0,43697,Average,0.651,1
56,Self-Employed,89823.0,4856.0,11,3030,592.0,0,50267.0,0,0,25459,Excellent,0.56,1
23,Employed,50515.0,676.0,10,1630,725.0,2,18590.0,1,1,9547,Poor,0.368,0
29,Employed,20288.0,298.0,3,629,575.0,2,13153.0,0,0,2025,Good,0.648,1
28,Employed,54419.0,1625.0,3,1354,658.0,4,12684.0,1,1,18930,Average,0.233,0
53,Employed,58162.0,3840.0,13,1632,726.0,1,17024.0,1,0,13239,Good,0.293,0
26,Employed,104512.0,3815.0,3,4477,711.0,2,63518.0,1,0,1000,Excellent,0.608,0
61,Employed,131760.0,6781.0,15,6653,651.0,0,51612.0,1,1,19579,Average,0.392,0
59,Unemployed,37735.0,2142.0,11,1018,694.0,2,9407.0,2,1,10483,Good,0.249,1
24,Employed,85454.0,3644.0,5,2423,688.0,2,15300.0,4,1,14863,Poor,0.179,0
33,Self-Employed,83789.0,3814.0,13,4062,663.0,3,47591.0,3,1,29710,Average,0.568,0
22,Employed,99257.0,2491.0,13,4827,664.0,2,0.0,4,0,43686,Average,0.0,0
25,Self-Employed,72357.0,1110.0,13,1208,848.0,2,50276.0,1,0,12608,Average,0.695,0
64,Employed,18896.0,709.0,13,758,741.0,1,1791.0,0,0,1629,Good,0.095,0
47,Self-Employed,50494.0,1515.0,7,2297,850.0,0,26145.0,2,1,2405,Average,0.518,0
52,Employed,29128.0,1719.0,9,1844,643.0,2,20998.0,2,1,3283,Good,0.721,0
41,Employed,49200.0,826.0,4,2369,674.0,2,18582.0,0,0,19778,Poor,0.378,0
28,Employed,94286.0,5781.0,8,1429,580.0,1,38460.0,1,0,34741,Good,0.408,0
58,Employed,65051.0,2556.0,10,1072,619.0,0,43741.0,0,0,6632,Excellent,0.672,1
28,Employed,103418.0,1924.0,6,2259,823.0,4,55178.0,2,1,19676,Average,0.534,0
23,Employed,66373.0,878.0,13,1413,641.0,1,38093.0,2,0,23103,Excellent,0.574,0
64,Employed,26930.0,2821.0,3,1641,824.0,2,7342.0,1,0,1000,Good,0.273,0
23,Self-Employed,15000.0,100.0,10,676,587.0,4,0.0,2,1,3064,Good,0.0,1
42,Employed,59691.0,100.0,5,2899,601.0,1,1828.0,1,0,20203,Average,0.031,1
26,Employed,48895.0,4591.0,8,1034,654.0,1,6557.0,1,0,22667,Good,0.134,0
22,Self-Employed,32137.0,1347.0,1,1339,675.0,3,15465.0,1,1,13201,Poor,0.481,1
43,Employed,21585.0,100.0,3,1144,749.0,2,10412.0,3,1,7637,Excellent,0.482,0
64,Employed,36716.0,2225.0,8,1237,714.0,3,22471.0,0,0,6324,Good,0.612,0
22,Employed,49420.0,2217.0,7,2794,649.0,2,10448.0,2,0,16418,Good,0.211,0
58,Unemployed,79326.0,1501.0,1,2710,670.0,2,30952.0,1,0,5743,Average,0.39,0
37,Self-Employed,61013.0,1187.0,14,2383,656.0,2,39958.0,3,0,17620,Average,0.655,1
55,Self-Employed,133189.0,3375.0,12,6158,611.0,4,99179.0,1,0,29594,Excellent,0.745,0
54,Employed,31117.0,653.0,4,309,613.0,1,16310.0,1,1,1000,Good,0.524,1
43,Self-Employed,89292.0,3326.0,15,2005,757.0,2,54971.0,1,0,13855,Good,0.616,0
50,Employed,56450.0,897.0,5,2488,543.0,1,29683.0,1,0,2488,Average,0.526,1
28,Employed,80592.0,3610.0,12,3751,,0,49033.0,0,1,40143,Good,0.608,0
42,Employed,43261.0,965.0,5,3212,654.0,2,24016.0,2,0,6569,Average,0.555,0
64,Employed,99162.0,2825.0,5,3746,622.0,5,71753.0,0,0,26026,Good,0.724,0
56,Employed,64696.0,3284.0,4,1313,735.0,3,7344.0,1,0,23738,Poor,0.114,0
25,Employed,37850.0,2089.0,12,1075,791.0,2,28722.0,0,0,21968,Poor,0.759,0
33,Employed,54637.0,837.0,9,2064,764.0,3,17599.0,3,1,18272,Good,0.322,0
49,Employed,48211.0,1396.0,1,1495,718.0,3,12163.0,1,0,7613,Poor,0.252,0
51,Self-Employed,71979.0,100.0,7,2762,762.0,3,12115.0,0,0,8864,Average,0.168,0
36,Employed,28745.0,1661.0,14,1825,551.0,3,15560.0,3,0,8263,Average,0.541,1
62,Self-Employed,54119.0,2461.0,15,2404,641.0,2,24331.0,0,0,18232,Good,0.45,0
50,Employed,68358.0,6997.0,1,1429,612.0,0,54702.0,1,0,2556,Good,0.8,1
36,Self-Employed,56008.0,1026.0,3,1625,772.0,4,5048.0,2,0,18506,Good,0.09,0
32,Employed,115371.0,691.0,11,1924,651.0,0,38860.0,0,0,10746,Excellent,0.337,0
37,Employed,84187.0,5279.0,15,2102,743.0,3,28323.0,0,1,13774,Poor,0.336,0
36,Employed,54774.0,2780.0,10,1687,720.0,2,17875.0,1,0,18835,Excellent,0.326,1
32,Employed,61961.0,2306.0,13,2058,615.0,3,16579.0,3,0,7393,Good,0.268,1
28,Self-Employed,64712.0,100.0,5,3482,636.0,1,35895.0,2,1,25530,Average,0.555,0
40,Employed,68659.0,1004.0,15,3010,777.0,2,8070.0,0,0,14261,Average,0.118,0
23,Employed,20150.0,708.0,11,1023,622.0,4,0.0,0,0,4064,Good,0.0,1
36,Self-Employed,46595.0,914.0,8,987,689.0,1,3372.0,1,0,16273,Average,0.072,0
50,Employed,24310.0,100.0,11,100,621.0,3,13438.0,0,0,3480,Good,0.553,0
65,Employed,111095.0,4522.0,7,3168,,2,30562.0,2,0,41347,Average,0.275,1
43,Employed,53190.0,794.0,7,1896,677.0,0,5984.0,2,0,11285,Average,0.113,0
48,Employed,49452.0,2438.0,5,2348,621.0,2,11726.0,1,1,20453,Excellent,0.237,0
60,Employed,90069.0,4074.0,10,3510,608.0,2,60294.0,5,0,11040,Good,0.669,1
25,Employed,69381.0,2326.0,7,2194,701.0,5,3491.0,1,0,26716,Average,0.05,0
40,Unemployed,29565.0,3732.0,12,1291,617.0,3,11456.0,3,0,5660,Poor,0.387,1
60,Employed,52896.0,1937.0,10,1236,619.0,5,30957.0,4,0,13342,Excellent,0.585,0
64,Employed,45741.0,1002.0,3,1378,610.0,2,28335.0,2,1,5323,Good,0.619,1
21,Employed,21070.0,100.0,11,571,674.0,2,14131.0,2,1,6689,Good,0.671,1
50,Unemployed,37625.0,105.0,4,1543,751.0,3,17301.0,0,0,12010,Good,0.46,0
41,Self-Employed,49719.0,2889.0,4,1740,793.0,2,20218.0,0,1,2876,Average,0.407,0
40,Employed,51630.0,2567.0,14,100,626.0,1,39832.0,1,0,20738,Excellent,0.771,1
26,Self-Employed,24340.0,250.0,15,1212,841.0,2,14341.0,2,0,1633,Good,0.589,0
42,Employed,103622.0,2860.0,2,4116,605.0,3,31440.0,0,0,12327,Good,0.303,1
38,Employed,51997.0,100.0,5,3178,761.0,2,5980.0,2,0,20099,Good,0.115,0
28,Employed,56148.0,100.0,13,494,626.0,2,43595.0,1,1,6738,Good,0.776,0
59,Employed,68558.0,2033.0,9,1489,615.0,1,41928.0,1,0,26893,Average,0.612,0
52,Employed,35655.0,2317.0,2,1843,624.0,3,26249.0,1,0,12348,Excellent,0.736,0
53,Unemployed,70692.0,100.0,11,800,676.0,1,9516.0,3,0,13734,Good,0.135,0
36,Employed,44945.0,1085.0,15,803,723.0,1,14579.0,0,1,19172,Good,0.324,0
32,Unemployed,33589.0,804.0,1,1990,730.0,1,6622.0,2,0,18385,Poor,0.197,0
58,Employed,75394.0,3563.0,10,2722,609.0,5,15607.0,3,0,27283,Good,0.207,1
54,Employed,124930.0,4109.0,8,3689,606.0,1,87255.0,1,0,34986,Excellent,0.698,1
34,Employed,81940.0,3002.0,5,2596,611.0,2,20469.0,0,0,27628,Average,0.25,1
56,Employed,91375.0,4248.0,4,2470,672.0,4,27403.0,3,0,5343,Good,0.3,0
53,Employed,41305.0,3447.0,14,769,664.0,3,33499.0,1,0,9211,Good,0.811,0
43,Employed,22843.0,1052.0,3,1045,609.0,2,8935.0,2,0,8395,Good,0.391,0
65,Employed,124825.0,1379.0,7,3297,700.0,0,69830.0,0,1,37109,Excellent,0.559,0
22,Employed,170258.0,8312.0,7,3310,850.0,1,75133.0,0,0,16202,Average,0.441,0
61,Self-Employed,128493.0,7085.0,9,3376,642.0,3,97224.0,2,0,8575,Good,0.757,1
41,Employed,45725.0,1159.0,4,1597,647.0,2,25954.0,2,0,1199,Good,0.568,0
22,Employed,29145.0,438.0,3,1974,722.0,2,19434.0,1,0,8121,Excellent,0.667,0
47,Employed,30606.0,1740.0,6,1375,638.0,1,8878.0,1,0,4291,Poor,0.29,0
29,Unemployed,21786.0,2115.0,6,722,730.0,1,14290.0,1,0,5224,Excellent,0.656,0
21,Self-Employed,51846.0,1842.0,5,2264,626.0,2,36614.0,2,1,10856,Poor,0.706,1
31,Employed,133014.0,4264.0,13,6283,817.0,2,9155.0,2,1,30123,Good,0.069,0
23,Employed,50877.0,2828.0,13,1227,706.0,2,31733.0,4,1,24512,Good,0.624,0
43,Employed,64950.0,1503.0,2,2313,633.0,0,16784.0,1,0,16200,Good,0.258,1
46,Unemployed,117203.0,7697.0,11,4656,636.0,2,14863.0,0,0,39197,Average,0.127,0
24,Employed,44039.0,3978.0,2,533,641.0,1,18739.0,1,0,5306,Average,0.426,0
38,Employed,168490.0,6874.0,5,8283,783.0,3,15118.0,1,1,60000,Average,0.09,0
26,Employed,164512.0,9653.0,14,5905,585.0,2,120000.0,4,0,13168,Good,0.729,1
55,Employed,51174.0,2332.0,3,2087,630.0,3,41298.0,0,0,16314,Average,0.807,0
42,Unemployed,40032.0,100.0,3,2307,638.0,3,16564.0,2,0,1663,Excellent,0.414,0
63,Employed,80706.0,4173.0,13,1785,679.0,1,39454.0,2,0,8624,Good,0.489,0
35,Employed,45431.0,1512.0,10,1115,660.0,1,14833.0,2,1,4209,Excellent,0.326,1
42,Employed,29114.0,2815.0,8,453,568.0,1,15747.0,2,0,12032,Excellent,0.541,1
57,Self-Employed,111276.0,4848.0,1,2747,650.0,1,73032.0,1,0,33965,Average,0.656,0
62,Self-Employed,107381.0,6680.0,5,4081,673.0,3,25057.0,1,0,18582,Poor,0.233,0
32,Employed,59911.0,2172.0,5,1693,633.0,6,27926.0,0,1,4257,Average,0.466,1
62,Employed,27461.0,100.0,9,815,732.0,3,5893.0,6,1,13038,Poor,0.215,1
58,Self-Employed,27969.0,205.0,14,1545,749.0,4,21663.0,2,0,1000,Excellent,0.775,0
38,Employed,58341.0,578.0,1,1807,674.0,2,33876.0,3,1,11241,Good,0.581,0
65,Employed,41779.0,2733.0,11,1433,697.0,1,31231.0,3,0,1000,Good,0.748,0
55,Employed,45592.0,2601.0,1,1251,518.0,2,17198.0,1,0,10873,Good,0.377,1
50,Unemployed,96487.0,173.0,3,5015,648.0,5,42278.0,2,0,29104,Good,0.438,0
44,Employed,82317.0,5142.0,6,1711,755.0,3,59679.0,2,0,32521,Good,0.725,0
62,Self-Employed,117368.0,6462.0,9,6451,648.0,0,32814.0,1,0,37888,Poor,0.28,0
50,Self-Employed,31896.0,100.0,10,1704,625.0,4,4132.0,2,0,7609,Excellent,0.13,0
34,Employed,45539.0,3063.0,7,692,850.0,2,29992.0,2,0,17402,Average,0.659,0
26,Employed,83494.0,5440.0,11,1382,816.0,3,13534.0,3,0,21654,Good,0.162,0
23,Employed,70371.0,3498.0,10,2811,715.0,3,19736.0,1,0,31601,Poor,0.28,0
36,Employed,127759.0,3037.0,9,5119,765.0,2,57582.0,0,0,49219,Excellent,0.451,0
27,Employed,69313.0,4436.0,2,1334,513.0,1,17274.0,1,0,29993,Excellent,0.249,0
34,Employed,151987.0,2860.0,5,8075,621.0,1,112431.0,1,0,16741,Good,0.74,0
29,Self-Employed,74021.0,5555.0,15,1561,645.0,3,70053.0,0,0,14064,Excellent,0.946,0
35,Unemployed,98645.0,4331.0,1,2392,662.0,2,31535.0,2,1,13752,Excellent,0.32,0
41,Employed,46035.0,2611.0,8,1542,643.0,4,24774.0,1,0,12991,Good,0.538,1
55,Employed,55434.0,3564.0,3,3563,489.0,2,30034.0,2,1,18212,Average,0.542,1
22,Employed,90772.0,5165.0,7,2257,709.0,2,35179.0,2,0,5989,Average,0.388,0
47,Self-Employed,133549.0,7433.0,14,3026,721.0,3,24150.0,2,0,26006,Good,0.181,0
22,Self-Employed,82139.0,4450.0,1,4003,800.0,2,58032.0,2,0,28616,Poor,0.707,0
55,Employed,52541.0,181.0,14,1031,621.0,0,25752.0,2,0,15190,Good,0.49,1
38,Employed,117316.0,6530.0,12,3115,615.0,1,22977.0,2,1,6468,Excellent,0.196,1
34,Self-Employed,16473.0,3444.0,6,100,479.0,7,10809.0,0,0,13523,Good,0.656,1
40,Employed,25156.0,100.0,13,166,658.0,1,14901.0,2,0,1000,Poor,0.592,0
38,Employed,80016.0,4417.0,11,1722,748.0,4,23911.0,2,0,37281,Average,0.299,0
30,Employed,55428.0,1775.0,9,2722,634.0,4,30529.0,1,0,7738,Average,0.551,1
45,Employed,76736.0,3173.0,5,2120,841.0,1,17513.0,0,0,17243,Excellent,0.228,0
22,Employed,56983.0,982.0,7,2794,661.0,3,11220.0,1,1,13035,Good,0.197,0
45,Self-Employed,75290.0,4298.0,7,3744,691.0,3,51019.0,0,0,17992,Average,0.678,0
53,Self-Employed,35143.0,669.0,8,2142,578.0,2,21055.0,0,0,12296,Excellent,0.599,1
56,Employed,75271.0,3162.0,11,2356,702.0,2,18309.0,0,1,9104,Average,0.243,0
51,Unemployed,95037.0,6221.0,13,4875,532.0,0,65401.0,1,0,40041,Good,0.688,1
34,Employed,107623.0,4540.0,11,2193,732.0,2,18459.0,0,0,38289,Good,0.172,0
21,Self-Employed,166465.0,9030.0,5,1164,734.0,5,29781.0,0,1,15277,Poor,0.179,0
36,Employed,62903.0,2876.0,11,1938,782.0,1,811.0,0,1,21948,Excellent,0.013,0
23,Self-Employed,63943.0,2103.0,11,2027,604.0,3,12064.0,2,1,9237,Poor,0.189,1
55,Unemployed,23798.0,828.0,12,175,692.0,1,0.0,1,0,1000,Average,0.0,0
61,Employed,41061.0,3087.0,11,1091,722.0,0,27873.0,0,0,6552,Poor,0.679,0
26,Unemployed,49459.0,4478.0,4,876,713.0,3,13025.0,1,0,11155,Good,0.263,1
45,Self-Employed,98004.0,4106.0,1,4379,615.0,4,25439.0,0,1,32209,Good,0.26,1
33,Self-Employed,39302.0,419.0,8,642,501.0,1,13068.0,1,1,2384,Average,0.333,1
54,Employed,85227.0,4320.0,6,1487,706.0,1,20408.0,1,0,15992,Excellent,0.239,0
28,Self-Employed,54951.0,100.0,1,1649,669.0,1,28289.0,0,0,20379,Excellent,0.515,0
41,Self-Employed,49893.0,4220.0,5,2508,637.0,3,16409.0,1,0,16067,Good,0.329,0
54,Employed,63069.0,2028.0,10,1112,737.0,1,19752.0,1,0,13723,Average,0.313,0
24,Unemployed,44354.0,100.0,2,1016,677.0,0,26683.0,0,0,9553,Good,0.602,0
45,Employed,43439.0,1810.0,6,1672,581.0,3,4276.0,0,0,14560,Excellent,0.098,1
35,Employed,21535.0,1431.0,1,1269,535.0,2,7133.0,3,0,9098,Good,0.331,1
24,Employed,47988.0,849.0,4,1625,595.0,0,15982.0,1,1,18151,Average,0.333,1
65,Employed,42239.0,999.0,3,1516,850.0,5,13444.0,2,0,6958,Average,0.318,0
32,Employed,41411.0,3296.0,6,2286,734.0,0,17101.0,0,0,10049,Good,0.413,0
52,Employed,69173.0,4928.0,7,3699,694.0,2,38060.0,1,0,21670,Excellent,0.55,0
52,Unemployed,79011.0,4072.0,5,3988,666.0,0,36090.0,2,0,6756,Good,0.457,1
48,Employed,62492.0,3368.0,8,933,661.0,5,29295.0,0,0,24493,Good,0.469,1
33,Employed,95089.0,3392.0,14,994,768.0,4,29827.0,1,0,1315,Good,0.314,0
51,Employed,75482.0,4644.0,3,4043,643.0,3,49338.0,2,1,20122,Average,0.654,1
34,Employed,46761.0,1881.0,3,2842,723.0,0,34518.0,2,0,10613,Good,0.738,0
40,Unemployed,42639.0,100.0,2,488,654.0,0,13104.0,2,0,4072,Poor,0.307,0
38,Employed,65326.0,1974.0,9,1381,826.0,4,10124.0,0,0,6511,Good,0.155,0
49,Self-Employed,75407.0,2206.0,4,3211,736.0,1,28414.0,2,1,25919,Good,0.377,0
26,Employed,118646.0,4848.0,2,2691,773.0,4,26890.0,2,0,8956,Good,0.227,0
52,Employed,105898.0,5541.0,7,4469,636.0,3,43702.0,2,0,14615,Average,0.413,0
49,Employed,40834.0,714.0,11,2591,759.0,1,9398.0,5,0,6987,Good,0.23,0
63,Employed,51999.0,1810.0,8,1074,657.0,3,24251.0,1,1,26526,Average,0.466,1
22,Employed,79551.0,3851.0,3,1662,688.0,2,8807.0,0,0,4169,Average,0.111,1
43,Self-Employed,98962.0,5340.0,9,3319,803.0,1,74765.0,2,0,32377,Good,0.755,0
39,Employed,92182.0,2652.0,4,3529,602.0,4,17799.0,2,1,15208,Good,0.193,1
51,Self-Employed,53101.0,1322.0,7,412,695.0,0,20424.0,3,0,11782,Good,0.385,1
25,Employed,27595.0,1531.0,14,347,713.0,2,24019.0,1,0,7700,Average,0.87,0
39,Employed,31751.0,100.0,9,1077,719.0,2,10876.0,1,0,8794,Average,0.343,0
54,Employed,63898.0,3372.0,7,761,646.0,2,37481.0,2,1,29805,Excellent,0.587,0
30,Employed,66391.0,100.0,5,1976,836.0,1,22012.0,1,0,23453,Average,0.332,0
45,Self-Employed,30056.0,848.0,13,982,583.0,1,25788.0,0,1,9675,Excellent,0.858,0
22,Employed,56365.0,2587.0,10,2805,789.0,4,38146.0,0,0,23801,Excellent,0.677,0
31,Employed,77828.0,100.0,14,3553,771.0,2,7513.0,0,1,37334,Good,0.097,0
51,Unemployed,29200.0,232.0,14,1510,823.0,1,13074.0,3,0,11455,Good,0.448,0
35,Employed,100996.0,6734.0,1,5336,561.0,4,18180.0,3,0,19537,Excellent,0.18,0
29,Employed,44687.0,130.0,11,1959,615.0,4,13971.0,2,0,16109,Poor,0.313,1
43,Employed,109840.0,4101.0,13,2772,,1,6524.0,3,0,19318,Average,0.059,0
39,Employed,41015.0,788.0,2,2764,539.0,1,,0,0,18576,Excellent,0.028,1
29,Self-Employed,31271.0,281.0,13,1367,560.0,2,13885.0,1,0,1000,Poor,0.444,1
55,Self-Employed,42750.0,1955.0,7,1254,643.0,1,19020.0,0,0,14523,Good,0.445,0
41,Unemployed,52196.0,1842.0,13,1574,694.0,3,40278.0,0,0,15527,Good,0.772,0
29,Employed,44419.0,1179.0,5,298,799.0,1,12983.0,0,0,6833,Good,0.292,0
48,Employed,48839.0,3290.0,15,565,666.0,3,32183.0,2,1,14799,Good,0.659,1
27,Self-Employed,66090.0,1379.0,15,2216,634.0,1,1630.0,2,1,35377,Excellent,0.025,0
36,Employed,50058.0,2046.0,13,600,703.0,2,11569.0,1,0,11422,Excellent,0.231,0
36,Employed,53036.0,2366.0,9,1451,715.0,6,22376.0,3,0,1000,Good,0.422,0
53,Employed,21483.0,1655.0,3,1168,713.0,2,15390.0,0,0,7540,Average,0.716,0
24,Employed,68222.0,2395.0,9,1693,667.0,4,47989.0,0,1,20764,Poor,0.703,0
24,Employed,52367.0,1260.0,10,981,533.0,2,19782.0,0,0,16702,Good,0.378,1
59,Self-Employed,133352.0,7610.0,6,4728,611.0,2,26432.0,0,1,46806,Good,0.198,0
60,Self-Employed,32805.0,1244.0,14,1708,787.0,4,4595.0,0,0,3590,Average,0.14,0
37,Employed,20344.0,1507.0,10,1366,694.0,2,8792.0,1,0,3235,Average,0.432,0
57,Employed,77267.0,2237.0,10,1329,656.0,2,31941.0,1,1,23861,Excellent,0.413,0
59,Employed,66548.0,,3,1645,764.0,6,22257.0,2,0,22244,Good,0.334,0
49,Self-Employed,31585.0,684.0,1,520,595.0,3,16949.0,0,0,9343,Average,0.537,1
56,Employed,23712.0,249.0,10,694,663.0,2,14763.0,0,0,14956,Average,0.623,0
58,Self-Employed,128112.0,9254.0,9,3817,690.0,1,72645.0,1,0,28605,Good,0.567,0
59,Employed,119713.0,6571.0,11,2436,647.0,0,34791.0,0,1,38286,Good,0.291,0
57,Employed,15000.0,1581.0,3,285,688.0,2,2979.0,2,0,7235,Average,0.199,0
55,Employed,42747.0,1220.0,2,800,666.0,2,5261.0,1,0,1000,Average,0.123,1
27,Self-Employed,137365.0,3885.0,1,2968,575.0,2,22530.0,1,0,10874,Good,0.164,1
47,Employed,42330.0,1179.0,4,217,694.0,2,25038.0,1,0,6075,Average,0.591,0
48,Employed,41993.0,177.0,7,2134,580.0,1,16174.0,0,0,17562,Average,0.385,1
42,Employed,47078.0,100.0,15,1872,692.0,7,29325.0,0,0,8164,Good,0.623,0
34,Self-Employed,29691.0,100.0,3,1874,783.0,5,2196.0,0,0,5792,Good,0.074,0
27,Self-Employed,21536.0,1801.0,10,674,659.0,2,25467.0,0,0,7790,Good,1.183,1
57,Employed,98124.0,4803.0,6,5786,592.0,5,19016.0,0,0,12419,Good,0.194,1
42,Self-Employed,19960.0,1047.0,3,1063,670.0,1,18952.0,0,0,1000,Good,0.949,0
25,Employed,63012.0,1892.0,9,1816,618.0,3,18902.0,1,0,12634,Excellent,0.3,1
22,Employed,89564.0,2116.0,14,3099,725.0,5,12641.0,2,0,13679,Average,0.141,0
47,Employed,24758.0,100.0,14,750,669.0,1,4496.0,2,0,3995,Excellent,0.182,0
41,Employed,33082.0,1182.0,12,1483,808.0,3,1666.0,3,1,14874,Excellent,0.05,0
58,Self-Employed,107188.0,7560.0,15,5510,767.0,3,37616.0,0,0,20879,Good,0.351,0
35,Self-Employed,73731.0,5408.0,7,3151,669.0,1,63388.0,0,0,26960,Good,0.86,0
41,Employed,39167.0,1995.0,6,778,734.0,0,12932.0,2,0,2938,Good,0.33,0
30,Employed,106545.0,5151.0,4,1529,651.0,2,44365.0,0,0,37483,Poor,0.416,1
43,Self-Employed,106797.0,7022.0,4,2253,683.0,2,76810.0,1,0,36990,Excellent,0.719,0
59,Unemployed,63772.0,2192.0,15,3169,653.0,0,44431.0,2,0,11800,Good,0.697,0
25,Employed,33523.0,100.0,4,1690,737.0,1,2497.0,0,0,12298,Good,0.074,0
21,Unemployed,43813.0,2607.0,5,1118,787.0,2,35580.0,1,0,17162,Average,0.812,0
33,Employed,64383.0,1666.0,1,1687,740.0,3,6052.0,3,1,5951,Average,0.094,0
41,Employed,49581.0,3425.0,12,1705,749.0,1,26417.0,2,0,22428,Average,0.533,0
46,Self-Employed,92182.0,2332.0,7,2866,749.0,2,45321.0,1,0,34238,Good,0.492,0
65,Employed,23711.0,2963.0,14,1235,721.0,3,1591.0,3,0,4449,Poor,0.067,0
41,Employed,24179.0,102.0,9,861,595.0,1,15310.0,0,0,9521,Good,0.633,1
38,Employed,60753.0,4036.0,6,1967,808.0,2,7448.0,2,0,12053,Average,0.123,0
57,Self-Employed,41971.0,100.0,13,169,815.0,0,9305.0,2,0,12838,Excellent,0.222,0
65,Self-Employed,38957.0,2522.0,2,991,662.0,0,7101.0,2,0,10609,Average,0.182,0
52,Employed,20799.0,833.0,13,100,652.0,5,23732.0,3,1,8078,Average,1.141,1
56,Employed,55594.0,178.0,7,2269,726.0,2,30371.0,3,0,8561,Excellent,0.546,0
37,Employed,53427.0,2665.0,14,1811,721.0,1,15208.0,2,0,16465,Good,0.285,0
55,Employed,78787.0,5536.0,3,2959,665.0,1,9894.0,1,1,11401,Good,0.126,0
31,Employed,,2456.0,6,1115,586.0,0,23886.0,1,0,9780,Average,0.418,0
41,Self-Employed,51132.0,3359.0,9,3792,703.0,2,30341.0,0,0,6913,Good,0.593,0
46,Employed,105076.0,4486.0,14,5501,721.0,1,67777.0,1,0,34795,Good,0.645,0
24,Employed,26722.0,1961.0,10,1453,734.0,1,19184.0,1,0,1000,Good,0.718,0
54,Employed,,4747.0,12,2903,706.0,4,47080.0,2,0,15985,Average,0.637,0
38,Employed,21938.0,1185.0,8,100,660.0,2,12905.0,2,0,3284,Good,0.588,1
60,Unemployed,34682.0,1136.0,6,769,755.0,1,4603.0,2,0,6306,Good,0.133,1
55,Employed,28230.0,100.0,14,961,685.0,2,0.0,2,0,8321,Good,0.0,0
61,Employed,84555.0,4975.0,10,1300,645.0,0,41332.0,1,1,40464,Average,0.489,1
49,Employed,53057.0,100.0,5,1925,666.0,3,17118.0,1,1,14880,Average,0.323,1
49,Employed,54593.0,3616.0,15,2064,549.0,3,38304.0,1,0,6845,Poor,0.702,1
58,Employed,29923.0,871.0,14,505,666.0,0,13806.0,0,0,15950,Excellent,0.461,0
62,Employed,46642.0,1958.0,4,875,732.0,2,0.0,2,0,17696,Poor,0.0,0
41,Employed,36141.0,100.0,13,625,705.0,3,10440.0,1,0,14461,Good,0.289,0
62,Employed,67913.0,3507.0,8,1420,794.0,0,46317.0,4,0,9858,Average,0.682,0
33,Employed,31888.0,2823.0,6,375,660.0,1,24622.0,1,0,5490,Average,0.772,1
61,Employed,114288.0,5941.0,11,1496,717.0,0,8690.0,4,0,10909,Good,0.076,0
37,Unemployed,21884.0,188.0,8,320,739.0,0,12663.0,2,0,5756,Average,0.579,1
29,Employed,35295.0,,12,836,850.0,3,16656.0,1,1,9306,Average,0.472,0
61,Employed,138351.0,4822.0,9,2856,691.0,2,39840.0,2,0,37793,Excellent,0.288,1
21,Employed,43294.0,1002.0,4,1311,,1,11654.0,3,0,8428,Excellent,0.269,1
22,Employed,26686.0,100.0,10,2264,744.0,3,6877.0,0,0,9195,Excellent,0.258,0
49,Self-Employed,62043.0,3166.0,2,1888,820.0,2,30339.0,1,0,8210,Poor,0.489,0
53,Employed,42346.0,100.0,7,2490,656.0,1,16121.0,3,0,12130,Average,0.381,1
30,Self-Employed,34730.0,379.0,8,2110,743.0,1,22847.0,3,0,15935,Good,0.658,0
60,Employed,30102.0,700.0,4,1152,772.0,3,5733.0,1,0,9452,Excellent,0.19,0
41,Employed,200000.0,12589.0,2,4578,756.0,0,45229.0,2,1,12744,Poor,0.226,0
48,Self-Employed,47893.0,2819.0,13,2924,,3,30525.0,0,0,6322,Excellent,0.637,0
31,Employed,19073.0,1775.0,9,363,628.0,2,18359.0,1,0,7531,Good,0.963,1
54,Employed,125070.0,8213.0,3,2602,674.0,1,38780.0,3,0,10784,Excellent,0.31,0
28,Employed,76970.0,3613.0,13,2103,714.0,1,7327.0,1,0,26260,Average,0.095,0
42,Self-Employed,36081.0,3142.0,3,554,748.0,2,6795.0,1,1,14863,Excellent,0.188,0
28,Employed,32921.0,100.0,9,377,705.0,2,4227.0,1,0,15344,Good,0.128,0
35,Self-Employed,79658.0,4357.0,8,1179,652.0,2,,1,0,17517,Good,0.042,1
37,Employed,48016.0,1094.0,4,1733,722.0,3,16396.0,1,0,16995,Poor,0.341,0
43,Self-Employed,19069.0,1465.0,10,552,745.0,0,17550.0,1,1,3544,Good,0.92,0
44,Employed,146983.0,8818.0,4,7491,708.0,2,40761.0,3,0,1171,Good,0.277,0
65,Self-Employed,,3082.0,12,986,617.0,3,27168.0,1,0,1000,Good,0.627,1
39,Employed,125198.0,8187.0,14,5704,666.0,3,70010.0,2,0,11156,Excellent,0.559,0
25,Unemployed,111105.0,5608.0,14,4546,751.0,4,17179.0,0,0,22313,Average,0.155,0
52,Employed,31715.0,1627.0,1,2852,576.0,2,10883.0,1,0,5680,Excellent,0.343,1
64,Employed,97085.0,3703.0,13,5080,523.0,1,10490.0,2,0,30976,Good,0.108,1
21,Employed,38438.0,100.0,1,353,793.0,3,9357.0,2,0,4147,Excellent,0.243,0
43,Employed,19701.0,2051.0,15,1821,718.0,1,10406.0,1,0,2450,Average,0.528,0
57,Employed,43545.0,537.0,14,2581,726.0,0,10791.0,1,0,22068,Average,0.248,0
28,Unemployed,68445.0,3773.0,15,1846,599.0,1,30637.0,1,0,18206,Excellent,0.448,1
33,Unemployed,42642.0,2505.0,12,771,735.0,0,6330.0,1,0,3674,Excellent,0.148,0
28,Employed,46454.0,3451.0,11,1976,701.0,5,2452.0,1,0,15733,Average,0.053,0
43,Unemployed,103161.0,5406.0,9,3393,561.0,3,24058.0,2,0,35287,Average,0.233,1
63,Employed,58318.0,3063.0,13,2533,787.0,0,17184.0,0,0,8616,Excellent,0.295,0
21,Employed,34588.0,1527.0,1,607,692.0,3,8031.0,0,0,12262,Good,0.232,0
65,Self-Employed,80919.0,5315.0,2,2927,650.0,0,14328.0,3,1,22535,Good,0.177,1
44,Employed,61317.0,4245.0,7,629,652.0,1,29666.0,0,0,18058,Excellent,0.484,0
55,Unemployed,15000.0,1144.0,13,827,529.0,0,3098.0,5,1,5422,Good,0.207,1
44,Employed,69611.0,3015.0,2,2846,725.0,0,15383.0,0,1,19756,Average,0.221,0
37,Employed,68227.0,3683.0,11,1231,700.0,1,31447.0,0,1,19876,Average,0.461,1
25,Employed,55612.0,1012.0,4,1269,665.0,3,14328.0,2,0,15412,Good,0.258,0
40,Employed,89816.0,5964.0,10,3711,776.0,0,57457.0,2,0,20986,Good,0.64,0
41,Employed,37997.0,100.0,2,918,576.0,2,11163.0,1,0,1000,Average,0.294,1
60,Unemployed,66182.0,2092.0,14,2163,635.0,1,9620.0,1,0,14563,Poor,0.145,1
51,Self-Employed,23231.0,486.0,12,1514,616.0,6,10929.0,0,0,3098,Average,0.47,1
56,Self-Employed,68802.0,2071.0,3,1728,659.0,4,32350.0,3,0,18129,Excellent,0.47,0
31,Employed,161018.0,2917.0,6,3659,685.0,1,48472.0,5,0,36404,Good,0.301,1
35,Employed,31822.0,1586.0,7,666,712.0,1,0.0,2,1,2970,Average,0.0,0
39,Employed,36214.0,1283.0,12,2102,654.0,2,4268.0,1,0,15486,Average,0.118,1
27,Employed,37219.0,323.0,2,726,614.0,2,14743.0,3,0,15296,Excellent,0.396,1
48,Employed,59076.0,2156.0,9,1156,806.0,5,10520.0,0,0,22353,Average,0.178,0
63,Self-Employed,30651.0,1420.0,2,1309,850.0,3,17884.0,1,0,8106,Excellent,0.583,0
25,Employed,69340.0,988.0,4,2904,691.0,1,36930.0,2,0,32848,Excellent,0.533,0
25,Employed,87628.0,1998.0,5,2538,623.0,3,61942.0,1,1,46177,Average,0.707,0
50,Employed,73790.0,3472.0,8,2191,791.0,1,27295.0,1,1,14760,Average,0.37,0
52,Employed,20795.0,100.0,13,785,571.0,3,12686.0,0,1,17150,Average,0.61,1
28,Employed,95076.0,3014.0,12,1098,655.0,3,38799.0,1,0,44006,Excellent,0.408,0
30,Unemployed,92101.0,3545.0,13,4542,628.0,1,73747.0,1,0,29418,Good,0.801,1
58,Employed,86827.0,2482.0,4,1262,593.0,0,19458.0,1,1,17999,Good,0.224,0
52,Self-Employed,67518.0,3983.0,1,1892,659.0,2,14257.0,0,1,2944,Average,0.211,0
48,Employed,62081.0,896.0,12,2362,615.0,4,4463.0,0,0,2641,Good,0.072,0
37,Employed,97042.0,5672.0,7,4540,681.0,2,41163.0,2,0,32890,Good,0.424,0
51,Employed,158423.0,9137.0,9,2625,682.0,3,21426.0,1,0,8430,Excellent,0.135,0
28,Self-Employed,32562.0,2964.0,13,367,633.0,3,6378.0,0,0,1354,Average,0.196,0
60,Self-Employed,99514.0,3799.0,11,4509,652.0,0,41926.0,1,0,3770,Good,0.421,0
45,Employed,52453.0,2351.0,13,237,663.0,2,38886.0,1,0,4549,Good,0.741,0
29,Employed,51214.0,1159.0,12,1616,741.0,2,37543.0,0,0,12938,Excellent,0.733,0
22,Employed,23623.0,2338.0,13,100,669.0,2,17394.0,1,0,5692,Good,0.736,1
35,Employed,47026.0,2634.0,11,832,742.0,2,24221.0,1,0,7792,Excellent,0.515,1
23,Unemployed,31780.0,100.0,5,1067,724.0,1,22245.0,5,0,11950,Good,0.7,0
56,Employed,42615.0,1769.0,11,736,723.0,0,29663.0,1,0,1000,Good,0.696,0
24,Employed,30064.0,1879.0,15,1902,784.0,1,25251.0,1,0,10948,Excellent,0.84,0
34,Employed,42967.0,3487.0,2,2586,596.0,2,16636.0,3,1,5036,Poor,0.387,1
61,Employed,43990.0,2369.0,15,335,645.0,0,7498.0,2,1,9029,Good,0.17,0
61,Employed,58006.0,4012.0,12,2658,812.0,1,4668.0,2,1,21240,Average,0.08,0
45,Employed,22629.0,3118.0,12,597,661.0,4,17124.0,2,0,2863,Excellent,0.757,0
30,Self-Employed,24836.0,100.0,11,987,469.0,2,3292.0,1,0,9563,Good,0.133,1
41,Self-Employed,67114.0,3589.0,9,1166,665.0,2,26049.0,2,0,21896,Good,0.388,1
56,Employed,35472.0,1450.0,3,2046,690.0,0,,0,0,9569,Poor,0.602,0
32,Self-Employed,99318.0,6229.0,2,2259,484.0,0,0.0,1,0,37526,Average,0.0,1
47,Employed,62255.0,1957.0,4,804,780.0,5,44421.0,1,0,1000,Good,0.714,0
60,Employed,76788.0,870.0,4,1818,626.0,2,22814.0,2,0,34044,Average,0.297,1
22,Employed,119488.0,2564.0,13,6215,705.0,2,8779.0,1,0,33811,Good,0.073,1
33,Employed,46386.0,2003.0,15,1821,663.0,1,32001.0,1,0,6006,Average,0.69,0
52,Employed,40100.0,100.0,15,1088,583.0,2,17639.0,2,0,5668,Good,0.44,1
51,Employed,88834.0,1276.0,11,2862,600.0,3,60613.0,0,0,28629,Good,0.682,0
36,Employed,72789.0,707.0,10,2722,610.0,4,21528.0,3,1,13370,Good,0.296,1
52,Unemployed,49615.0,1262.0,5,2351,761.0,5,30392.0,0,0,16862,Good,0.613,0
52,Employed,118230.0,5877.0,1,3664,669.0,6,28203.0,2,0,6552,Good,0.239,0
54,Employed,48940.0,1860.0,13,1527,641.0,6,16456.0,2,0,15911,Poor,0.336,0
31,Employed,56000.0,2235.0,15,1456,610.0,2,9083.0,0,0,18978,Good,0.162,0
30,Employed,55646.0,100.0,10,740,770.0,4,35848.0,2,0,2863,Average,0.644,0
35,Employed,32895.0,892.0,15,100,790.0,3,8967.0,0,0,7710,Good,0.273,0
37,Self-Employed,57398.0,452.0,11,2552,769.0,1,16853.0,1,1,17530,Average,0.294,0
60,Employed,118576.0,347.0,1,5003,717.0,2,,1,0,12348,Average,0.715,0
38,Employed,70250.0,2598.0,14,3587,702.0,2,28141.0,2,0,7173,Good,0.401,0
29,Employed,55948.0,3740.0,12,1918,,2,22891.0,1,1,16465,Excellent,0.409,0
45,Employed,50318.0,1354.0,13,2144,662.0,4,21499.0,1,0,10601,Good,0.427,0
60,Employed,65977.0,1398.0,10,2946,629.0,5,11940.0,3,0,9735,Average,0.181,1
34,Employed,83072.0,3004.0,7,1605,543.0,2,7416.0,1,0,32228,Excellent,0.089,1
45,Employed,76893.0,4993.0,11,2569,759.0,0,52996.0,4,1,16894,Good,0.689,0
42,Employed,45824.0,100.0,5,3227,628.0,4,11107.0,2,0,4897,Excellent,0.242,1
50,Employed,65757.0,3442.0,14,2912,770.0,3,25784.0,3,0,21006,Good,0.392,0
40,Unemployed,71615.0,3019.0,10,3816,746.0,4,40590.0,3,0,30008,Average,0.567,0
41,Employed,31607.0,1804.0,6,1810,722.0,2,6347.0,1,0,8716,Good,0.201,0
64,Self-Employed,60332.0,3226.0,7,954,726.0,3,33745.0,1,0,11388,Excellent,0.559,0
52,Self-Employed,16754.0,1868.0,1,100,634.0,4,3259.0,1,0,8951,Poor,0.195,1
41,Employed,71717.0,6464.0,5,1829,819.0,1,46705.0,3,0,32580,Poor,0.651,0
55,Employed,79085.0,2192.0,15,2954,683.0,1,17935.0,0,0,33981,Average,0.227,0
52,Employed,82970.0,2103.0,13,1552,703.0,1,15736.0,0,0,25521,Excellent,0.19,0
50,Self-Employed,44259.0,1468.0,8,770,631.0,1,25272.0,0,0,16371,Average,0.571,0
59,Employed,65190.0,3829.0,3,3608,610.0,5,11452.0,2,0,14283,Good,0.176,1
32,Self-Employed,120362.0,4444.0,2,3132,716.0,4,45488.0,0,1,50830,Good,0.378,1
61,Unemployed,119690.0,4196.0,2,1880,696.0,1,75349.0,2,0,49774,Good,0.63,0
38,Self-Employed,54125.0,336.0,4,1393,621.0,2,25459.0,1,0,11771,Good,0.47,1
41,Employed,59380.0,2552.0,7,270,572.0,2,19721.0,1,0,30160,Average,0.332,0
33,Employed,101325.0,1673.0,12,5639,585.0,3,15847.0,1,1,17500,Average,0.156,0
41,Self-Employed,24092.0,1148.0,2,100,770.0,5,19422.0,3,0,3138,Good,0.806,0
28,Employed,46046.0,2121.0,15,1365,634.0,3,14388.0,1,0,4199,Excellent,0.312,1
60,Employed,114651.0,4817.0,6,3638,655.0,1,79792.0,2,1,47718,Good,0.696,0
27,Self-Employed,94037.0,4244.0,13,2345,789.0,2,16230.0,1,1,20834,Average,0.173,0
43,Employed,67385.0,2427.0,7,1580,596.0,2,36394.0,2,0,29403,Average,0.54,1
64,Unemployed,24026.0,390.0,9,705,625.0,1,8764.0,1,0,1000,Excellent,0.365,1
52,Employed,53511.0,2430.0,12,3582,622.0,3,6203.0,0,1,22938,Excellent,0.116,1
31,Employed,39761.0,3233.0,12,1286,801.0,2,9765.0,1,0,8972,Poor,0.246,0
42,Unemployed,65983.0,1008.0,7,1824,830.0,1,12089.0,2,0,23211,Average,0.183,0
42,Employed,35240.0,602.0,1,1703,736.0,4,2995.0,0,0,2222,Average,0.085,0
63,Employed,31286.0,1833.0,8,1181,739.0,4,6161.0,0,0,10619,Excellent,0.197,0
45,Employed,17666.0,218.0,3,1153,636.0,6,16893.0,0,0,8842,Excellent,0.956,0
42,Employed,107697.0,5319.0,13,4906,826.0,2,2812.0,0,0,43475,Good,0.026,0
48,Employed,44144.0,100.0,7,1556,700.0,1,29593.0,0,1,4905,Average,0.67,1
49,Employed,59965.0,4498.0,6,2374,744.0,2,6367.0,2,0,4976,Excellent,0.106,0
33,Employed,54932.0,1397.0,12,1852,672.0,2,29031.0,1,1,19384,Excellent,0.528,0
38,Employed,30577.0,3022.0,15,1517,660.0,1,15963.0,3,0,7275,Poor,0.522,0
22,Self-Employed,27518.0,100.0,3,1639,805.0,6,29892.0,1,0,6850,Excellent,1.086,0
49,Self-Employed,31640.0,1605.0,15,479,720.0,2,18253.0,1,0,1193,Average,0.577,0
41,Employed,36951.0,1626.0,2,551,789.0,4,19830.0,3,0,11895,Good,0.537,0
35,Employed,67287.0,3926.0,4,1449,699.0,3,3463.0,1,0,32251,Good,0.051,0
47,Employed,35506.0,100.0,1,1012,616.0,4,9284.0,1,0,19642,Average,0.261,0
51,Employed,143725.0,4189.0,10,7736,636.0,1,75187.0,2,0,7696,Excellent,0.523,0
35,Self-Employed,96763.0,6906.0,10,4066,688.0,4,30276.0,1,0,17177,Good,0.313,0
43,Self-Employed,85792.0,3570.0,13,2398,633.0,1,25987.0,1,0,41435,Good,0.303,0
44,Employed,51497.0,645.0,7,2427,597.0,1,11685.0,1,0,5829,Good,0.227,0
64,Employed,126493.0,5543.0,3,5607,770.0,1,14205.0,2,0,15863,Average,0.112,0
33,Employed,48785.0,1916.0,13,1830,639.0,0,7520.0,1,0,18037,Excellent,0.154,1
42,Employed,54062.0,3682.0,2,2278,690.0,3,30796.0,1,0,12397,Excellent,0.57,0
63,Employed,60390.0,2157.0,5,1741,702.0,0,0.0,3,0,16695,Excellent,0.0,0
57,Unemployed,80910.0,2909.0,7,3178,636.0,3,33183.0,0,0,21318,Average,0.41,0
53,Self-Employed,78072.0,4333.0,1,816,789.0,1,46314.0,0,0,32068,Good,0.593,0
23,Employed,42352.0,925.0,12,2048,596.0,1,23270.0,1,0,19265,Average,0.549,1
39,Employed,41025.0,1977.0,1,710,700.0,3,28796.0,1,0,16772,Good,0.702,0
43,Unemployed,78201.0,4839.0,15,3517,698.0,5,43804.0,1,0,24898,Average,0.56,0
49,Employed,81509.0,2858.0,10,3781,676.0,2,28232.0,1,1,34126,Good,0.346,0
50,Employed,44300.0,2540.0,8,1210,583.0,1,23379.0,0,0,1000,Average,0.528,0
59,Employed,22974.0,1396.0,5,1015,745.0,5,11543.0,3,0,8872,Good,0.502,0
64,Self-Employed,49073.0,2010.0,8,2088,736.0,1,30863.0,1,1,1000,Good,0.629,0
45,Employed,77500.0,4233.0,11,1809,629.0,6,43040.0,2,1,11447,Good,0.555,1
57,Employed,148460.0,4718.0,3,4075,733.0,2,34958.0,0,0,41691,Average,0.235,0
28,Self-Employed,28459.0,1466.0,2,464,708.0,0,19309.0,0,0,7807,Excellent,0.678,0
62,Self-Employed,43498.0,1611.0,7,2171,584.0,0,22279.0,2,0,17148,Good,0.512,1
36,Unemployed,44397.0,2630.0,6,2118,616.0,3,29449.0,3,0,7577,Poor,0.663,1
28,Employed,115935.0,2304.0,4,3326,765.0,3,,2,0,23346,Average,0.552,0
21,Employed,53953.0,100.0,7,100,703.0,2,20750.0,0,0,21496,Good,0.385,0
64,Self-Employed,33392.0,502.0,13,1515,638.0,1,13566.0,1,0,5692,Average,0.406,1
25,Self-Employed,74785.0,4008.0,9,691,616.0,4,6372.0,1,0,1000,Good,0.085,1
23,Employed,44026.0,3420.0,9,354,641.0,3,17657.0,1,1,5517,Average,0.401,0
21,Employed,28048.0,1403.0,3,100,647.0,4,4016.0,3,1,1000,Excellent,0.143,1
24,Self-Employed,33660.0,1386.0,1,1451,617.0,3,14496.0,1,0,11335,Average,0.431,1
60,Self-Employed,142744.0,6407.0,4,6197,549.0,1,21442.0,0,0,44619,Poor,0.15,1
55,Employed,67942.0,3351.0,10,1816,766.0,2,9941.0,0,0,34804,Good,0.146,0
52,Employed,58358.0,2305.0,13,2508,753.0,2,11807.0,0,0,8220,Good,0.202,0
62,Employed,47937.0,1460.0,1,1989,585.0,3,37052.0,3,1,12953,Excellent,0.773,1
54,Employed,64587.0,1366.0,7,2907,690.0,2,27366.0,0,0,26865,Average,0.424,0
63,Employed,64165.0,1358.0,2,1542,612.0,1,22829.0,0,0,28087,Excellent,0.356,0
45,Employed,64588.0,1472.0,14,1655,660.0,3,30210.0,3,0,1536,Good,0.468,0
30,Employed,58586.0,2371.0,8,1862,654.0,0,32267.0,2,0,9790,Good,0.551,1
41,Employed,88692.0,2300.0,5,2545,648.0,2,39201.0,2,0,17701,Excellent,0.442,0
59,Employed,55703.0,2491.0,10,2298,830.0,2,18737.0,1,1,15241,Average,0.336,0
47,Self-Employed,32120.0,601.0,1,673,647.0,2,8499.0,1,1,8722,Average,0.265,1
47,Employed,39272.0,2720.0,2,1564,619.0,1,11017.0,0,0,19826,Good,0.281,0
22,Employed,18520.0,1997.0,4,974,623.0,1,1375.0,1,0,9501,Good,0.074,1
61,Self-Employed,167684.0,5003.0,3,3591,758.0,4,91219.0,1,0,8036,Good,0.544,0
33,Employed,88398.0,2644.0,13,1818,556.0,1,27171.0,0,0,23164,Excellent,0.307,1
29,Unemployed,34841.0,100.0,5,1002,623.0,2,7722.0,3,0,1873,Excellent,0.222,1
56,Self-Employed,47102.0,2605.0,4,2584,789.0,0,10439.0,1,0,17533,Excellent,0.222,0
42,Employed,38747.0,245.0,2,1465,698.0,1,9877.0,1,0,5625,Good,0.255,0
62,Unemployed,128475.0,4154.0,13,2631,694.0,1,94145.0,1,0,60000,Average,0.733,0
46,Employed,25189.0,2352.0,11,1715,840.0,1,8412.0,0,0,11883,Good,0.334,0
32,Employed,58574.0,2072.0,9,2613,698.0,0,15311.0,2,0,9343,Average,0.261,0
37,Employed,51813.0,814.0,7,2362,627.0,1,30190.0,1,0,7707,Average,0.583,1
34,Employed,86669.0,3910.0,5,2008,659.0,2,28938.0,2,0,18278,Good,0.334,1
34,Unemployed,51942.0,2448.0,12,3287,595.0,1,30788.0,0,1,11901,Excellent,0.593,0
54,Employed,20912.0,690.0,14,550,774.0,3,7769.0,0,0,4595,Average,0.372,0
40,Employed,47905.0,2472.0,12,3017,723.0,2,12504.0,4,0,16602,Excellent,0.261,0
31,Employed,32222.0,2780.0,11,509,764.0,1,21988.0,3,0,13152,Good,0.682,0
36,Employed,57461.0,4039.0,4,833,771.0,5,51665.0,2,0,18636,Good,0.899,0
51,Employed,121041.0,3999.0,10,2621,649.0,1,59643.0,1,0,49458,Poor,0.493,1
26,Employed,21129.0,2689.0,13,331,609.0,4,16166.0,1,1,10782,Average,0.765,1
39,Self-Employed,35418.0,1525.0,13,935,676.0,1,18009.0,1,0,16322,Good,0.508,0
57,Employed,40583.0,688.0,5,1589,615.0,4,5601.0,2,0,1000,Average,0.138,1
24,Self-Employed,44587.0,1314.0,2,526,692.0,2,11732.0,1,0,6898,Good,0.263,0
24,Employed,82632.0,4950.0,8,1306,765.0,2,19477.0,0,0,8119,Excellent,0.236,0
40,Self-Employed,49993.0,3111.0,2,2160,667.0,5,31263.0,0,0,15308,Good,0.625,0
30,Self-Employed,69132.0,1136.0,8,2449,691.0,2,,0,1,29430,Average,0.803,1
44,Employed,38984.0,2984.0,13,930,673.0,1,20329.0,2,0,7826,Good,0.521,0
55,Employed,62414.0,5580.0,5,1777,740.0,1,34807.0,2,0,14866,Good,0.558,0
46,Self-Employed,84362.0,3107.0,4,1748,630.0,2,53723.0,0,1,23917,Poor,0.637,1
57,Employed,36766.0,3529.0,7,1187,515.0,3,11748.0,2,0,1925,Good,0.32,1
58,Unemployed,84528.0,1855.0,1,1023,715.0,2,26491.0,2,0,3386,Good,0.313,0
41,Employed,56607.0,2475.0,7,2974,754.0,4,28393.0,1,0,17527,Average,0.502,0
60,Employed,97742.0,1290.0,10,4961,713.0,2,38972.0,1,1,4384,Poor,0.399,1
59,Employed,49232.0,4441.0,12,2185,632.0,5,33187.0,1,0,1000,Poor,0.674,1
41,Unemployed,67831.0,927.0,5,724,595.0,3,12823.0,0,0,10013,Average,0.189,0
30,Employed,53785.0,3523.0,6,2001,717.0,6,25016.0,1,0,1000,Average,0.465,1
58,Self-Employed,52165.0,2396.0,5,478,691.0,1,21880.0,3,0,1000,Poor,0.419,0
24,Self-Employed,63418.0,2791.0,15,3165,671.0,2,8216.0,2,1,30808,Average,0.13,0
65,Employed,73890.0,3691.0,7,2330,817.0,2,32635.0,1,0,1945,Good,0.442,0
40,Employed,27662.0,1819.0,13,1565,609.0,2,10294.0,4,0,14376,Good,0.372,1
37,Self-Employed,121005.0,2060.0,15,4580,813.0,3,49604.0,2,0,54292,Average,0.41,0
27,Employed,19777.0,1601.0,1,801,682.0,0,25570.0,1,0,1000,Good,1.293,0
24,Self-Employed,37739.0,1054.0,2,1395,542.0,0,5215.0,0,0,16006,Poor,0.138,1
49,Employed,52221.0,100.0,6,1751,667.0,2,27972.0,2,0,13724,Excellent,0.536,1
34,Employed,69002.0,1820.0,15,4315,752.0,2,22651.0,2,0,30164,Poor,0.328,0
23,Self-Employed,130873.0,4089.0,14,3466,653.0,1,23384.0,0,0,48750,Poor,0.179,0
44,Employed,19792.0,100.0,7,100,569.0,3,16643.0,5,0,2226,Excellent,0.841,1
57,Employed,41600.0,2136.0,8,100,668.0,1,19642.0,2,0,1938,Average,0.472,0
36,Employed,17074.0,1420.0,13,746,616.0,2,1856.0,0,0,2145,Good,0.109,0
24,Employed,55965.0,2264.0,4,533,717.0,1,19722.0,1,1,21973,Good,0.352,0
44,Employed,63864.0,1875.0,11,2279,738.0,2,29060.0,0,0,15377,Average,0.455,0
54,Self-Employed,131930.0,8095.0,3,3202,601.0,2,32657.0,0,1,6551,Average,0.248,1
50,Employed,58773.0,2963.0,9,1340,627.0,2,13093.0,4,1,7319,Good,0.223,1
38,Employed,97665.0,5866.0,14,984,737.0,2,23383.0,1,0,19434,Good,0.239,0
39,Employed,75826.0,100.0,2,2129,616.0,3,52586.0,1,0,23840,Excellent,0.694,1
51,Employed,43291.0,2352.0,10,2458,599.0,1,26879.0,0,0,1000,Excellent,0.621,0
39,Employed,25341.0,1884.0,15,380,592.0,3,378.0,0,1,17476,Poor,0.015,1
39,Unemployed,63981.0,2912.0,1,2064,706.0,4,32481.0,2,1,25349,Excellent,0.508,0
42,Self-Employed,24208.0,406.0,6,100,703.0,4,4764.0,2,1,1000,Good,0.197,0
44,Employed,112134.0,3364.0,11,2129,629.0,2,54356.0,1,1,34229,Excellent,0.485,1
65,Employed,50310.0,4341.0,3,951,680.0,0,5446.0,0,0,12179,Average,0.108,0
32,Employed,106132.0,3341.0,7,4358,795.0,3,0.0,1,0,19043,Average,0.0,0
50,Employed,42234.0,154.0,13,1456,607.0,3,19078.0,0,1,1000,Excellent,0.452,1
58,Employed,63765.0,3691.0,12,1630,534.0,2,15239.0,0,0,12662,Average,0.239,1
51,Employed,61712.0,1238.0,13,1962,714.0,1,15420.0,1,0,20384,Good,0.25,0
56,Employed,53654.0,3268.0,15,1931,672.0,0,42254.0,2,0,19398,Average,0.788,1
39,Employed,43353.0,2517.0,8,1536,627.0,5,35512.0,1,0,3709,Good,0.819,0
65,Employed,68250.0,1250.0,14,3023,729.0,0,9403.0,3,0,14579,Good,0.138,0
56,Unemployed,33047.0,2006.0,15,2113,743.0,0,15214.0,1,0,7750,Good,0.46,0
50,Employed,28280.0,249.0,2,226,514.0,1,6619.0,0,0,1673,Average,0.234,1
53,Employed,108950.0,,7,1255,631.0,2,40598.0,1,0,29227,Excellent,0.373,0
38,Employed,82046.0,3099.0,13,2559,850.0,1,54757.0,2,0,30950,Good,0.667,0
48,Employed,57030.0,2770.0,10,2017,724.0,5,43412.0,4,1,12084,Average,0.761,0
31,Self-Employed,137436.0,8415.0,5,2456,731.0,1,76917.0,2,1,21445,Excellent,0.56,0
65,Employed,47468.0,1886.0,12,100,768.0,2,13897.0,3,0,2141,Excellent,0.293,0
53,Employed,113843.0,5325.0,5,3039,681.0,3,38935.0,1,0,32790,Average,0.342,0
37,Employed,60576.0,1840.0,5,3191,740.0,1,27764.0,0,0,14306,Good,0.458,1
26,Self-Employed,31303.0,2231.0,5,1752,734.0,1,1332.0,2,0,4794,Good,0.043,0
24,Employed,151981.0,7142.0,10,1797,720.0,1,17026.0,1,0,8460,Good,0.112,0
40,Employed,94843.0,877.0,5,2216,656.0,2,16093.0,2,0,3138,Good,0.17,0
47,Employed,51458.0,3265.0,14,1862,693.0,1,10257.0,0,0,12810,Good,0.199,0
35,Employed,82046.0,2239.0,7,2228,636.0,3,18277.0,4,0,18746,Good,0.223,0
26,Employed,44049.0,1601.0,11,888,681.0,1,5526.0,0,1,13633,Good,0.125,0
34,Employed,86779.0,3662.0,8,1590,592.0,4,18124.0,0,0,33079,Average,0.209,1
31,Employed,15000.0,324.0,11,394,621.0,1,5441.0,1,0,1000,Good,0.363,0
59,Self-Employed,31389.0,1561.0,15,732,659.0,3,16665.0,0,0,7588,Good,0.531,0
29,Employed,94248.0,5358.0,4,3808,609.0,3,32075.0,1,0,26344,Average,0.34,1
46,Employed,47943.0,100.0,7,745,642.0,3,23554.0,1,0,21805,Excellent,0.491,0
36,Employed,61651.0,1122.0,9,4317,668.0,3,25356.0,2,0,17780,Good,0.411,1
25,Unemployed,26222.0,100.0,15,1210,710.0,1,12471.0,0,0,10615,Excellent,0.476,0
30,Employed,151966.0,2057.0,13,2318,751.0,2,102049.0,3,0,40119,Average,0.672,0
23,Self-Employed,105861.0,7310.0,13,5961,645.0,2,18715.0,1,0,40049,Average,0.177,0
33,Employed,49252.0,2555.0,2,1660,780.0,0,17377.0,0,0,23293,Good,0.353,0
63,Employed,44025.0,1989.0,9,105,750.0,2,9942.0,2,0,12476,Good,0.226,0
50,Employed,96894.0,2616.0,6,1017,718.0,1,23032.0,1,1,8465,Good,0.238,0
65,Employed,163644.0,8841.0,9,5311,692.0,1,11512.0,1,0,39473,Average,0.07,0
26,Unemployed,92935.0,3839.0,7,4281,704.0,0,52272.0,2,0,39756,Good,0.562,0
37,Unemployed,181603.0,6948.0,13,2967,769.0,1,19788.0,1,1,16775,Good,0.109,0
65,Employed,33117.0,1995.0,5,1124,772.0,2,29350.0,4,0,11250,Excellent,0.886,0
39,Employed,35046.0,1956.0,5,585,780.0,5,21577.0,1,1,1000,Excellent,0.616,0
62,Unemployed,28600.0,413.0,1,2262,683.0,1,20780.0,1,0,8379,Good,0.727,0
55,Employed,70127.0,5040.0,3,1035,722.0,3,10561.0,1,0,20741,Excellent,0.151,0
46,Employed,60577.0,2561.0,6,3132,781.0,6,36048.0,3,0,12458,Excellent,0.595,0
25,Employed,50590.0,1345.0,2,516,633.0,2,10858.0,1,0,13977,Excellent,0.215,0
49,Employed,85835.0,1710.0,11,3839,656.0,1,25441.0,3,0,29716,Good,0.296,1
57,Employed,108323.0,1762.0,6,3813,681.0,1,64117.0,3,0,31634,Excellent,0.592,0
40,Employed,23765.0,447.0,15,284,747.0,1,4270.0,1,0,12780,Poor,0.18,0
41,Employed,39607.0,1037.0,14,1660,749.0,3,22935.0,3,0,5490,Average,0.579,0
30,Employed,86350.0,535.0,5,3417,663.0,2,51794.0,1,0,20043,Excellent,0.6,0
25,Employed,42524.0,1140.0,1,925,567.0,1,3653.0,4,0,6741,Average,0.086,1
56,Employed,35457.0,618.0,3,994,698.0,2,13224.0,1,0,5170,Good,0.373,0
26,Self-Employed,96306.0,5466.0,1,2114,611.0,5,49417.0,1,0,13694,Average,0.513,1
46,Employed,27061.0,954.0,13,948,568.0,4,3361.0,1,0,6872,Good,0.124,0
24,Employed,46594.0,557.0,7,1834,585.0,1,35931.0,1,0,22687,Good,0.771,1
59,Unemployed,65897.0,1950.0,11,2603,704.0,3,48012.0,1,0,8368,Good,0.729,0
59,Unemployed,40114.0,100.0,7,1973,782.0,2,16005.0,0,0,17650,Excellent,0.399,0
55,Employed,84611.0,1654.0,1,1992,683.0,2,30959.0,1,0,35630,Average,0.366,0
21,Employed,40223.0,1920.0,8,399,696.0,3,22401.0,1,0,8724,Good,0.557,0
44,Self-Employed,119352.0,8812.0,12,6640,769.0,2,65286.0,1,0,34276,Excellent,0.547,0
56,Self-Employed,51325.0,2262.0,7,2401,564.0,7,23013.0,0,0,7960,Good,0.448,1
26,Unemployed,79562.0,552.0,3,3150,719.0,3,18991.0,2,0,13085,Average,0.239,0
61,Self-Employed,82901.0,6110.0,2,3204,679.0,2,7426.0,0,0,35011,Good,0.09,0
64,Employed,38946.0,100.0,9,327,722.0,3,37630.0,0,0,13948,Average,0.966,0
51,Employed,17777.0,347.0,7,100,644.0,2,8697.0,1,0,6097,Excellent,0.489,0
40,Employed,67071.0,3552.0,6,1574,619.0,0,35070.0,2,0,23489,Average,0.523,0
44,Employed,57231.0,3306.0,5,1706,691.0,0,43221.0,2,0,27789,Good,0.755,0
45,Employed,74667.0,3263.0,5,500,804.0,1,12174.0,1,0,26684,Excellent,0.163,0
56,Employed,48557.0,2363.0,3,635,745.0,3,26831.0,3,0,22933,Good,0.553,0
41,Employed,43406.0,3000.0,14,770,642.0,3,5959.0,2,0,1000,Good,0.137,0
50,Self-Employed,166001.0,5545.0,5,7171,579.0,1,119990.0,2,0,38491,Good,0.723,0
44,Employed,24472.0,100.0,14,1616,554.0,4,815.0,1,0,7151,Poor,0.033,1
64,Employed,82352.0,708.0,12,3135,779.0,0,34943.0,1,1,18928,Good,0.424,0
62,Employed,40097.0,2046.0,8,1162,608.0,2,7764.0,1,0,14741,Poor,0.194,0
50,Employed,45725.0,100.0,2,1208,656.0,0,29950.0,2,0,16955,Excellent,0.655,0
42,Self-Employed,46198.0,510.0,3,1912,779.0,7,0.0,3,0,10009,Poor,0.0,0
48,Self-Employed,35355.0,1521.0,3,1326,559.0,1,11454.0,0,0,2809,Good,0.324,1
27,Unemployed,75302.0,3230.0,13,4852,792.0,1,19312.0,0,1,6260,Good,0.256,0
55,Employed,118177.0,5127.0,6,3076,661.0,5,39802.0,2,1,8753,Average,0.337,1
48,Employed,71225.0,4150.0,1,570,594.0,2,39722.0,2,0,8612,Good,0.558,1
34,Employed,58218.0,3174.0,5,479,661.0,3,3405.0,2,0,14574,Good,0.058,1
30,Employed,31970.0,1043.0,9,2618,626.0,1,12218.0,4,0,4130,Good,0.382,1
36,Self-Employed,73082.0,100.0,13,560,713.0,3,47641.0,0,1,11878,Average,0.652,0
36,Self-Employed,180066.0,9960.0,15,9106,631.0,1,115961.0,2,0,60000,Excellent,0.644,0
51,Self-Employed,44610.0,2164.0,1,1039,537.0,4,12915.0,1,0,11372,Excellent,0.29,1
62,Employed,44725.0,2287.0,6,2032,663.0,1,5131.0,1,0,6478,Excellent,0.115,0
45,Self-Employed,40396.0,3237.0,7,2399,578.0,0,12682.0,1,0,14678,Good,0.314,0
33,Employed,42020.0,717.0,15,874,695.0,2,29456.0,3,0,16866,Excellent,0.701,0
26,Self-Employed,15000.0,100.0,1,1251,591.0,2,15676.0,1,0,1000,Average,1.045,1
64,Employed,68724.0,2556.0,12,2585,643.0,4,33346.0,2,1,17561,Good,0.485,1
29,Employed,34546.0,704.0,15,835,694.0,4,32023.0,0,0,19017,Good,0.927,0
65,Employed,22685.0,716.0,6,312,664.0,4,19956.0,0,0,4815,Good,0.88,1
56,Unemployed,83228.0,5882.0,4,4353,699.0,1,67036.0,0,0,2037,Average,0.805,1
63,Employed,30333.0,521.0,4,991,731.0,2,18295.0,2,0,15246,Good,0.603,0
40,Employed,45653.0,2964.0,13,1677,593.0,2,32040.0,0,0,12109,Good,0.702,0
38,Self-Employed,123208.0,6608.0,6,6039,675.0,2,92206.0,2,0,9519,Good,0.748,0
63,Employed,25337.0,522.0,10,784,430.0,1,0.0,1,1,7532,Good,0.0,1
41,Employed,23675.0,777.0,12,1011,699.0,2,21879.0,0,0,4686,Excellent,0.924,0
24,Employed,63781.0,2577.0,11,1590,657.0,5,17848.0,2,1,12644,Good,0.28,1
53,Employed,103498.0,6014.0,10,4074,606.0,4,43711.0,3,0,35536,Average,0.422,0
47,Unemployed,23137.0,2839.0,11,984,704.0,1,19891.0,0,0,13989,Good,0.86,0
27,Self-Employed,68825.0,4233.0,8,2877,768.0,1,34653.0,1,0,14124,Average,0.503,0
26,Employed,75708.0,1229.0,12,3625,644.0,2,45090.0,0,0,5708,Average,0.596,0
35,Unemployed,17722.0,624.0,3,100,609.0,0,12603.0,0,1,7578,Excellent,0.711,1
38,Employed,85329.0,7076.0,7,2581,692.0,3,24197.0,0,0,5615,Good,0.284,0
52,Employed,89074.0,4217.0,13,2377,580.0,4,7035.0,4,0,13206,Excellent,0.079,1
31,Employed,46333.0,100.0,11,1816,630.0,2,11730.0,1,0,1000,Good,0.253,0
40,Employed,109522.0,5567.0,10,5236,772.0,2,59184.0,0,0,5936,Poor,0.54,0
44,Employed,102759.0,5439.0,4,3095,685.0,4,31884.0,4,0,19440,Average,0.31,0
35,Unemployed,58209.0,3064.0,3,3265,539.0,0,23691.0,3,0,27608,Poor,0.407,1
27,Self-Employed,42907.0,3153.0,3,3006,545.0,3,4979.0,1,0,4101,Excellent,0.116,1
41,Employed,32210.0,1451.0,11,1759,692.0,0,9641.0,1,0,7182,Good,0.299,1
62,Employed,53875.0,2622.0,6,1991,745.0,1,8417.0,2,0,18645,Good,0.156,0
46,Self-Employed,75241.0,3750.0,11,1638,559.0,0,38837.0,0,0,5739,Good,0.516,0
64,Unemployed,46018.0,2632.0,10,2102,714.0,3,15382.0,0,0,20342,Average,0.334,0
34,Self-Employed,16423.0,186.0,8,956,780.0,4,615.0,2,1,9752,Excellent,0.037,0
57,Employed,110512.0,8641.0,14,4524,822.0,3,69422.0,4,0,11364,Excellent,0.628,0
41,Self-Employed,61066.0,3677.0,1,446,705.0,1,27001.0,5,0,26609,Excellent,0.442,0
38,Employed,44636.0,2030.0,13,694,718.0,3,16616.0,1,1,15120,Good,0.372,0
25,Employed,88126.0,1634.0,4,2951,520.0,1,50312.0,1,1,1000,Average,0.571,1
23,Employed,127216.0,9900.0,1,5210,837.0,3,66770.0,1,0,46496,Good,0.525,0
43,Employed,15000.0,681.0,8,401,637.0,6,15162.0,2,0,5611,Good,1.011,1
46,Employed,69838.0,2865.0,14,3482,610.0,4,41018.0,0,1,23022,Average,0.587,1
57,Employed,25095.0,123.0,5,849,661.0,0,5645.0,2,1,8852,Average,0.225,0
44,Employed,72374.0,1380.0,3,1737,793.0,1,25517.0,2,0,17755,Poor,0.353,0
39,Self-Employed,59009.0,5306.0,8,2505,846.0,1,8553.0,1,0,21755,Average,0.145,0
45,Employed,78021.0,2856.0,9,1597,689.0,2,49862.0,2,0,19504,Average,0.639,0
41,Employed,41794.0,3900.0,5,2478,755.0,3,27966.0,1,0,19601,Average,0.669,0
32,Employed,19630.0,2452.0,13,825,683.0,1,4972.0,0,0,7636,Poor,0.253,0
61,Unemployed,42933.0,3355.0,1,1586,602.0,4,11986.0,0,0,7250,Good,0.279,0
53,Employed,68793.0,2734.0,11,2685,791.0,0,17416.0,1,0,29706,Good,0.253,0
24,Employed,96139.0,5530.0,11,2840,633.0,6,44441.0,2,1,33563,Good,0.462,1
62,Employed,28871.0,577.0,6,1647,795.0,0,12502.0,3,0,9805,Excellent,0.433,0
27,Self-Employed,96758.0,5079.0,12,3714,777.0,2,62982.0,4,0,12251,Excellent,0.651,0
42,Unemployed,38513.0,810.0,5,1556,726.0,4,28893.0,0,0,7751,Excellent,0.75,0
53,Employed,67133.0,898.0,12,1073,817.0,3,37055.0,1,1,12842,Average,0.552,0
37,Employed,41550.0,2314.0,14,1633,847.0,1,0.0,1,0,7183,Excellent,0.0,0
44,Unemployed,60796.0,2182.0,11,2906,667.0,3,43861.0,4,1,22597,Poor,0.721,1
54,Employed,89825.0,2040.0,6,3193,619.0,3,59310.0,1,0,1000,Poor,0.66,0
48,Employed,28008.0,100.0,13,1346,540.0,3,9676.0,0,0,13173,Good,0.345,1
63,Employed,37841.0,2326.0,12,213,848.0,4,8064.0,2,0,3265,Average,0.213,0
61,Employed,60890.0,2325.0,12,1346,647.0,1,24481.0,0,0,25970,Good,0.402,0
59,Employed,200000.0,12156.0,4,3947,765.0,3,120000.0,1,0,16955,Excellent,0.6,0
42,Employed,34212.0,100.0,7,636,624.0,3,6343.0,0,0,12093,Average,0.185,0
37,Self-Employed,168917.0,6982.0,14,7519,795.0,1,17343.0,1,0,37801,Good,0.103,0
54,Unemployed,165632.0,9100.0,5,8804,627.0,4,58692.0,4,0,15286,Average,0.354,1
26,Employed,52134.0,372.0,7,754,591.0,2,48517.0,0,0,3660,Average,0.931,1
26,Self-Employed,46682.0,3126.0,10,1713,664.0,5,32206.0,1,0,23746,Poor,0.69,1
54,Employed,37588.0,3680.0,2,2369,640.0,0,6372.0,0,0,1000,Average,0.17,0
21,Employed,52975.0,2028.0,3,1734,725.0,1,28622.0,0,0,29459,Good,0.54,0
30,Employed,25372.0,100.0,13,486,676.0,4,15702.0,2,0,1000,Good,0.619,0
41,Unemployed,52741.0,2922.0,13,1410,727.0,3,24710.0,0,0,12685,Good,0.469,0
25,Self-Employed,125288.0,4398.0,1,5822,658.0,2,87992.0,0,0,48509,Average,0.702,1
22,Employed,39300.0,1412.0,12,254,630.0,2,27993.0,1,1,9031,Excellent,0.712,1
42,Self-Employed,48180.0,1691.0,3,3106,636.0,0,7289.0,3,0,13089,Poor,0.151,0
22,Employed,21579.0,1295.0,8,997,833.0,3,11904.0,0,1,1975,Excellent,0.552,0
30,Unemployed,67563.0,3971.0,5,4541,697.0,1,5460.0,0,1,22898,Good,0.081,0
54,Self-Employed,63612.0,1059.0,9,1307,531.0,0,55337.0,3,0,7903,Good,0.87,1
36,Unemployed,56961.0,3743.0,1,1574,641.0,2,30397.0,1,0,22839,Average,0.534,1
59,Employed,48817.0,1940.0,5,1014,687.0,2,30357.0,1,0,12444,Good,0.622,0
42,Employed,46820.0,1638.0,11,2438,818.0,0,32934.0,1,1,7281,Good,0.703,0
32,Employed,72485.0,2848.0,11,3408,757.0,3,10218.0,0,0,29018,Average,0.141,0
44,Employed,54135.0,985.0,2,2032,611.0,1,14204.0,1,0,21153,Excellent,0.262,0
60,Employed,65403.0,3708.0,8,2399,850.0,2,17416.0,0,0,22179,Good,0.266,0
58,Employed,61903.0,1829.0,2,3016,678.0,3,34120.0,4,0,24381,Good,0.551,0
30,Employed,102025.0,3300.0,11,4354,773.0,1,65617.0,0,0,6421,Good,0.643,0
55,Employed,79812.0,2719.0,9,3389,593.0,1,54680.0,3,0,29462,Excellent,0.685,1
52,Employed,61155.0,3337.0,6,4042,500.0,3,25626.0,0,0,11260,Good,0.419,0
27,Employed,126782.0,2746.0,10,5987,574.0,3,30044.0,1,0,11269,Good,0.237,0
41,Unemployed,69302.0,2630.0,9,1393,436.0,2,8637.0,1,0,1000,Excellent,0.125,1
40,Employed,112738.0,7638.0,2,4740,838.0,5,22035.0,3,0,45214,Average,0.195,0
46,Employed,76796.0,5322.0,9,3097,696.0,3,30425.0,2,0,28553,Excellent,0.396,0
24,Self-Employed,19971.0,100.0,4,543,611.0,2,11305.0,1,0,3310,Average,0.566,1
42,Employed,112730.0,4063.0,13,2819,714.0,2,25157.0,4,0,19867,Good,0.223,0
35,Employed,59245.0,100.0,3,2353,694.0,2,42088.0,2,1,17667,Good,0.71,0
60,Employed,53451.0,3608.0,4,952,727.0,5,27700.0,3,0,15656,Excellent,0.518,0
41,Employed,64205.0,5749.0,11,1129,771.0,2,18505.0,1,0,17714,Good,0.288,0
35,Unemployed,45495.0,100.0,8,1847,658.0,0,20685.0,1,0,10308,Average,0.455,0
42,Employed,62315.0,3066.0,7,2633,614.0,7,26473.0,0,0,14050,Good,0.425,0
48,Employed,39718.0,369.0,6,1349,,4,34132.0,1,0,16430,Average,0.859,0
34,Employed,110851.0,3802.0,1,4432,740.0,1,38968.0,2,0,25441,Poor,0.352,0
47,Employed,51669.0,212.0,2,2734,688.0,5,12350.0,2,0,17817,Good,0.239,0
61,Self-Employed,44563.0,2863.0,10,898,843.0,0,33254.0,0,0,6297,Excellent,0.746,0
60,Employed,33070.0,100.0,15,1377,647.0,4,20065.0,0,0,4605,Good,0.607,1
48,Employed,63762.0,734.0,2,100,613.0,4,24573.0,0,0,12779,Average,0.385,0
46,Employed,60961.0,4402.0,15,2194,711.0,2,,1,0,6854,Average,0.187,0
22,Employed,68099.0,4522.0,8,2238,629.0,4,21071.0,0,1,26793,Average,0.309,0
45,Employed,31260.0,2678.0,5,1377,717.0,0,3528.0,1,0,4980,Good,0.113,0
23,Self-Employed,22798.0,2085.0,5,475,618.0,2,42.0,4,0,8248,Poor,0.002,0
28,Self-Employed,77588.0,5446.0,6,2772,650.0,2,58652.0,2,0,26426,Good,0.756,0
64,Unemployed,124448.0,3504.0,3,4622,822.0,2,17395.0,3,0,22231,Average,0.14,0
53,Self-Employed,31276.0,1492.0,2,2053,650.0,4,8283.0,1,0,3008,Good,0.265,1
62,Self-Employed,131832.0,3709.0,12,4191,620.0,4,70067.0,1,0,25599,Good,0.531,0
55,Employed,64295.0,1721.0,3,1977,768.0,0,36366.0,2,1,15529,Excellent,0.566,0
26,Self-Employed,54787.0,2735.0,13,1460,601.0,2,10025.0,1,0,25078,Average,0.183,1
59,Self-Employed,44198.0,1332.0,5,1795,628.0,3,18936.0,4,0,16343,Excellent,0.428,1
43,Self-Employed,25683.0,1990.0,10,998,723.0,1,0.0,1,0,16284,Excellent,0.0,0
45,Employed,94688.0,2996.0,13,5069,750.0,0,16590.0,1,0,28563,Excellent,0.175,0
63,Employed,35900.0,181.0,9,1402,772.0,0,17823.0,1,0,2223,Average,0.496,0
39,Self-Employed,35818.0,100.0,5,2059,624.0,0,14834.0,1,0,5252,Excellent,0.414,0
25,Self-Employed,94907.0,2217.0,6,3994,725.0,2,14140.0,3,0,36677,Excellent,0.149,0
31,Unemployed,19525.0,1014.0,10,1281,645.0,1,188.0,2,1,7330,Good,0.01,0
32,Employed,23792.0,2340.0,3,1096,635.0,1,1642.0,1,0,1000,Good,0.069,0
30,Employed,54454.0,2249.0,5,1220,770.0,1,40675.0,1,0,14358,Poor,0.747,0
28,Employed,64627.0,2246.0,4,3557,639.0,1,28000.0,2,0,11069,Average,0.433,1
44,Self-Employed,71804.0,1474.0,7,2033,701.0,4,53550.0,1,0,23169,Good,0.746,0
48,Employed,46588.0,2221.0,8,1936,692.0,1,8119.0,0,0,19652,Excellent,0.174,0
61,Employed,200000.0,7109.0,12,5013,600.0,1,120000.0,2,1,48506,Good,0.6,1
56,Unemployed,48521.0,415.0,1,1382,752.0,1,11054.0,0,0,15140,Poor,0.228,0
57,Employed,48444.0,726.0,3,100,722.0,1,9770.0,2,0,11831,Average,0.202,0
41,Self-Employed,35481.0,1863.0,9,100,531.0,4,19112.0,0,0,2457,Average,0.539,1
28,Employed,58879.0,3111.0,14,2213,701.0,1,29343.0,3,0,3107,Good,0.498,0
29,Self-Employed,77135.0,3962.0,1,3726,622.0,5,59962.0,0,0,38145,Excellent,0.777,1
35,Employed,106623.0,4652.0,8,5299,762.0,0,70428.0,0,1,16225,Poor,0.661,0
60,Unemployed,24245.0,3264.0,2,1156,572.0,2,701.0,1,0,7141,Good,0.029,1
38,Unemployed,48040.0,383.0,10,363,653.0,1,15362.0,0,0,5093,Excellent,0.32,0
62,Employed,70317.0,2848.0,10,3366,707.0,3,24675.0,1,0,3343,Excellent,0.351,0
40,Employed,75961.0,2591.0,12,1537,684.0,0,11068.0,2,0,24910,Excellent,0.146,0
26,Employed,55198.0,4134.0,5,2243,737.0,4,37408.0,2,0,9256,Good,0.678,1
32,Employed,74119.0,396.0,3,2787,566.0,3,38242.0,1,0,18284,Average,0.516,1
22,Self-Employed,35248.0,2158.0,7,673,804.0,3,31275.0,2,0,9203,Excellent,0.887,0
27,Employed,129565.0,6972.0,2,1888,719.0,2,56178.0,2,0,35949,Average,0.434,0
36,Employed,94943.0,1164.0,11,2062,782.0,2,32778.0,2,0,13912,Excellent,0.345,0
23,Employed,26249.0,2277.0,8,1856,746.0,3,0.0,1,0,1131,Excellent,0.0,0
65,Self-Employed,30448.0,221.0,1,842,679.0,3,7871.0,0,0,12654,Excellent,0.259,0
23,Unemployed,30924.0,119.0,15,740,584.0,1,17304.0,2,0,5844,Good,0.56,1
47,Employed,79855.0,5061.0,6,1581,638.0,0,64682.0,1,0,29267,Average,0.81,1
63,Employed,27133.0,215.0,13,1336,799.0,2,4069.0,1,1,1897,Average,0.15,0
60,Employed,45845.0,2823.0,12,1198,784.0,5,30520.0,0,0,21037,Average,0.666,0
58,Employed,70628.0,3982.0,15,1163,634.0,2,25708.0,1,0,29013,Average,0.364,0
53,Employed,53034.0,3200.0,3,1284,469.0,2,40779.0,3,1,2870,Excellent,0.769,1
48,Employed,63416.0,3618.0,13,3182,664.0,2,15698.0,1,0,32025,Good,0.248,0
21,Employed,30604.0,100.0,11,352,658.0,0,7704.0,2,0,5405,Average,0.252,0
28,Employed,76287.0,647.0,1,2024,661.0,1,26606.0,1,0,23485,Poor,0.349,1
57,Employed,39255.0,1675.0,10,1354,720.0,0,27195.0,1,0,4199,Average,0.693,0
52,Employed,46007.0,3077.0,1,832,746.0,2,14399.0,2,0,19078,Average,0.313,0
63,Employed,62683.0,100.0,11,935,754.0,5,39750.0,0,1,29832,Good,0.634,0
57,Self-Employed,58208.0,1249.0,12,2437,713.0,1,29134.0,1,0,13338,Average,0.501,0
24,Self-Employed,55730.0,5140.0,3,1465,545.0,1,8846.0,1,1,13515,Good,0.159,1
50,Employed,36397.0,100.0,6,2117,654.0,3,18369.0,1,0,12773,Excellent,0.505,0
26,Employed,46646.0,1631.0,7,1768,850.0,2,26633.0,1,0,13285,Excellent,0.571,0
39,Self-Employed,55066.0,100.0,4,1247,708.0,2,31811.0,0,0,14427,Average,0.578,0
52,Unemployed,25817.0,100.0,12,100,708.0,2,13515.0,0,0,16368,Excellent,0.523,0
29,Employed,42646.0,2298.0,15,1969,707.0,3,0.0,1,0,12288,Poor,0.0,0
32,Employed,68071.0,5760.0,3,2214,711.0,2,33723.0,0,1,1000,Good,0.495,0
31,Employed,27242.0,426.0,3,778,501.0,2,0.0,1,1,7220,Good,0.0,1
36,Employed,103903.0,1463.0,4,3253,662.0,3,50761.0,2,0,37329,Excellent,0.489,1
21,Employed,110567.0,4319.0,3,2852,677.0,2,7932.0,1,0,14563,Excellent,0.072,0
65,Employed,27730.0,100.0,13,1408,776.0,2,3056.0,1,0,8599,Average,0.11,0
41,Self-Employed,116050.0,6197.0,4,1820,684.0,4,13705.0,2,1,2863,Good,0.118,0
50,Employed,50824.0,959.0,6,2121,557.0,1,0.0,3,0,4621,Excellent,0.0,1
33,Employed,69236.0,2316.0,15,1347,712.0,3,57037.0,2,0,32974,Excellent,0.824,0
54,Employed,41853.0,1182.0,12,1491,620.0,4,27215.0,3,0,13382,Excellent,0.65,1
24,Employed,91378.0,5570.0,11,4207,589.0,2,42206.0,1,0,20121,Average,0.462,1
48,Employed,68764.0,3440.0,9,3916,617.0,3,14510.0,0,0,2217,Good,0.211,1
58,Employed,35147.0,1326.0,13,206,721.0,2,23106.0,4,0,3855,Excellent,0.657,0
51,Self-Employed,28976.0,1569.0,11,743,774.0,3,20628.0,3,1,10417,Average,0.712,1
47,Employed,24635.0,100.0,10,1255,716.0,6,19509.0,3,0,9027,Good,0.792,0
25,Self-Employed,60989.0,2630.0,13,2450,727.0,4,16853.0,0,0,18678,Good,0.276,0
45,Unemployed,75354.0,5549.0,10,1129,715.0,2,7946.0,0,0,2145,Good,0.105,0
23,Employed,78678.0,652.0,7,1258,688.0,1,4676.0,0,0,29598,Excellent,0.059,0
53,Employed,51544.0,1332.0,7,100,732.0,3,31179.0,0,0,24428,Good,0.605,0
24,Employed,29107.0,2456.0,7,697,499.0,1,20518.0,0,0,12284,Good,0.705,1
45,Self-Employed,37796.0,2318.0,15,471,688.0,1,18883.0,1,1,4878,Good,0.5,0
40,Unemployed,103661.0,2256.0,5,5453,602.0,1,,2,0,12073,Good,0.355,1
54,Self-Employed,42131.0,818.0,7,2382,767.0,3,18194.0,1,0,13525,Good,0.432,0
46,Employed,59514.0,2806.0,12,2527,669.0,2,22351.0,0,0,16967,Good,0.376,0
25,Employed,30439.0,2330.0,8,1680,682.0,1,17463.0,4,0,11790,Good,0.574,0
55,Employed,66185.0,5916.0,15,1996,567.0,0,22739.0,3,0,13154,Average,0.344,0
48,Employed,42760.0,1299.0,7,524,756.0,0,11274.0,1,1,7929,Good,0.264,0
49,Employed,97810.0,4761.0,13,2345,727.0,2,18368.0,0,0,30309,Excellent,0.188,0
29,Employed,84166.0,5409.0,3,3154,722.0,1,48579.0,1,1,9022,Excellent,0.577,0
58,Self-Employed,41875.0,,15,1253,619.0,3,21354.0,2,0,20788,Good,0.51,1
26,Employed,51299.0,2158.0,10,1514,622.0,2,914.0,0,0,15371,Excellent,0.018,0
39,Employed,40618.0,485.0,9,652,697.0,3,1658.0,4,0,16537,Good,0.041,1
64,Employed,25195.0,1690.0,10,1472,628.0,3,15246.0,0,0,1000,Good,0.605,0
31,Self-Employed,34320.0,3498.0,14,1025,713.0,4,4452.0,0,0,15842,Good,0.13,0
22,Self-Employed,61335.0,1505.0,6,1867,518.0,3,29981.0,2,0,5564,Excellent,0.489,1
64,Employed,65774.0,4306.0,8,1130,643.0,3,40482.0,0,0,23080,Average,0.615,0
64,Employed,59682.0,1340.0,15,1431,815.0,1,43767.0,3,0,6008,Poor,0.733,0
29,Employed,46590.0,2522.0,12,2430,713.0,6,20624.0,3,1,1619,Average,0.443,0
41,Unemployed,91883.0,4898.0,6,381,693.0,1,15873.0,0,0,25966,Average,0.173,1
44,Employed,,2060.0,4,2601,829.0,2,26835.0,0,0,26771,Good,0.471,0
54,Employed,80974.0,3920.0,1,3747,505.0,3,5709.0,2,0,9331,Average,0.071,1
42,Employed,20734.0,100.0,13,940,619.0,2,16351.0,0,0,3794,Good,0.789,1
23,Employed,15000.0,875.0,14,100,650.0,6,1076.0,1,0,1000,Good,0.072,0
32,Self-Employed,64291.0,2920.0,7,2503,744.0,4,16336.0,3,0,17975,Excellent,0.254,0
48,Employed,25121.0,100.0,8,111,746.0,2,8801.0,0,0,4814,Excellent,0.35,0
50,Employed,48935.0,3521.0,13,1783,615.0,2,0.0,1,0,13178,Good,0.0,0
46,Employed,46580.0,2007.0,15,1461,755.0,2,20492.0,2,0,6969,Good,0.44,0
41,Employed,131684.0,4889.0,4,3978,650.0,4,14360.0,1,0,44910,Excellent,0.109,0
48,Unemployed,68534.0,3100.0,9,2341,771.0,1,39110.0,2,0,13388,Excellent,0.571,0
46,Employed,60253.0,100.0,8,704,603.0,0,28270.0,2,1,8603,Excellent,0.469,1
53,Self-Employed,87154.0,1329.0,12,2122,671.0,1,34675.0,1,0,20562,Good,0.398,1
41,Self-Employed,67357.0,5462.0,10,3887,643.0,2,32076.0,3,0,1000,Average,0.476,1
55,Employed,42760.0,100.0,13,1038,759.0,2,20087.0,0,0,7846,Excellent,0.47,0
54,Employed,99151.0,566.0,2,1977,641.0,2,71754.0,3,0,19752,Good,0.724,1
61,Employed,29873.0,1499.0,10,436,677.0,4,2144.0,1,0,10361,Good,0.072,0
38,Self-Employed,65701.0,100.0,11,2842,718.0,0,8215.0,0,0,18379,Poor,0.125,0
31,Employed,23480.0,100.0,8,857,721.0,2,10075.0,1,0,1000,Poor,0.429,1
43,Employed,61529.0,100.0,13,1750,747.0,1,33489.0,2,0,17311,Good,0.544,0
42,Employed,61159.0,2549.0,4,995,696.0,2,0.0,0,0,28976,Poor,0.0,0
37,Self-Employed,138294.0,6566.0,12,5512,649.0,1,52946.0,1,0,52375,Poor,0.383,1
25,Employed,23257.0,970.0,10,1673,654.0,3,0.0,2,1,14914,Good,0.0,0
64,Employed,39522.0,1703.0,14,743,682.0,4,24790.0,2,1,13196,Good,0.627,0
31,Employed,86471.0,2335.0,9,768,699.0,1,37513.0,3,1,10905,Excellent,0.434,1
50,Employed,66139.0,1242.0,3,2246,669.0,1,35588.0,1,0,1000,Good,0.538,0
35,Self-Employed,60734.0,181.0,3,3092,681.0,2,28684.0,0,0,16867,Average,0.472,0
47,Employed,32507.0,100.0,7,1175,566.0,7,12325.0,0,0,16874,Good,0.379,0
55,Self-Employed,39741.0,2788.0,8,624,730.0,2,14833.0,1,0,4641,Good,0.373,0
53,Self-Employed,109083.0,4124.0,15,4866,694.0,3,43141.0,0,0,11707,Good,0.395,0
40,Employed,53464.0,4531.0,6,1592,755.0,3,25923.0,0,0,15268,Average,0.485,0
36,Self-Employed,67612.0,4536.0,6,2388,680.0,1,7230.0,1,0,28647,Good,0.107,0
54,Employed,51624.0,1113.0,10,3444,550.0,0,2286.0,1,0,6207,Good,0.044,1
22,Employed,28693.0,425.0,8,470,653.0,1,7001.0,4,0,2373,Excellent,0.244,1
55,Employed,91921.0,5329.0,11,3829,665.0,1,46097.0,1,1,36062,Good,0.501,0
60,Employed,72538.0,518.0,11,3481,736.0,1,12427.0,1,1,15828,Good,0.171,0
48,Employed,195475.0,5072.0,10,2361,525.0,1,20762.0,1,0,60000,Average,0.106,0
59,Employed,31461.0,1348.0,12,1871,683.0,5,8907.0,2,0,5835,Good,0.283,1
26,Unemployed,86466.0,2032.0,10,2805,719.0,5,40847.0,4,0,34475,Good,0.472,0
29,Employed,26735.0,100.0,2,1177,630.0,3,6290.0,2,0,1438,Good,0.235,1
40,Employed,59972.0,980.0,5,2850,686.0,4,29307.0,1,0,30752,Average,0.489,0
21,Employed,94105.0,3943.0,12,2398,633.0,3,29677.0,1,0,15903,Average,0.315,0
28,Self-Employed,17596.0,2063.0,2,1693,625.0,1,11861.0,1,0,6703,Good,0.674,0
43,Self-Employed,49137.0,2505.0,13,1110,649.0,2,23507.0,0,0,16976,Average,0.478,1
23,Employed,40349.0,2513.0,15,2055,627.0,2,21271.0,1,1,13255,Good,0.527,1
24,Self-Employed,37385.0,2341.0,3,600,731.0,2,22950.0,1,0,6327,Good,0.614,0
45,Employed,67979.0,2119.0,7,3009,625.0,2,50671.0,3,0,21460,Good,0.745,1
58,Employed,101871.0,5398.0,1,5218,612.0,3,57757.0,2,0,3076,Excellent,0.567,0
35,Self-Employed,51113.0,1250.0,4,1713,813.0,2,33946.0,2,1,10210,Excellent,0.664,0
41,Self-Employed,61581.0,2611.0,7,1527,752.0,3,27622.0,0,0,9653,Excellent,0.449,0
55,Self-Employed,58569.0,3898.0,5,2130,540.0,1,11017.0,2,0,21299,Poor,0.188,1
34,Self-Employed,55055.0,100.0,14,1024,623.0,2,13768.0,1,0,14607,Good,0.25,0
56,Employed,30211.0,1682.0,12,1140,698.0,5,12041.0,1,0,6514,Good,0.399,0
32,Self-Employed,101188.0,2807.0,5,3123,704.0,1,51051.0,1,0,17684,Good,0.505,0
37,Employed,64695.0,2747.0,3,1389,568.0,3,21226.0,3,0,23060,Excellent,0.328,1
59,Employed,68342.0,3493.0,8,1256,767.0,2,46774.0,0,1,12536,Excellent,0.684,0
29,Employed,35295.0,100.0,3,570,,2,14213.0,0,1,16493,Excellent,0.403,0
55,Employed,42724.0,1717.0,7,100,716.0,3,6368.0,0,0,6117,Excellent,0.149,0
33,Employed,49922.0,1717.0,1,2153,782.0,1,763.0,0,1,21234,Excellent,0.015,0
35,Employed,23655.0,1722.0,11,1585,714.0,4,19569.0,2,0,8159,Average,0.827,0
38,Employed,21735.0,1057.0,14,885,714.0,5,22821.0,0,0,9675,Excellent,1.05,0
53,Employed,39525.0,1251.0,3,769,797.0,3,12721.0,2,0,17271,Average,0.322,0
26,Employed,73312.0,1843.0,15,1705,763.0,3,48914.0,3,1,17900,Good,0.667,0
47,Employed,38402.0,1146.0,1,885,617.0,4,,0,1,7469,Excellent,0.775,1
43,Employed,31406.0,1865.0,4,848,727.0,3,22534.0,1,0,5033,Excellent,0.718,0
47,Self-Employed,35137.0,156.0,3,1713,630.0,3,6737.0,1,0,7687,Good,0.192,0
54,Self-Employed,42815.0,527.0,12,1375,718.0,4,18508.0,1,0,10965,Excellent,0.432,0
58,Self-Employed,45273.0,976.0,9,2187,716.0,3,553.0,1,0,11036,Excellent,0.012,0
34,Employed,180977.0,10399.0,2,9909,576.0,2,120000.0,2,0,60000,Average,0.663,1
56,Self-Employed,98236.0,5821.0,11,2793,671.0,1,74581.0,1,0,8397,Good,0.759,0
28,Employed,96637.0,6079.0,12,2616,700.0,3,57908.0,2,0,14332,Average,0.599,0
55,Employed,104590.0,4656.0,14,1838,647.0,1,39457.0,3,0,28821,Poor,0.377,0
39,Employed,31753.0,650.0,13,1008,704.0,2,6779.0,0,0,13311,Good,0.213,0
50,Self-Employed,28079.0,932.0,14,1059,740.0,0,6906.0,1,0,9948,Good,0.246,0
34,Employed,29921.0,908.0,5,714,678.0,0,10704.0,0,0,1000,Good,0.358,0
40,Employed,114584.0,3588.0,10,5204,697.0,0,39688.0,0,0,25831,Average,0.346,0
45,Employed,40706.0,3091.0,3,654,784.0,2,0.0,2,0,7440,Poor,0.0,0
60,Self-Employed,27635.0,1275.0,3,503,715.0,4,19041.0,1,0,7018,Good,0.689,0
44,Employed,43392.0,1599.0,11,2125,695.0,0,12463.0,0,0,17020,Poor,0.287,0
34,Employed,48236.0,2035.0,5,874,608.0,3,37572.0,1,1,13865,Good,0.779,1
46,Employed,63749.0,3396.0,2,2839,730.0,3,23534.0,0,0,24982,Excellent,0.369,0
58,Employed,63140.0,1503.0,5,2082,705.0,1,15559.0,0,0,31146,Excellent,0.246,0
43,Employed,34877.0,678.0,3,1347,776.0,3,14020.0,1,0,1705,Good,0.402,0
42,Employed,80194.0,4065.0,2,2644,684.0,1,61538.0,0,1,11971,Good,0.767,0
39,Self-Employed,38698.0,1719.0,5,1627,544.0,3,,1,0,11128,Average,0.392,1
23,Employed,50470.0,1963.0,14,2364,552.0,2,23482.0,2,0,18854,Average,0.465,1
62,Self-Employed,80243.0,7989.0,3,470,735.0,1,5066.0,1,0,35084,Excellent,0.063,0
39,Employed,38642.0,2532.0,8,961,637.0,6,8612.0,0,0,6292,Excellent,0.223,0
29,Employed,40213.0,2839.0,2,2376,713.0,5,14601.0,2,0,20637,Average,0.363,0
48,Employed,76153.0,5298.0,7,1126,689.0,2,11565.0,0,0,9285,Good,0.152,0
40,Employed,34315.0,1554.0,8,1221,667.0,1,28725.0,1,1,2280,Excellent,0.837,1
65,Employed,44509.0,3423.0,7,1359,673.0,1,26997.0,2,1,16195,Excellent,0.607,1
27,Self-Employed,74664.0,1539.0,2,4222,615.0,1,39550.0,2,0,25073,Excellent,0.53,0
34,Employed,170219.0,1423.0,9,9032,679.0,0,115565.0,0,1,44195,Poor,0.679,0
29,Employed,76731.0,992.0,10,2704,636.0,2,46731.0,0,0,6614,Excellent,0.609,1
39,Self-Employed,71328.0,4858.0,6,763,652.0,1,44108.0,1,0,4485,Good,0.618,0
34,Employed,73646.0,3749.0,9,2339,656.0,1,15224.0,1,0,3078,Excellent,0.207,0
58,Self-Employed,30480.0,1654.0,3,1823,663.0,3,8715.0,2,0,4044,Poor,0.286,0
56,Employed,58610.0,732.0,9,2661,749.0,2,14155.0,1,0,10903,Good,0.242,0
60,Employed,54107.0,1352.0,3,676,670.0,3,18291.0,0,0,15275,Poor,0.338,0
37,Self-Employed,65641.0,3307.0,3,3476,757.0,2,45610.0,2,0,27997,Good,0.695,0
50,Employed,58640.0,846.0,14,1995,795.0,1,47899.0,1,0,12432,Good,0.817,0
29,Employed,67773.0,1922.0,12,1886,744.0,0,39002.0,0,0,18500,Average,0.575,0
53,Self-Employed,46341.0,2223.0,8,2636,720.0,3,22687.0,0,0,19339,Poor,0.49,0
45,Employed,56802.0,3956.0,6,844,705.0,2,35363.0,0,0,15202,Excellent,0.623,0
34,Employed,27995.0,1739.0,1,100,745.0,2,11181.0,2,0,4016,Good,0.399,0
31,Employed,46126.0,3652.0,2,1759,687.0,1,0.0,1,0,10516,Poor,0.0,0
55,Self-Employed,118190.0,6655.0,10,3605,754.0,2,48421.0,0,0,15470,Good,0.41,0
61,Unemployed,65541.0,2272.0,15,2599,726.0,1,27380.0,2,1,6946,Poor,0.418,1
34,Employed,54371.0,2561.0,14,2119,653.0,2,6682.0,3,0,4097,Good,0.123,0
50,Employed,156054.0,5266.0,8,2968,747.0,0,34162.0,1,0,27673,Good,0.219,0
61,Unemployed,26020.0,681.0,7,1187,687.0,1,3134.0,0,1,6032,Good,0.12,1
24,Employed,29878.0,1752.0,8,1787,672.0,5,5511.0,1,0,10802,Good,0.184,0
24,Employed,141080.0,5375.0,8,5629,644.0,1,21490.0,1,0,60000,Average,0.152,0
48,Self-Employed,56408.0,4306.0,6,827,692.0,2,30503.0,1,0,23012,Average,0.541,0
28,Self-Employed,48130.0,2222.0,7,180,755.0,3,16338.0,1,0,16380,Excellent,0.339,0
22,Self-Employed,28439.0,1126.0,6,2001,747.0,5,8142.0,0,0,9062,Good,0.286,0
61,Employed,70356.0,778.0,11,100,707.0,3,38243.0,3,1,26148,Average,0.544,1
42,Employed,74202.0,1226.0,1,3330,725.0,2,27999.0,2,0,22377,Good,0.377,0
61,Employed,,100.0,5,417,775.0,4,14682.0,2,1,3586,Good,0.487,0
36,Employed,50916.0,1103.0,10,1310,669.0,1,38119.0,1,0,3888,Average,0.749,1
49,Employed,45732.0,2648.0,13,1152,596.0,0,12308.0,4,0,5068,Excellent,0.269,1
50,Self-Employed,63315.0,4660.0,1,1362,778.0,2,44163.0,2,0,9887,Poor,0.698,0
32,Employed,29718.0,1911.0,2,1582,640.0,4,12440.0,1,0,3064,Good,0.419,0
55,Self-Employed,109498.0,5042.0,5,5346,628.0,2,19770.0,1,0,34861,Average,0.181,0
31,Employed,91016.0,4841.0,15,3316,545.0,4,49827.0,0,0,38858,Good,0.547,1
41,Employed,45042.0,2267.0,2,517,723.0,4,6774.0,1,1,22500,Good,0.15,0
41,Employed,48828.0,1098.0,14,3112,558.0,0,9004.0,1,0,10896,Good,0.184,1
25,Employed,51024.0,1135.0,12,2709,624.0,1,0.0,1,0,20378,Poor,0.0,1
40,Employed,35847.0,1022.0,4,1893,724.0,1,9660.0,2,0,9993,Average,0.269,0
57,Unemployed,43097.0,3147.0,15,2474,734.0,3,21075.0,3,1,1000,Poor,0.489,0
23,Self-Employed,47403.0,1969.0,3,2533,631.0,1,28268.0,3,1,10103,Poor,0.596,1
64,Employed,133541.0,5868.0,9,6391,670.0,3,85774.0,1,0,24638,Average,0.642,0
53,Employed,92571.0,3600.0,10,1994,615.0,2,11041.0,1,0,6032,Excellent,0.119,0
29,Unemployed,91964.0,1685.0,5,2777,639.0,4,39078.0,2,0,27104,Good,0.425,0
29,Employed,67410.0,2265.0,2,2684,700.0,0,18391.0,2,0,19291,Average,0.273,0
24,Employed,29749.0,1982.0,10,1130,642.0,2,14979.0,0,0,3814,Excellent,0.504,0
55,Employed,53759.0,1611.0,6,1213,662.0,1,43367.0,0,0,29704,Good,0.807,0
37,Unemployed,93794.0,2229.0,13,2318,570.0,4,535.0,0,0,13672,Average,0.006,1
54,Employed,27530.0,287.0,6,100,765.0,4,24619.0,0,1,5883,Poor,0.894,1
44,Employed,78057.0,4248.0,5,3191,718.0,3,51398.0,1,0,28511,Good,0.658,0
52,Unemployed,197308.0,6802.0,14,3366,739.0,2,120000.0,0,0,51399,Average,0.608,0
21,Employed,98626.0,4224.0,12,3586,777.0,3,52124.0,3,0,27318,Good,0.529,0
28,Employed,119707.0,3805.0,3,3002,618.0,3,71104.0,2,0,41197,Excellent,0.594,1
65,Employed,62018.0,1818.0,8,713,653.0,0,41891.0,1,0,10346,Good,0.675,0
43,Self-Employed,93662.0,4846.0,5,1550,538.0,0,53826.0,2,0,24613,Good,0.575,1
60,Employed,37059.0,1818.0,10,1440,850.0,2,8517.0,1,0,11843,Good,0.23,0
32,Unemployed,85205.0,1912.0,15,3486,669.0,3,34249.0,2,0,29287,Poor,0.402,1
32,Employed,78826.0,2557.0,12,2364,758.0,1,23213.0,0,0,4824,Good,0.294,0
35,Employed,64508.0,1464.0,9,1794,587.0,6,51739.0,0,0,19774,Excellent,0.802,1
61,Unemployed,113424.0,7494.0,4,3259,755.0,1,83039.0,2,0,40436,Good,0.732,0
39,Employed,40895.0,1935.0,15,1110,819.0,4,14241.0,0,0,8324,Good,0.348,0
46,Employed,49623.0,3009.0,12,610,675.0,2,29438.0,2,0,17010,Average,0.593,0
49,Employed,57965.0,2297.0,4,960,604.0,0,39136.0,1,0,12844,Good,0.675,1
42,Employed,31220.0,2261.0,14,1570,670.0,4,14258.0,1,1,1000,Good,0.457,0
60,Employed,62311.0,3868.0,2,1928,513.0,2,37323.0,1,0,12754,Excellent,0.599,1
41,Employed,21369.0,108.0,13,1165,677.0,2,1750.0,2,0,8600,Average,0.082,0
58,Employed,97823.0,3973.0,3,3187,742.0,3,60159.0,2,0,49982,Average,0.615,0
40,Self-Employed,56429.0,2035.0,7,2948,677.0,1,20451.0,1,0,24250,Excellent,0.362,0
49,Employed,41299.0,,6,880,659.0,0,21559.0,0,0,1000,Average,0.522,0
24,Unemployed,34759.0,2242.0,7,1249,720.0,0,5229.0,0,0,15026,Excellent,0.15,0
27,Employed,48343.0,2837.0,7,270,725.0,4,9703.0,1,0,18027,Good,0.201,1
48,Employed,80309.0,4784.0,9,965,556.0,3,16119.0,3,1,9642,Good,0.201,1
48,Employed,74336.0,3739.0,3,2757,687.0,1,7177.0,3,0,21813,Excellent,0.097,0
24,Employed,37311.0,1816.0,6,1352,850.0,0,8697.0,0,0,17600,Average,0.233,0
42,Employed,34536.0,547.0,2,1384,580.0,0,14632.0,4,0,13056,Excellent,0.424,0
32,Self-Employed,78935.0,3208.0,3,4397,674.0,1,48182.0,4,0,14137,Average,0.61,0
65,Unemployed,36968.0,1242.0,6,932,826.0,0,12228.0,3,0,1000,Excellent,0.331,0
23,Unemployed,56842.0,1725.0,15,2970,763.0,2,27070.0,1,0,12859,Good,0.476,0
42,Employed,58874.0,2202.0,11,2573,641.0,1,29664.0,2,0,26050,Average,0.504,0
64,Self-Employed,65298.0,1226.0,1,2231,695.0,3,6476.0,1,0,10434,Excellent,0.099,0
22,Employed,88180.0,3061.0,8,3809,680.0,3,21234.0,2,0,17700,Average,0.241,0
44,Employed,27459.0,789.0,4,100,624.0,0,17141.0,3,0,9540,Average,0.624,0
54,Self-Employed,19225.0,100.0,5,111,674.0,3,0.0,1,0,5165,Good,0.0,0
47,Employed,40255.0,554.0,15,1627,659.0,2,16619.0,3,0,11935,Average,0.413,0
61,Employed,148142.0,3021.0,5,6887,688.0,2,116366.0,3,0,29167,Poor,0.786,1
21,Employed,167257.0,6303.0,6,7491,624.0,2,93488.0,2,0,28673,Average,0.559,0
28,Employed,150578.0,8609.0,11,6647,584.0,5,69787.0,2,0,17184,Average,0.463,1
43,Self-Employed,49461.0,1079.0,1,1294,677.0,4,21127.0,1,0,3224,Excellent,0.427,0
58,Employed,20639.0,782.0,13,808,809.0,2,11295.0,3,1,10006,Good,0.547,0
26,Unemployed,15160.0,954.0,8,492,686.0,6,7674.0,2,0,1000,Poor,0.506,0
42,Employed,39237.0,2513.0,13,885,655.0,1,10560.0,1,0,1000,Excellent,0.269,0
45,Employed,49323.0,802.0,5,1425,737.0,2,17878.0,3,0,9105,Good,0.362,0
38,Employed,112469.0,5612.0,3,5176,668.0,2,58139.0,1,0,30793,Poor,0.517,1
37,Employed,88644.0,4582.0,8,2053,820.0,0,3900.0,2,0,23162,Good,0.044,0
32,Employed,62328.0,2024.0,10,1996,680.0,1,45021.0,2,0,14250,Excellent,0.722,0
26,Self-Employed,33714.0,2010.0,3,1273,733.0,1,9186.0,3,0,1704,Average,0.272,0
46,Self-Employed,32424.0,906.0,3,1114,623.0,2,10352.0,0,0,1000,Good,0.319,0
47,Unemployed,63251.0,257.0,8,2918,718.0,2,37910.0,2,0,1906,Excellent,0.599,0
28,Self-Employed,80698.0,3466.0,10,2521,701.0,3,6394.0,1,0,36482,Average,0.079,0
39,Self-Employed,68229.0,2400.0,14,770,676.0,3,15912.0,2,0,18091,Average,0.233,0
62,Employed,31134.0,762.0,8,396,642.0,3,11880.0,0,0,12406,Good,0.382,0
21,Self-Employed,78665.0,3643.0,15,2279,632.0,1,27751.0,0,0,15647,Good,0.353,1
49,Employed,69518.0,4244.0,13,4094,701.0,3,37993.0,0,0,27916,Average,0.547,0
65,Employed,30523.0,1783.0,15,1316,727.0,1,0.0,2,0,4988,Good,0.0,0
55,Employed,35729.0,841.0,3,1653,670.0,4,11705.0,4,0,15210,Excellent,0.328,1
60,Employed,80319.0,2472.0,15,1856,702.0,1,12902.0,0,1,9923,Average,0.161,0
34,Employed,48345.0,949.0,4,218,677.0,1,30037.0,1,1,11457,Good,0.621,1
55,Unemployed,131810.0,2322.0,13,4843,687.0,2,26927.0,3,0,46657,Average,0.204,0
65,Employed,72454.0,2354.0,6,3693,665.0,2,33529.0,1,0,6177,Excellent,0.463,0
40,Employed,42085.0,514.0,13,401,681.0,2,19700.0,2,0,9323,Excellent,0.468,0
33,Employed,54692.0,2740.0,13,1244,850.0,4,39160.0,0,0,18922,Good,0.716,0
58,Employed,56951.0,2411.0,11,3056,703.0,4,33506.0,2,0,17797,Average,0.588,1
28,Employed,36845.0,2071.0,1,1487,728.0,0,7930.0,0,1,3545,Average,0.215,0
63,Employed,33295.0,1401.0,9,355,713.0,3,11676.0,1,0,2229,Average,0.351,0
40,Employed,80891.0,4767.0,2,3757,660.0,0,35980.0,0,1,5015,Good,0.445,0
53,Employed,87552.0,3171.0,1,2626,777.0,2,50199.0,3,1,31535,Good,0.573,0
46,Self-Employed,76663.0,2700.0,5,2368,658.0,0,50925.0,2,0,36024,Excellent,0.664,0
59,Self-Employed,126565.0,4608.0,7,3784,759.0,0,92842.0,0,0,10131,Average,0.734,0
41,Employed,40828.0,781.0,15,1873,655.0,3,24553.0,3,0,6892,Average,0.601,1
62,Employed,138128.0,8698.0,12,6726,608.0,4,20651.0,2,0,39657,Average,0.15,1
63,Employed,33509.0,1195.0,12,186,707.0,3,12721.0,0,1,10086,Excellent,0.38,0
61,Self-Employed,31512.0,1177.0,8,1081,597.0,5,9036.0,3,0,6639,Good,0.287,1
29,Employed,20892.0,1539.0,5,100,720.0,3,15593.0,3,0,4054,Poor,0.746,1
44,Employed,43041.0,1420.0,8,1091,590.0,8,26712.0,1,0,16400,Average,0.621,1
57,Self-Employed,41691.0,2251.0,14,310,656.0,1,7939.0,1,0,6091,Excellent,0.19,1
61,Employed,73450.0,2708.0,3,4595,573.0,2,34634.0,1,0,4014,Good,0.472,1
37,Employed,62895.0,599.0,7,2387,850.0,1,4812.0,3,0,20536,Excellent,0.077,0
44,Employed,28537.0,888.0,8,1749,556.0,4,14882.0,2,0,7680,Average,0.521,1
41,Unemployed,44315.0,2209.0,11,261,681.0,2,17889.0,0,0,22459,Good,0.404,1
59,Self-Employed,44837.0,4002.0,5,913,766.0,2,28967.0,1,0,7384,Average,0.646,0
61,Self-Employed,20708.0,1202.0,5,991,758.0,1,17078.0,1,0,4090,Excellent,0.825,0
59,Employed,32067.0,1222.0,7,1564,744.0,0,19405.0,2,1,5808,Average,0.605,0
33,Employed,35995.0,2169.0,2,1024,656.0,1,0.0,0,1,8076,Excellent,0.0,0
31,Unemployed,121004.0,1053.0,3,2469,781.0,2,34518.0,1,0,26332,Poor,0.285,0
39,Unemployed,61107.0,3586.0,9,1043,749.0,5,33810.0,1,0,30452,Average,0.553,0
31,Employed,79164.0,2287.0,14,4034,696.0,2,9947.0,2,0,4353,Excellent,0.126,1
33,Self-Employed,24121.0,100.0,15,1783,698.0,0,8156.0,1,0,4838,Average,0.338,0
65,Employed,106076.0,100.0,7,5172,657.0,1,72020.0,3,1,29143,Good,0.679,1
21,Employed,112498.0,7855.0,6,6374,612.0,4,,0,0,41414,Average,0.169,1
60,Employed,18325.0,100.0,1,868,773.0,3,13432.0,0,0,1000,Excellent,0.733,0
64,Employed,37316.0,1486.0,11,1307,778.0,2,18471.0,0,0,8186,Good,0.495,0
39,Unemployed,72241.0,1517.0,7,2392,614.0,1,52261.0,3,0,10425,Excellent,0.723,0
32,Employed,78394.0,4549.0,12,1804,668.0,4,52443.0,1,1,25669,Good,0.669,0
28,Employed,37870.0,100.0,5,951,669.0,3,31485.0,1,0,14884,Good,0.831,1
28,Unemployed,46493.0,2737.0,6,1181,678.0,0,20169.0,1,0,25043,Average,0.434,0
65,Unemployed,39598.0,2308.0,2,2456,685.0,0,14989.0,0,0,15432,Excellent,0.379,0
32,Employed,58444.0,2749.0,8,2032,751.0,1,46668.0,3,0,21511,Average,0.799,0
53,Employed,106249.0,6919.0,10,6269,624.0,1,45771.0,1,0,36758,Average,0.431,1
65,Employed,35991.0,100.0,6,1640,617.0,3,10721.0,1,0,4897,Good,0.298,1
46,Employed,95372.0,4648.0,15,3628,773.0,4,32419.0,3,0,15555,Average,0.34,0
59,Unemployed,35781.0,516.0,2,248,645.0,2,23001.0,1,0,9754,Good,0.643,1
48,Unemployed,34506.0,1644.0,8,1538,585.0,4,20672.0,1,0,21300,Poor,0.599,1
25,Employed,86277.0,278.0,1,4764,644.0,2,33762.0,1,0,25575,Excellent,0.391,1
28,Employed,91323.0,1902.0,15,3121,655.0,2,36520.0,1,0,10800,Good,0.4,0
45,Employed,87848.0,2057.0,14,3847,797.0,1,59371.0,3,0,38462,Good,0.676,0
47,Unemployed,26673.0,1628.0,12,344,749.0,3,7780.0,2,0,1000,Average,0.292,0
43,Employed,42566.0,1250.0,12,1063,766.0,2,19718.0,2,0,11216,Good,0.463,0
50,Employed,86486.0,3439.0,14,4012,741.0,0,21463.0,1,1,23541,Poor,0.248,1
65,Employed,56271.0,3843.0,2,1648,751.0,3,19753.0,1,1,15448,Excellent,0.351,0
43,Employed,30472.0,1318.0,13,2030,628.0,2,16426.0,2,0,9417,Good,0.539,1
40,Employed,70768.0,4048.0,5,1361,665.0,1,23568.0,0,0,1000,Excellent,0.333,0
38,Employed,37121.0,222.0,6,817,606.0,2,18121.0,1,0,9398,Poor,0.488,1
38,Unemployed,147573.0,4189.0,5,5790,664.0,2,98453.0,2,1,29830,Excellent,0.667,0
22,Unemployed,128637.0,8030.0,2,6227,731.0,2,44513.0,0,0,45499,Average,0.346,0
24,Self-Employed,76676.0,5189.0,13,2452,690.0,2,51855.0,1,1,18612,Average,0.676,0
50,Employed,116267.0,4245.0,3,4843,778.0,2,69474.0,0,0,48408,Poor,0.598,0
53,Employed,56995.0,4359.0,10,2882,594.0,1,20633.0,0,0,16073,Poor,0.362,1
56,Employed,83791.0,3300.0,4,1649,718.0,1,38674.0,1,0,23990,Average,0.462,1
38,Employed,123975.0,1566.0,8,5260,586.0,3,58286.0,1,1,5104,Good,0.47,1
57,Unemployed,62951.0,3156.0,1,3117,687.0,2,609.0,3,0,4510,Good,0.01,0
39,Employed,47798.0,1185.0,6,1580,736.0,4,18631.0,0,0,21245,Excellent,0.39,0
48,Employed,21537.0,671.0,11,672,664.0,3,10855.0,3,0,5667,Good,0.504,1
60,Unemployed,52542.0,122.0,7,1823,721.0,2,25556.0,2,0,20121,Average,0.486,0
40,Unemployed,86506.0,5810.0,9,2960,,2,19478.0,1,0,23128,Poor,0.225,0
53,Employed,92521.0,4758.0,3,3941,555.0,2,17335.0,1,1,35580,Good,0.187,1
32,Employed,72583.0,3497.0,10,3513,722.0,3,8513.0,0,1,13031,Good,0.117,1
35,Employed,40838.0,2473.0,12,1885,811.0,2,13605.0,2,0,4781,Good,0.333,0
61,Employed,18543.0,100.0,3,100,605.0,2,0.0,0,1,12700,Average,0.0,1
59,Employed,41887.0,3630.0,10,1401,772.0,4,2256.0,2,1,7369,Average,0.054,0
22,Employed,46523.0,2889.0,4,1390,683.0,2,18438.0,3,0,23472,Good,0.396,1
49,Unemployed,46304.0,1007.0,1,218,580.0,1,27234.0,0,0,10771,Good,0.588,0
61,Employed,77288.0,2899.0,7,2098,595.0,3,15139.0,0,0,5752,Good,0.196,0
30,Employed,163933.0,7868.0,11,5070,681.0,2,20362.0,0,0,35431,Good,0.124,0
22,Employed,58867.0,3986.0,10,3215,650.0,1,0.0,1,1,8280,Poor,0.0,1
31,Employed,48820.0,1801.0,3,1241,582.0,2,11122.0,1,0,27487,Average,0.228,1
33,Self-Employed,47692.0,2057.0,5,1812,553.0,3,9109.0,1,0,9925,Good,0.191,1
30,Employed,58894.0,1951.0,11,979,616.0,3,34935.0,3,1,4544,Good,0.593,1
34,Employed,34875.0,623.0,14,1533,695.0,3,11682.0,0,1,9498,Good,0.335,0
38,Employed,58759.0,3861.0,12,2948,680.0,1,20303.0,3,0,19034,Average,0.346,0
29,Self-Employed,70477.0,2649.0,7,4194,642.0,3,53114.0,1,1,23278,Excellent,0.754,1
59,Employed,61723.0,3684.0,14,2364,695.0,0,25554.0,3,0,1959,Excellent,0.414,0
48,Self-Employed,70738.0,2233.0,5,2108,758.0,3,5724.0,0,0,1000,Excellent,0.081,0
23,Employed,69818.0,2059.0,6,1310,710.0,3,16033.0,4,0,26265,Excellent,0.23,0
40,Employed,20755.0,100.0,4,494,671.0,3,6622.0,3,0,5473,Average,0.319,1
26,Employed,78070.0,5291.0,1,1492,750.0,1,54998.0,3,0,9920,Good,0.704,0
47,Unemployed,38026.0,1531.0,7,100,608.0,2,1573.0,3,1,5650,Average,0.041,1
22,Unemployed,30103.0,1497.0,13,1537,663.0,3,8940.0,1,0,12541,Good,0.297,0
49,Employed,29961.0,100.0,13,1566,665.0,2,4083.0,0,0,20291,Average,0.136,0
58,Employed,69810.0,2360.0,12,1615,587.0,4,28979.0,1,0,16953,Good,0.415,1
23,Employed,48663.0,2782.0,15,2177,649.0,2,22093.0,1,1,1000,Good,0.454,0
36,Employed,21807.0,100.0,2,100,524.0,3,12816.0,0,0,3556,Average,0.588,1
50,Employed,71540.0,5391.0,11,741,823.0,4,12790.0,0,0,15584,Good,0.179,0
60,Unemployed,24917.0,1663.0,7,1009,610.0,3,7070.0,1,0,17920,Excellent,0.284,0
22,Unemployed,59396.0,1522.0,1,2896,799.0,1,26736.0,4,1,16053,Good,0.45,0
37,Employed,62709.0,3330.0,9,1871,683.0,2,41786.0,2,1,29264,Excellent,0.666,0
61,Employed,89514.0,5050.0,10,3853,722.0,4,11290.0,2,0,24977,Good,0.126,0
32,Self-Employed,146534.0,6474.0,4,5267,643.0,1,81837.0,1,0,45014,Average,0.558,0
55,Self-Employed,25965.0,1509.0,9,1681,696.0,2,1474.0,2,1,11669,Excellent,0.057,0
63,Employed,53435.0,1413.0,3,2980,729.0,2,11147.0,0,0,12551,Excellent,0.209,0
21,Employed,47245.0,1357.0,2,714,730.0,2,32450.0,2,1,14050,Excellent,0.687,1
65,Employed,69818.0,2124.0,15,1611,738.0,3,23238.0,2,0,13798,Average,0.333,0
35,Employed,61927.0,2614.0,5,1016,652.0,4,21923.0,2,1,19393,Excellent,0.354,0
46,Employed,45306.0,2680.0,3,1341,644.0,0,11860.0,1,0,11316,Average,0.262,0
57,Employed,43157.0,1972.0,6,1186,560.0,2,5473.0,1,0,15934,Excellent,0.127,0
41,Employed,29764.0,1472.0,4,1044,719.0,1,16297.0,1,0,4959,Average,0.548,0
51,Employed,94695.0,7031.0,4,3905,761.0,0,37921.0,0,0,25375,Excellent,0.4,0
45,Employed,70803.0,2982.0,10,2672,801.0,1,11744.0,0,0,21043,Excellent,0.166,0
43,Employed,91113.0,3591.0,5,3863,703.0,3,46401.0,0,0,33504,Good,0.509,0
44,Self-Employed,46368.0,1748.0,14,973,623.0,2,0.0,4,0,6515,Average,0.0,0
58,Self-Employed,38324.0,1611.0,13,993,553.0,1,11275.0,1,0,19354,Average,0.294,1
48,Employed,30394.0,2802.0,15,1171,758.0,5,15552.0,1,1,1000,Good,0.512,0
41,Employed,67003.0,624.0,6,1492,545.0,3,0.0,4,0,8106,Excellent,0.0,1
63,Unemployed,31045.0,2260.0,10,819,654.0,3,18395.0,1,0,2956,Good,0.593,0
38,Employed,152033.0,8442.0,10,2169,663.0,3,109567.0,1,0,44707,Average,0.721,0
56,Employed,26793.0,4060.0,14,1741,675.0,3,8974.0,1,0,3710,Average,0.335,0
55,Employed,63934.0,995.0,10,1111,683.0,1,19192.0,1,0,12729,Excellent,0.3,0
65,Employed,130204.0,7851.0,6,5503,690.0,1,58934.0,1,0,30979,Average,0.453,0
29,Employed,76465.0,3416.0,7,1706,499.0,0,18928.0,2,0,24429,Excellent,0.248,1
58,Unemployed,60579.0,2461.0,7,2332,681.0,1,39141.0,3,1,23712,Poor,0.646,1
50,Employed,32287.0,2122.0,15,1151,513.0,1,4056.0,0,1,5172,Average,0.126,1
64,Employed,25722.0,1208.0,13,575,735.0,1,0.0,1,0,12529,Average,0.0,0
54,Unemployed,84004.0,3708.0,12,3656,638.0,4,4282.0,0,0,21720,Good,0.051,0
52,Employed,125928.0,7317.0,4,2965,518.0,0,72952.0,1,0,12763,Average,0.579,1
23,Employed,43205.0,155.0,11,1655,619.0,2,5137.0,1,1,18265,Average,0.119,1
23,Employed,29396.0,100.0,6,1406,637.0,6,24299.0,1,0,6033,Good,0.827,0
48,Employed,15000.0,1218.0,4,536,769.0,3,10126.0,0,0,2327,Average,0.675,0
64,Employed,32070.0,2288.0,2,531,695.0,1,0.0,2,0,1000,Excellent,0.0,0
35,Employed,51667.0,4328.0,11,1650,706.0,3,13760.0,1,1,8275,Good,0.266,0
61,Employed,132536.0,4282.0,14,2756,769.0,1,38276.0,2,0,32707,Poor,0.289,0
43,Self-Employed,79643.0,4828.0,8,2303,673.0,3,33482.0,2,0,19880,Good,0.42,0
60,Employed,65048.0,702.0,1,2455,737.0,2,34405.0,1,0,10586,Good,0.529,0
31,Employed,44136.0,1020.0,15,946,731.0,5,6064.0,3,0,24501,Good,0.137,0
52,Employed,39909.0,1235.0,5,1231,584.0,5,12262.0,1,0,5180,Good,0.307,1
56,Employed,,3801.0,3,6434,790.0,0,32320.0,1,0,47256,Average,0.271,0
53,Employed,61420.0,2857.0,6,1766,573.0,2,15573.0,1,0,4044,Good,0.254,1
44,Unemployed,17303.0,473.0,8,1720,749.0,1,4601.0,4,0,4336,Poor,0.266,0
59,Employed,37973.0,1895.0,1,1438,566.0,5,20520.0,0,0,15550,Average,0.54,1
54,Employed,34306.0,1802.0,10,1121,725.0,5,1417.0,2,0,3205,Good,0.041,0
48,Self-Employed,40727.0,1638.0,4,2172,820.0,3,13106.0,0,0,10861,Good,0.322,0
57,Employed,74958.0,5283.0,4,4035,664.0,4,21376.0,0,1,14937,Good,0.285,1
27,Employed,51844.0,100.0,11,2521,661.0,1,10091.0,2,0,17444,Good,0.195,0
24,Self-Employed,52723.0,772.0,6,320,726.0,0,12273.0,3,0,18601,Average,0.233,0
57,Self-Employed,113266.0,2929.0,1,4566,655.0,3,46779.0,2,0,19163,Good,0.413,0
21,Employed,37498.0,100.0,12,933,816.0,4,12484.0,0,0,12031,Average,0.333,0
21,Employed,153338.0,4246.0,15,6626,694.0,1,26720.0,4,0,48706,Good,0.174,0
40,Employed,38020.0,1017.0,15,788,656.0,4,0.0,1,0,8849,Average,0.0,0
39,Self-Employed,57766.0,3844.0,6,2442,639.0,1,8876.0,0,0,19949,Average,0.154,0
49,Employed,47119.0,4368.0,10,100,610.0,0,3141.0,1,0,11343,Good,0.067,0
30,Employed,58863.0,,9,2450,633.0,1,15682.0,0,0,10323,Good,0.266,0
38,Self-Employed,70236.0,1764.0,1,3120,654.0,1,20824.0,1,0,24489,Excellent,0.296,1
48,Employed,69822.0,866.0,12,3471,643.0,1,25616.0,3,0,28472,Poor,0.367,1
55,Self-Employed,36347.0,100.0,11,1172,631.0,3,13798.0,2,0,1620,Average,0.38,0
63,Employed,29658.0,498.0,11,260,837.0,4,8609.0,2,0,15329,Good,0.29,0
51,Employed,200000.0,1576.0,3,10175,603.0,2,99796.0,3,0,60000,Poor,0.499,1
47,Employed,42146.0,1537.0,12,646,691.0,1,24968.0,1,0,16168,Poor,0.592,0
31,Self-Employed,80794.0,3657.0,5,1943,724.0,4,8388.0,2,0,8833,Poor,0.104,0
58,Employed,22717.0,951.0,10,979,727.0,5,3232.0,0,0,2927,Good,0.142,0
25,Employed,47160.0,1290.0,2,377,676.0,2,11000.0,0,0,2076,Excellent,0.233,0
28,Employed,51284.0,3915.0,11,2305,662.0,1,19815.0,2,0,4849,Average,0.386,1
54,Self-Employed,71335.0,3004.0,3,1091,714.0,2,491.0,0,0,33865,Good,0.007,0
32,Unemployed,15000.0,100.0,2,371,700.0,1,0.0,3,0,4246,Good,0.0,0
58,Employed,60263.0,527.0,15,3309,661.0,2,35302.0,3,1,6204,Good,0.586,1
21,Employed,29224.0,1659.0,4,2575,563.0,2,6059.0,1,0,10863,Excellent,0.207,0
51,Unemployed,65741.0,4047.0,8,2343,645.0,2,40870.0,2,1,14185,Average,0.622,1
24,Employed,31104.0,3042.0,15,1960,594.0,3,12563.0,1,0,1000,Excellent,0.404,1
65,Employed,34357.0,901.0,9,537,630.0,3,18510.0,3,0,8549,Good,0.539,0
25,Employed,47316.0,2117.0,8,3060,682.0,5,29610.0,2,0,6341,Good,0.626,1
50,Self-Employed,30832.0,100.0,10,1126,707.0,4,3021.0,1,0,1000,Average,0.098,0
44,Employed,42342.0,2258.0,10,102,814.0,6,4166.0,2,0,5017,Poor,0.098,0
23,Employed,28531.0,2389.0,1,391,640.0,1,6532.0,1,0,5674,Average,0.229,0
31,Employed,20067.0,100.0,9,397,738.0,1,8401.0,2,0,3657,Good,0.419,0
65,Employed,96275.0,5319.0,5,4208,703.0,2,27145.0,0,0,19623,Excellent,0.282,0
24,Employed,26964.0,100.0,14,1513,777.0,0,22828.0,2,0,13226,Good,0.847,0
46,Employed,49852.0,1822.0,2,1265,723.0,1,14035.0,2,0,1000,Good,0.282,0
47,Employed,83215.0,,9,4539,604.0,2,13612.0,2,0,34566,Average,0.164,0
63,Employed,39217.0,1962.0,14,762,551.0,0,16282.0,1,0,1770,Poor,0.415,1
47,Employed,34935.0,2092.0,2,724,703.0,2,0.0,1,0,10929,Poor,0.0,0
62,Self-Employed,62288.0,3343.0,1,3571,640.0,3,17869.0,2,0,5649,Good,0.287,0
26,Self-Employed,101717.0,2657.0,3,4709,606.0,3,24726.0,1,0,26945,Good,0.243,0
35,Self-Employed,28911.0,2174.0,6,138,585.0,2,21567.0,3,0,6395,Good,0.746,1
50,Employed,50641.0,954.0,3,1938,692.0,2,19986.0,0,0,1000,Good,0.395,0
62,Employed,21210.0,925.0,6,211,793.0,1,11897.0,1,0,2122,Poor,0.561,0
57,Employed,44304.0,504.0,3,574,649.0,0,378.0,0,0,7373,Average,0.009,1
57,Unemployed,56044.0,100.0,15,1034,724.0,1,40453.0,1,0,6442,Excellent,0.722,0
62,Self-Employed,34374.0,1714.0,10,1261,672.0,1,7086.0,3,0,4055,Good,0.206,1
57,Self-Employed,42776.0,550.0,2,1652,583.0,0,20547.0,0,0,8743,Good,0.48,1
55,Employed,25351.0,591.0,2,247,735.0,1,14976.0,1,0,4550,Excellent,0.591,0
43,Employed,57382.0,4291.0,4,2633,598.0,4,30857.0,1,0,11777,Good,0.538,0
26,Employed,98294.0,1874.0,14,2175,682.0,4,33938.0,2,0,24098,Good,0.345,0
24,Employed,30081.0,100.0,3,100,654.0,2,7357.0,0,0,1679,Good,0.245,1
38,Employed,39051.0,1857.0,8,1742,747.0,5,12388.0,2,0,15552,Average,0.317,0
29,Unemployed,72511.0,2427.0,1,1320,601.0,2,40094.0,3,0,26618,Good,0.553,1
49,Employed,107124.0,3493.0,6,4264,709.0,2,14000.0,3,0,53621,Average,0.131,0
33,Employed,24193.0,2059.0,6,100,617.0,3,5065.0,1,0,1000,Good,0.209,0
37,Employed,50124.0,1335.0,5,2351,642.0,3,34518.0,1,0,16398,Good,0.689,1
65,Unemployed,64268.0,6022.0,12,2749,407.0,1,20311.0,1,1,14929,Good,0.316,1
52,Employed,51998.0,2441.0,14,1980,837.0,0,28069.0,0,0,17522,Poor,0.54,0
42,Employed,15000.0,100.0,10,333,721.0,4,9059.0,0,0,3936,Excellent,0.604,0
24,Unemployed,72453.0,4124.0,14,1168,622.0,4,11812.0,3,0,31022,Average,0.163,1
25,Employed,126845.0,4703.0,11,5627,596.0,4,31920.0,0,0,29849,Average,0.252,1
57,Employed,58645.0,2879.0,12,3004,643.0,2,19658.0,1,0,1000,Average,0.335,0
61,Employed,31194.0,2283.0,8,1681,734.0,2,31052.0,1,0,7476,Good,0.995,0
33,Employed,41476.0,835.0,11,1048,538.0,2,11789.0,3,0,18892,Excellent,0.284,1
54,Self-Employed,145589.0,5212.0,1,3393,669.0,3,60396.0,2,0,12466,Poor,0.415,1
65,Self-Employed,90723.0,6058.0,13,1224,813.0,2,7831.0,2,1,15552,Good,0.086,0
42,Employed,78206.0,2358.0,12,3221,595.0,3,39730.0,0,1,35913,Good,0.508,0
43,Employed,66911.0,2234.0,5,3223,686.0,0,27089.0,3,0,30065,Average,0.405,1
23,Employed,38233.0,2559.0,4,1223,845.0,2,20192.0,1,0,2722,Average,0.528,0
62,Employed,49255.0,2340.0,8,568,727.0,3,44586.0,1,0,17946,Average,0.905,0
54,Employed,52693.0,2771.0,11,1545,689.0,4,37992.0,1,0,26026,Good,0.721,0
52,Employed,74411.0,2847.0,10,2713,718.0,0,39828.0,1,0,22028,Good,0.535,0
65,Employed,126121.0,9341.0,11,7166,650.0,2,91112.0,1,1,26659,Good,0.722,1
41,Self-Employed,101740.0,1660.0,2,2784,777.0,2,41886.0,3,0,36135,Excellent,0.412,0
64,Employed,25196.0,1346.0,10,909,650.0,1,22794.0,3,0,1000,Good,0.905,1
41,Employed,62211.0,4941.0,7,3749,533.0,2,13786.0,1,0,19767,Good,0.222,1
64,Employed,82480.0,2189.0,2,1790,651.0,1,6858.0,0,0,13686,Excellent,0.083,0
31,Self-Employed,77301.0,1257.0,8,2678,607.0,0,60926.0,0,0,25610,Excellent,0.788,0
59,Employed,38910.0,1773.0,15,865,659.0,2,4051.0,1,1,8534,Excellent,0.104,1
24,Employed,200000.0,11043.0,11,8028,661.0,2,57554.0,2,0,53677,Excellent,0.288,0
21,Employed,27247.0,1291.0,11,1442,770.0,2,7811.0,1,0,10945,Excellent,0.287,0
48,Self-Employed,30313.0,100.0,5,703,732.0,3,13594.0,0,0,3626,Average,0.448,0
44,Employed,62540.0,754.0,12,2370,700.0,0,11996.0,3,0,19485,Good,0.192,1
55,Self-Employed,176192.0,8288.0,2,4144,680.0,3,87771.0,4,0,60000,Excellent,0.498,0
33,Unemployed,34724.0,1741.0,1,1333,601.0,2,30007.0,2,1,12296,Excellent,0.864,1
54,Self-Employed,47519.0,3001.0,9,603,516.0,2,11945.0,1,0,18495,Good,0.251,1
31,Employed,99469.0,3925.0,2,4701,688.0,1,48214.0,0,0,16954,Good,0.485,0
56,Employed,,2623.0,12,4336,740.0,2,3700.0,0,0,17273,Poor,0.068,0
37,Employed,45755.0,2866.0,11,1141,672.0,4,4605.0,1,0,9262,Good,0.101,0
55,Unemployed,75071.0,2188.0,13,2437,640.0,3,39142.0,0,0,22357,Excellent,0.521,1
38,Employed,63894.0,1197.0,1,3953,715.0,0,42029.0,2,0,5104,Good,0.658,0
60,Employed,96938.0,1297.0,12,1757,674.0,2,9170.0,2,0,15397,Good,0.095,0
42,Employed,111904.0,8333.0,11,4805,806.0,1,33337.0,1,0,6695,Good,0.298,0
44,Employed,65117.0,1177.0,7,3763,772.0,3,12490.0,1,0,19652,Average,0.192,0
39,Employed,64572.0,1953.0,15,2444,752.0,1,44188.0,1,0,9339,Poor,0.684,0
57,Employed,61874.0,4321.0,14,1067,737.0,5,14619.0,0,0,10172,Excellent,0.236,0
59,Employed,71978.0,3383.0,6,1454,583.0,2,30717.0,1,1,8128,Excellent,0.427,1
41,Self-Employed,56694.0,6549.0,8,1617,730.0,2,37573.0,5,0,7660,Excellent,0.663,0
28,Employed,54982.0,2487.0,15,1055,708.0,1,17777.0,1,0,18077,Average,0.323,0
48,Employed,106216.0,3444.0,10,2573,725.0,0,81687.0,1,0,35614,Average,0.769,0
25,Employed,126621.0,5978.0,3,4794,717.0,6,95182.0,2,0,32373,Excellent,0.752,0
37,Employed,24003.0,1198.0,3,1651,714.0,5,8758.0,5,0,1000,Excellent,0.365,0
57,Self-Employed,55304.0,2471.0,6,1005,850.0,1,29686.0,0,0,12444,Average,0.537,0
56,Employed,37658.0,689.0,6,2179,674.0,2,334.0,1,1,9254,Good,0.009,0
39,Employed,46354.0,2257.0,3,1279,750.0,3,33736.0,1,1,1000,Good,0.728,0
47,Employed,68629.0,2510.0,6,1767,645.0,3,8231.0,0,0,30266,Good,0.12,0
54,Unemployed,79481.0,3043.0,13,3555,739.0,8,53178.0,0,0,33821,Excellent,0.669,0
31,Employed,51711.0,4409.0,1,1870,750.0,1,6434.0,1,0,15058,Good,0.124,0
65,Self-Employed,19202.0,2232.0,1,257,707.0,3,3111.0,0,0,4231,Good,0.162,0
32,Employed,32348.0,2728.0,15,826,805.0,2,5048.0,1,0,15195,Good,0.156,0
41,Employed,90054.0,3662.0,5,5138,614.0,1,43917.0,3,0,12482,Good,0.488,1
31,Employed,15000.0,100.0,4,338,643.0,3,5957.0,1,0,1000,Good,0.397,0
59,Self-Employed,105680.0,3838.0,11,2384,696.0,1,21977.0,3,0,41217,Good,0.208,0
48,Employed,73260.0,1265.0,2,3417,746.0,2,19306.0,1,0,6126,Average,0.264,0
25,Unemployed,113435.0,1432.0,14,1586,693.0,4,32152.0,0,0,11784,Poor,0.283,1
37,Employed,49310.0,3892.0,13,3190,776.0,1,11090.0,1,0,1000,Average,0.225,0
40,Employed,17700.0,1533.0,3,917,630.0,2,3244.0,2,0,4755,Average,0.183,0
61,Employed,69688.0,1838.0,11,4358,594.0,1,9424.0,1,1,21064,Average,0.135,1
32,Self-Employed,110874.0,6805.0,1,4289,703.0,5,55014.0,1,0,29146,Good,0.496,0
26,Employed,91463.0,4767.0,13,4636,674.0,2,52483.0,1,0,26891,Good,0.574,0
37,Self-Employed,38201.0,100.0,6,1228,721.0,2,27091.0,1,0,11501,Average,0.709,0
39,Unemployed,57688.0,3402.0,10,1189,678.0,3,44003.0,2,1,21646,Excellent,0.763,0
46,Unemployed,41029.0,2270.0,14,2839,654.0,3,1341.0,2,0,11391,Poor,0.033,0
64,Employed,35049.0,2693.0,5,1934,674.0,5,16126.0,2,0,11790,Excellent,0.46,1
64,Employed,93018.0,4202.0,10,1791,682.0,2,41256.0,3,0,38302,Excellent,0.444,0
52,Self-Employed,28465.0,339.0,6,1012,657.0,1,8616.0,1,0,1000,Excellent,0.303,0
26,Employed,33641.0,100.0,11,266,665.0,2,12545.0,0,1,11299,Excellent,0.373,0
56,Employed,29968.0,1380.0,6,770,650.0,7,9133.0,1,0,17051,Excellent,0.305,0
58,Employed,24233.0,517.0,2,1229,744.0,3,7715.0,1,0,7555,Excellent,0.318,0
31,Employed,59612.0,2456.0,11,2401,695.0,3,38909.0,2,1,13750,Good,0.653,0
53,Employed,104184.0,4605.0,14,2880,849.0,2,10443.0,0,0,16838,Good,0.1,0
44,Employed,49682.0,3015.0,8,1771,692.0,6,19937.0,4,0,22946,Good,0.401,1
43,Employed,24027.0,1648.0,15,504,639.0,3,9656.0,1,0,3311,Excellent,0.402,1
35,Employed,87296.0,4631.0,14,3316,850.0,1,34475.0,2,1,10846,Average,0.395,0
47,Employed,138999.0,3821.0,6,5215,711.0,4,25521.0,1,0,55691,Good,0.184,0
31,Employed,38548.0,833.0,14,809,754.0,0,10609.0,0,0,4872,Good,0.275,0
37,Employed,42272.0,2260.0,14,1770,724.0,3,5496.0,3,0,19264,Good,0.13,0
34,Employed,73036.0,4820.0,2,3115,727.0,1,10342.0,2,1,19813,Good,0.142,0
47,Employed,134204.0,6809.0,1,6697,720.0,4,29361.0,0,0,31958,Excellent,0.219,0
38,Employed,41323.0,1423.0,13,2413,597.0,1,4034.0,3,0,13046,Excellent,0.098,1
48,Employed,26430.0,1501.0,9,1200,708.0,0,10335.0,4,0,10535,Excellent,0.391,0
24,Self-Employed,77837.0,5784.0,4,1135,581.0,3,22115.0,1,0,13519,Average,0.284,0
27,Employed,85355.0,6313.0,13,2389,667.0,1,61463.0,2,0,29730,Good,0.72,1
65,Self-Employed,55186.0,3460.0,13,1287,626.0,0,43539.0,3,1,5316,Average,0.789,1
55,Employed,40462.0,4005.0,10,1617,707.0,4,4067.0,0,0,10111,Average,0.101,0
29,Employed,95035.0,2058.0,15,4348,705.0,1,13106.0,0,0,25226,Good,0.138,0
28,Employed,73534.0,1773.0,11,976,716.0,1,31905.0,2,0,22469,Good,0.434,0
65,Employed,36042.0,1247.0,8,1123,702.0,3,7876.0,1,0,16005,Excellent,0.219,0
37,Employed,56505.0,998.0,2,3077,634.0,2,24568.0,2,0,13838,Average,0.435,1
37,Employed,26151.0,412.0,15,1175,660.0,1,8504.0,2,0,4703,Excellent,0.325,0
53,Employed,80204.0,3256.0,13,1375,749.0,1,21874.0,0,0,3445,Poor,0.273,0
52,Employed,47613.0,375.0,9,1635,760.0,1,24380.0,4,0,22504,Poor,0.512,0
28,Employed,43280.0,1859.0,8,1246,594.0,3,17941.0,2,0,3738,Excellent,0.415,0
39,Unemployed,54014.0,100.0,11,1304,565.0,3,44492.0,0,0,10456,Excellent,0.824,1
58,Self-Employed,56233.0,100.0,2,2159,625.0,1,15965.0,0,0,11407,Excellent,0.284,0
23,Employed,89976.0,6471.0,9,3375,758.0,2,59191.0,1,0,43767,Good,0.658,0
25,Employed,76129.0,2377.0,8,2057,771.0,2,39827.0,3,1,25873,Average,0.523,0
33,Employed,50466.0,3124.0,2,1825,611.0,1,25917.0,2,0,9312,Average,0.514,1
51,Self-Employed,83709.0,3821.0,6,4321,703.0,0,58395.0,3,0,22232,Good,0.698,0
36,Employed,68562.0,4120.0,5,370,818.0,2,58756.0,0,0,23489,Average,0.857,0
52,Employed,43497.0,887.0,2,1803,711.0,3,18030.0,3,0,22045,Average,0.415,0
42,Self-Employed,51354.0,722.0,8,1739,787.0,0,14836.0,1,0,20530,Good,0.289,0
49,Employed,50694.0,100.0,15,971,755.0,3,15651.0,2,0,12494,Good,0.309,0
42,Employed,72619.0,3757.0,1,2656,612.0,4,33058.0,1,0,34089,Average,0.455,1
63,Unemployed,44946.0,1742.0,8,1075,666.0,1,27982.0,1,0,1000,Average,0.623,1
23,Employed,44372.0,1037.0,6,2676,683.0,3,22432.0,2,0,13756,Good,0.506,1
30,Employed,162414.0,4670.0,9,4033,688.0,1,44301.0,1,1,52105,Average,0.273,0
62,Employed,92221.0,3213.0,6,1235,749.0,2,31927.0,0,0,23166,Average,0.346,0
41,Employed,36198.0,147.0,1,1351,711.0,4,0.0,1,1,9727,Good,0.0,0
36,Employed,75290.0,3457.0,10,2212,460.0,0,58459.0,0,0,5352,Excellent,0.776,1
32,Self-Employed,58699.0,2894.0,14,1959,582.0,3,10378.0,0,0,13728,Good,0.177,1
22,Employed,68216.0,6079.0,5,1852,516.0,1,32823.0,1,0,3432,Good,0.481,1
61,Self-Employed,59316.0,2457.0,7,2143,693.0,1,36778.0,0,0,33865,Average,0.62,0
44,Unemployed,105809.0,100.0,4,3601,698.0,2,37236.0,1,0,16886,Good,0.352,0
55,Employed,66515.0,2260.0,4,1073,701.0,3,44114.0,2,0,1887,Good,0.663,0
50,Employed,53154.0,3346.0,12,1786,608.0,1,30864.0,1,0,5036,Good,0.581,1
50,Employed,97567.0,3475.0,3,2390,731.0,3,1016.0,0,0,21911,Good,0.01,0
55,Unemployed,62530.0,4505.0,8,2196,734.0,6,24762.0,2,0,13598,Excellent,0.396,0
39,Self-Employed,58800.0,3960.0,5,1953,586.0,1,34031.0,1,1,1000,Average,0.579,1
28,Employed,65369.0,100.0,13,3758,570.0,0,24201.0,7,0,1188,Good,0.37,1
46,Self-Employed,52240.0,100.0,11,1036,680.0,1,18754.0,1,0,2858,Excellent,0.359,0
60,Employed,55280.0,1809.0,12,475,814.0,3,30567.0,2,0,21476,Good,0.553,0
27,Unemployed,39831.0,3155.0,14,1549,807.0,0,11952.0,0,1,9225,Poor,0.3,0
50,Employed,36386.0,1471.0,12,825,722.0,1,13720.0,2,0,18765,Excellent,0.377,0
27,Employed,31757.0,755.0,6,1445,625.0,3,239.0,0,0,1000,Good,0.008,0
23,Self-Employed,25578.0,100.0,14,934,747.0,2,2082.0,0,0,5604,Good,0.081,0
21,Employed,33902.0,1687.0,3,1147,646.0,4,11875.0,2,0,5168,Average,0.35,1
56,Employed,49973.0,955.0,1,2633,622.0,1,20358.0,4,0,19776,Excellent,0.407,0
45,Employed,58209.0,2186.0,8,4264,519.0,2,7099.0,3,0,23986,Excellent,0.122,1
57,Employed,47376.0,100.0,14,1599,688.0,3,29044.0,4,0,22526,Good,0.613,1
21,Employed,15055.0,100.0,13,1246,633.0,3,9166.0,0,0,6048,Average,0.609,0
35,Unemployed,130759.0,2570.0,8,1695,687.0,2,98062.0,0,1,27509,Excellent,0.75,0
57,Employed,99973.0,4535.0,7,1212,508.0,4,27562.0,2,1,9436,Excellent,0.276,1
33,Employed,70281.0,604.0,7,2840,693.0,2,7136.0,3,0,11153,Good,0.102,0
60,Employed,157033.0,4780.0,4,3699,498.0,3,95391.0,1,0,58751,Average,0.607,1
28,Employed,32130.0,2258.0,12,1849,762.0,2,9812.0,1,0,8325,Excellent,0.305,0
25,Employed,155326.0,8785.0,11,7441,719.0,4,44018.0,1,0,59008,Poor,0.283,0
29,Self-Employed,32345.0,1554.0,10,542,659.0,2,4963.0,1,0,3978,Good,0.153,0
21,Self-Employed,62717.0,2837.0,6,1018,722.0,2,8874.0,0,1,21128,Good,0.141,0
56,Employed,27296.0,2746.0,13,1328,607.0,1,16056.0,0,0,10700,Average,0.588,1
55,Employed,55446.0,2486.0,6,1841,685.0,0,3272.0,2,0,6387,Excellent,0.059,0
22,Employed,68015.0,3524.0,13,3039,740.0,5,28692.0,0,0,22599,Excellent,0.422,0
60,Unemployed,50514.0,1975.0,13,1972,448.0,0,28243.0,1,0,9719,Average,0.559,1
43,Employed,81448.0,3888.0,8,2226,646.0,4,54788.0,2,0,22674,Good,0.673,1
29,Self-Employed,58078.0,3603.0,15,2690,678.0,1,8421.0,1,0,22374,Good,0.145,0
54,Employed,41265.0,1522.0,1,2737,665.0,2,25175.0,0,0,22056,Good,0.61,0
34,Unemployed,40269.0,1505.0,6,1523,789.0,2,11328.0,5,0,1000,Good,0.281,0
24,Self-Employed,85913.0,5106.0,2,2448,596.0,3,20566.0,1,0,14387,Average,0.239,1
50,Self-Employed,38389.0,814.0,5,1448,633.0,0,21009.0,0,0,13324,Poor,0.547,1
51,Employed,90995.0,2174.0,9,4002,536.0,2,21797.0,1,1,36818,Good,0.24,1
58,Employed,107751.0,2959.0,1,1507,793.0,3,22662.0,0,1,17634,Excellent,0.21,0
31,Employed,21967.0,1044.0,6,867,662.0,3,4772.0,1,0,8015,Good,0.217,0
55,Self-Employed,102559.0,5365.0,9,2898,647.0,2,43722.0,0,0,6812,Good,0.426,0
28,Employed,170812.0,4960.0,5,4482,676.0,2,21323.0,0,0,59239,Good,0.125,0
23,Unemployed,63177.0,3983.0,5,852,728.0,5,39259.0,5,0,19929,Good,0.621,0
34,Self-Employed,76465.0,4557.0,15,2602,706.0,3,27814.0,2,0,23012,Good,0.364,0
33,Employed,97289.0,3875.0,11,859,850.0,2,36033.0,1,0,5035,Poor,0.37,0
65,Self-Employed,47267.0,1758.0,14,1214,714.0,5,468.0,0,0,17764,Excellent,0.01,0
52,Employed,60800.0,2512.0,3,2346,645.0,0,36499.0,0,1,16295,Good,0.6,1
54,Employed,26696.0,496.0,2,212,638.0,2,17653.0,2,0,6952,Poor,0.661,1
65,Employed,59358.0,2589.0,7,1553,651.0,3,21457.0,1,0,6412,Good,0.361,0
39,Employed,72334.0,4389.0,15,1446,567.0,1,40331.0,1,0,9899,Good,0.558,1
58,Self-Employed,73056.0,1035.0,3,2985,683.0,3,3499.0,2,0,14699,Excellent,0.048,0
36,Employed,98822.0,2301.0,14,4013,739.0,2,19303.0,2,0,35777,Good,0.195,0
22,Employed,35916.0,100.0,14,865,634.0,2,26704.0,2,0,16053,Good,0.744,0
60,Self-Employed,41034.0,682.0,13,2504,619.0,0,26260.0,1,0,11252,Average,0.64,1
37,Self-Employed,156001.0,9151.0,3,5119,794.0,1,30774.0,1,0,60000,Good,0.197,0
54,Employed,50635.0,592.0,2,2729,573.0,3,7963.0,3,1,21225,Excellent,0.157,1
62,Self-Employed,61396.0,1250.0,13,1502,525.0,3,29645.0,1,0,11838,Excellent,0.483,1
36,Employed,53010.0,1434.0,4,2205,594.0,1,32440.0,2,0,12152,Average,0.612,0
58,Employed,35002.0,2812.0,8,469,564.0,1,11709.0,0,0,11875,Good,0.335,1
22,Employed,134327.0,6468.0,4,3093,709.0,5,17444.0,0,0,38041,Excellent,0.13,0
22,Employed,41145.0,2472.0,4,1315,653.0,2,14889.0,0,0,1349,Good,0.362,0
46,Self-Employed,29587.0,1272.0,10,451,664.0,1,11363.0,4,0,7904,Average,0.384,0
33,Employed,42924.0,481.0,10,1927,766.0,2,17278.0,0,0,13811,Good,0.403,0
51,Self-Employed,18291.0,2136.0,13,1907,628.0,3,8537.0,0,0,1000,Average,0.467,1
54,Employed,38441.0,1149.0,12,2124,738.0,6,25417.0,3,0,13808,Good,0.661,1
59,Employed,32293.0,134.0,6,1579,793.0,4,14724.0,3,0,9713,Average,0.456,0
23,Unemployed,77240.0,1075.0,9,2879,646.0,1,9789.0,3,0,29499,Good,0.127,0
28,Self-Employed,37976.0,917.0,3,340,735.0,2,19753.0,1,1,5329,Poor,0.52,0
43,Employed,89624.0,543.0,7,1350,662.0,6,23181.0,0,1,26375,Average,0.259,0
34,Employed,118688.0,6466.0,14,4424,749.0,7,37125.0,1,0,34291,Poor,0.313,0
47,Employed,84519.0,2710.0,4,3514,562.0,3,13214.0,1,0,3341,Average,0.156,1
49,Employed,48856.0,2149.0,15,2352,557.0,2,30552.0,1,0,16765,Average,0.625,1
59,Self-Employed,59439.0,2285.0,12,2261,651.0,2,23762.0,1,0,1222,Average,0.4,0
59,Self-Employed,23774.0,100.0,12,100,613.0,1,12656.0,0,0,1000,Good,0.532,1
21,Employed,51098.0,974.0,7,778,641.0,6,29613.0,1,0,11855,Good,0.58,0
37,Unemployed,34264.0,1899.0,4,481,664.0,2,6636.0,1,0,5160,Good,0.194,1
61,Employed,80577.0,5552.0,6,4414,734.0,1,12389.0,3,0,11210,Good,0.154,0
50,Employed,200000.0,8303.0,13,3336,649.0,1,75331.0,2,0,44751,Good,0.377,0
33,Employed,72402.0,3218.0,3,2189,618.0,2,16135.0,2,1,11325,Average,0.223,1
41,Employed,18397.0,880.0,4,223,654.0,0,4688.0,1,0,1654,Good,0.255,0
39,Employed,45090.0,1230.0,5,2692,622.0,4,25121.0,1,1,8169,Average,0.557,0
39,Employed,58833.0,3560.0,7,374,610.0,1,26668.0,2,0,21132,Good,0.453,0
45,Employed,57707.0,1937.0,14,1561,559.0,2,3684.0,1,0,22931,Good,0.064,1
42,Employed,36796.0,2873.0,12,380,685.0,1,31975.0,0,0,5481,Average,0.869,0
51,Self-Employed,62944.0,3480.0,14,875,637.0,2,31807.0,3,0,9249,Good,0.505,0
37,Employed,27770.0,100.0,1,1277,752.0,2,0.0,1,1,8218,Good,0.0,0
43,Employed,32708.0,2487.0,8,1151,571.0,3,15507.0,1,1,1000,Excellent,0.474,1
52,Self-Employed,78455.0,3385.0,6,100,639.0,2,27344.0,1,0,36614,Good,0.349,1
30,Unemployed,31460.0,1322.0,13,912,816.0,2,7439.0,1,0,11995,Average,0.236,0
30,Unemployed,73947.0,1846.0,8,2059,610.0,1,19836.0,0,0,14561,Good,0.268,1
56,Employed,25897.0,100.0,8,133,662.0,0,24922.0,3,0,5091,Good,0.962,1
28,Employed,145182.0,6128.0,9,3704,589.0,5,59710.0,1,0,56681,Average,0.411,1
40,Employed,35927.0,640.0,4,2647,579.0,1,26278.0,1,0,4836,Good,0.731,1
52,Employed,48634.0,2578.0,3,979,796.0,1,2053.0,2,0,10505,Good,0.042,0
34,Unemployed,65968.0,1506.0,13,1155,693.0,5,0.0,0,0,21041,Average,0.0,0
48,Employed,40302.0,1439.0,1,1716,690.0,3,31396.0,3,1,10079,Excellent,0.779,1
44,Employed,59514.0,2391.0,14,2375,553.0,1,22505.0,1,0,20019,Poor,0.378,1
35,Employed,75473.0,100.0,9,1837,707.0,2,48791.0,1,0,24570,Excellent,0.646,0
42,Employed,93286.0,3642.0,11,2846,767.0,1,13646.0,1,1,5599,Excellent,0.146,0
50,Self-Employed,85000.0,4504.0,13,1852,766.0,1,54004.0,0,0,8114,Average,0.635,0
24,Employed,50041.0,3125.0,2,2510,730.0,3,16872.0,0,0,15954,Excellent,0.337,0
33,Employed,50739.0,1178.0,9,2023,595.0,2,8341.0,0,0,8431,Excellent,0.164,1
43,Employed,200000.0,5131.0,13,7601,703.0,1,109123.0,1,0,5608,Excellent,0.546,0
28,Employed,92737.0,7640.0,10,2533,730.0,1,58075.0,0,0,35602,Good,0.626,0
38,Employed,33126.0,1921.0,13,966,545.0,2,4464.0,0,0,3773,Average,0.135,1
32,Employed,58109.0,189.0,12,2229,596.0,2,41038.0,1,0,13424,Excellent,0.706,1
51,Employed,45741.0,100.0,8,708,747.0,2,22713.0,2,0,5116,Good,0.497,0
34,Self-Employed,51055.0,909.0,9,2067,746.0,3,15740.0,2,0,24242,Average,0.308,0
54,Unemployed,27969.0,2156.0,2,1089,564.0,4,1858.0,1,0,11264,Good,0.066,0
38,Unemployed,43850.0,1434.0,11,2022,740.0,2,10099.0,2,0,7636,Excellent,0.23,0
54,Unemployed,148962.0,3064.0,7,6716,687.0,2,36879.0,2,1,42853,Poor,0.248,0
31,Employed,75628.0,100.0,7,3229,739.0,4,26568.0,1,0,12017,Average,0.351,0
61,Employed,15000.0,100.0,3,691,632.0,2,6667.0,1,0,2048,Poor,0.444,0
32,Employed,107397.0,3492.0,12,1865,728.0,1,61130.0,1,0,32895,Average,0.569,0
35,Self-Employed,100146.0,4523.0,15,3639,743.0,0,32118.0,1,0,20607,Good,0.321,0
51,Unemployed,45138.0,1756.0,4,237,654.0,2,7621.0,2,0,22525,Excellent,0.169,0
49,Self-Employed,81600.0,1580.0,15,2916,681.0,3,60798.0,3,0,36873,Good,0.745,0
46,Employed,34283.0,100.0,14,2354,631.0,1,7751.0,2,0,6465,Good,0.226,1
38,Unemployed,42466.0,730.0,10,1522,804.0,2,8440.0,1,0,15974,Good,0.199,0
52,Employed,125403.0,1101.0,9,5068,671.0,5,57302.0,2,0,20466,Excellent,0.457,0
42,Employed,47365.0,2762.0,1,1144,611.0,5,31054.0,1,0,18163,Good,0.656,1
58,Employed,19668.0,3162.0,14,199,626.0,3,20046.0,3,0,1000,Good,1.019,0
37,Employed,53118.0,1678.0,3,617,690.0,4,43673.0,2,0,22510,Average,0.822,0
43,Employed,52673.0,2502.0,7,1895,736.0,3,38179.0,0,0,29595,Good,0.725,0
44,Employed,106318.0,3260.0,12,3682,580.0,4,27834.0,0,0,25806,Average,0.262,1
28,Employed,55435.0,1341.0,14,3081,819.0,6,13086.0,1,0,16606,Poor,0.236,0
61,Employed,43618.0,866.0,15,100,703.0,6,19484.0,2,0,10287,Excellent,0.447,0
26,Self-Employed,97721.0,3938.0,11,2518,715.0,2,3106.0,2,0,35804,Good,0.032,0
25,Employed,58778.0,841.0,2,1976,673.0,3,14301.0,0,1,10510,Good,0.243,0
64,Employed,36409.0,100.0,11,940,681.0,1,3015.0,1,0,3600,Good,0.083,0
49,Self-Employed,103812.0,6141.0,3,1868,669.0,3,23355.0,1,0,29163,Excellent,0.225,0
48,Unemployed,61182.0,727.0,4,1454,756.0,2,25096.0,0,0,20396,Average,0.41,0
31,Employed,55089.0,1678.0,12,2942,679.0,3,16587.0,3,0,8384,Good,0.301,0
21,Employed,60654.0,1893.0,1,381,738.0,1,16968.0,1,1,13615,Excellent,0.28,0
63,Employed,30523.0,1863.0,9,677,647.0,2,22337.0,1,0,10301,Excellent,0.732,0
39,Employed,41146.0,2268.0,15,1676,695.0,2,14809.0,4,0,12464,Poor,0.36,0
29,Employed,55108.0,793.0,14,2717,620.0,2,36371.0,0,1,2059,Good,0.66,0
47,Self-Employed,49416.0,4309.0,9,1941,771.0,3,6905.0,4,0,11335,Average,0.14,0
54,Employed,110738.0,2793.0,3,3136,617.0,1,28746.0,1,0,33664,Excellent,0.26,0
64,Self-Employed,61986.0,4205.0,11,2402,656.0,4,11648.0,3,0,16903,Good,0.188,0
24,Self-Employed,88017.0,7325.0,5,3434,656.0,2,41959.0,1,0,28536,Excellent,0.477,0
56,Unemployed,55285.0,938.0,2,2443,653.0,3,29872.0,2,0,15969,Good,0.54,0
38,Employed,98326.0,2650.0,8,5023,734.0,2,22329.0,2,0,42358,Excellent,0.227,0
35,Unemployed,68441.0,335.0,5,1852,656.0,3,41951.0,0,1,33026,Good,0.613,1
33,Employed,55407.0,100.0,2,504,785.0,2,26398.0,0,0,19842,Good,0.476,0
39,Employed,54600.0,3157.0,6,1586,619.0,4,8166.0,1,0,10144,Good,0.15,1
26,Employed,32537.0,771.0,12,1079,693.0,2,13624.0,2,0,6218,Excellent,0.419,0
32,Employed,72685.0,5468.0,6,539,622.0,1,32995.0,0,0,27902,Average,0.454,0
57,Self-Employed,53797.0,2072.0,11,1803,712.0,5,3910.0,3,0,6820,Good,0.073,1
37,Employed,41731.0,100.0,5,505,679.0,3,21221.0,1,0,6568,Good,0.509,0
43,Employed,101077.0,6017.0,6,4899,668.0,3,56905.0,2,0,39769,Good,0.563,1
46,Employed,27652.0,3398.0,8,877,769.0,1,5510.0,2,0,11253,Good,0.199,0
49,Employed,43596.0,1341.0,11,2491,631.0,2,10706.0,1,0,7275,Excellent,0.246,0
53,Employed,96793.0,4048.0,5,4097,724.0,4,70141.0,0,0,41528,Poor,0.725,0
47,Self-Employed,65423.0,2464.0,1,3020,622.0,2,13222.0,1,0,25411,Average,0.202,0
45,Employed,53571.0,3526.0,2,862,688.0,2,21148.0,2,0,12066,Excellent,0.395,0
30,Employed,63142.0,3270.0,9,1310,590.0,2,24896.0,0,0,9717,Good,0.394,1
43,Employed,60704.0,738.0,14,602,630.0,2,38419.0,2,0,21281,Excellent,0.633,0
41,Employed,23883.0,100.0,11,1125,674.0,1,10002.0,1,0,8891,Good,0.419,1
41,Employed,45388.0,165.0,8,1547,816.0,2,14917.0,1,0,28358,Average,0.329,0
63,Employed,133810.0,6770.0,12,3597,688.0,1,103392.0,1,0,21156,Poor,0.773,0
33,Unemployed,38271.0,2416.0,4,1511,804.0,3,19495.0,3,0,3016,Average,0.509,0
57,Employed,46167.0,4171.0,1,2349,697.0,2,8881.0,1,0,14169,Good,0.192,0
53,Employed,40831.0,3720.0,13,877,651.0,0,23287.0,1,1,8551,Good,0.57,0
44,Employed,52430.0,2736.0,8,1786,795.0,1,22639.0,0,0,14064,Excellent,0.432,0
64,Self-Employed,39910.0,3294.0,1,886,713.0,3,12662.0,0,0,5035,Average,0.317,0
31,Employed,71883.0,3368.0,12,1384,632.0,1,14672.0,1,0,10910,Good,0.204,1
37,Employed,61305.0,1562.0,9,1737,715.0,3,30943.0,1,0,12540,Good,0.505,1
24,Self-Employed,84165.0,5989.0,10,3640,658.0,1,22518.0,0,1,29357,Good,0.268,1
45,Employed,30856.0,100.0,9,698,531.0,1,1183.0,0,1,2041,Good,0.038,1
50,Employed,45611.0,1819.0,5,2383,750.0,2,32195.0,1,0,11317,Excellent,0.706,0
29,Employed,48579.0,2284.0,3,1027,762.0,3,27439.0,3,0,1000,Good,0.565,0
41,Employed,70664.0,1791.0,1,1935,818.0,1,1396.0,1,0,9999,Good,0.02,0
40,Employed,35554.0,264.0,2,1958,712.0,0,13108.0,1,0,5411,Excellent,0.369,0
39,Employed,91008.0,1071.0,14,5175,661.0,3,51401.0,1,0,27406,Good,0.565,1
39,Employed,105621.0,1977.0,5,5593,743.0,1,55252.0,1,0,35351,Excellent,0.523,0
32,Employed,31927.0,694.0,2,1943,744.0,5,28767.0,1,0,10856,Excellent,0.901,0
57,Employed,,1738.0,13,2095,803.0,1,15460.0,2,0,16144,Good,0.368,0
62,Unemployed,41049.0,2680.0,6,1819,677.0,1,18040.0,1,1,7385,Good,0.439,0
37,Self-Employed,200000.0,10850.0,12,6197,668.0,5,120000.0,1,0,48978,Good,0.6,0
57,Self-Employed,43419.0,421.0,12,1254,626.0,2,0.0,1,0,13334,Good,0.0,1
59,Employed,138383.0,2999.0,11,1956,720.0,1,6173.0,5,0,18537,Excellent,0.045,0
48,Employed,27404.0,1610.0,3,1229,564.0,2,10918.0,2,1,7055,Average,0.398,1
61,Employed,31913.0,2492.0,13,1194,738.0,1,17507.0,1,0,6291,Poor,0.549,0
55,Employed,37702.0,164.0,7,2319,724.0,1,5530.0,2,0,3653,Good,0.147,0
38,Unemployed,34543.0,100.0,10,1497,724.0,3,5722.0,1,1,6166,Excellent,0.166,0
34,Employed,47465.0,4400.0,10,1427,690.0,3,14593.0,4,0,9110,Average,0.307,1
55,Employed,37245.0,1256.0,9,672,795.0,4,22961.0,2,0,4174,Good,0.616,0
64,Employed,35047.0,2150.0,12,1798,745.0,2,1868.0,0,0,11544,Good,0.053,0
61,Employed,104011.0,2671.0,1,3628,634.0,0,46450.0,1,1,37547,Excellent,0.447,0
27,Employed,107815.0,4503.0,3,3757,636.0,3,26470.0,0,0,25100,Good,0.246,0
61,Employed,92707.0,3272.0,12,2099,614.0,3,51100.0,2,1,14363,Good,0.551,1
33,Employed,73371.0,797.0,10,3404,721.0,1,35726.0,2,0,9923,Good,0.487,0
38,Self-Employed,57878.0,875.0,14,2314,605.0,1,40090.0,0,0,6635,Good,0.693,0
57,Employed,41845.0,2211.0,4,1758,761.0,1,2917.0,1,0,14123,Poor,0.07,0
33,Unemployed,32560.0,900.0,6,1378,779.0,3,12512.0,1,1,21904,Excellent,0.384,0
56,Self-Employed,67153.0,5090.0,3,1886,614.0,1,3695.0,1,0,8097,Good,0.055,1
51,Employed,28842.0,100.0,4,963,666.0,1,15881.0,2,0,1000,Good,0.551,1
22,Self-Employed,31839.0,1948.0,11,2016,681.0,2,29102.0,3,0,4223,Average,0.914,0
36,Employed,103693.0,4294.0,10,3510,746.0,2,71629.0,1,0,15985,Poor,0.691,0
29,Unemployed,156443.0,5927.0,5,4212,801.0,3,47519.0,0,0,24571,Excellent,0.304,0
29,Employed,68282.0,100.0,15,3988,554.0,2,42180.0,0,0,9935,Poor,0.618,1
58,Employed,101077.0,6939.0,4,4540,656.0,3,22726.0,2,0,19461,Poor,0.225,1
31,Employed,48044.0,5230.0,13,2311,660.0,1,2751.0,2,0,21060,Poor,0.057,0
42,Employed,26354.0,1710.0,3,418,575.0,5,15535.0,0,0,12477,Poor,0.589,1
53,Unemployed,77017.0,4685.0,12,1342,644.0,0,0.0,0,0,17810,Average,0.0,0
56,Employed,75222.0,100.0,7,1584,712.0,2,5166.0,2,0,21416,Good,0.069,0
65,Employed,57211.0,1579.0,8,2031,659.0,2,28151.0,1,0,7606,Average,0.492,0
43,Employed,48136.0,1755.0,2,226,564.0,3,8510.0,0,0,1000,Good,0.177,1
65,Unemployed,93368.0,1217.0,12,1250,850.0,1,15201.0,2,0,15239,Good,0.163,0
65,Employed,31982.0,3666.0,10,1957,700.0,0,21830.0,0,0,6583,Excellent,0.683,0
54,Employed,35937.0,841.0,11,1592,688.0,4,7405.0,1,1,21543,Good,0.206,1
29,Employed,31591.0,2042.0,15,100,598.0,1,5697.0,2,0,12041,Good,0.18,0
44,Self-Employed,57631.0,1016.0,14,2845,700.0,3,14870.0,2,0,6143,Good,0.258,0
28,Employed,30235.0,100.0,6,1274,668.0,1,14142.0,1,1,10526,Good,0.468,1
27,Employed,37751.0,1551.0,13,144,538.0,3,14607.0,2,0,7057,Average,0.387,1
56,Employed,37307.0,220.0,9,1586,600.0,2,30162.0,2,1,13077,Excellent,0.808,1
38,Self-Employed,47656.0,2140.0,1,1929,740.0,1,32287.0,0,0,16251,Good,0.678,1
23,Employed,24271.0,1931.0,8,1766,826.0,4,10927.0,0,0,16393,Good,0.45,0
48,Employed,57702.0,395.0,6,2516,708.0,2,46390.0,1,0,14820,Average,0.804,1
26,Employed,109218.0,4879.0,4,3687,763.0,3,32490.0,3,0,24811,Average,0.297,0
64,Self-Employed,59255.0,1898.0,6,2643,668.0,3,0.0,2,0,9164,Excellent,0.0,0
64,Unemployed,128388.0,6791.0,13,3951,674.0,0,85464.0,1,0,50695,Average,0.666,1
41,Employed,114552.0,3776.0,10,3446,762.0,1,15432.0,1,0,4262,Good,0.135,0
48,Employed,84360.0,3025.0,9,730,805.0,7,11788.0,1,0,17436,Excellent,0.14,0
60,Employed,57306.0,1921.0,5,2801,778.0,4,37435.0,0,0,10540,Excellent,0.653,0
21,Employed,55685.0,3463.0,5,2270,600.0,2,33909.0,1,1,5500,Good,0.609,1
56,Employed,83715.0,5169.0,3,2879,675.0,0,9578.0,2,0,8877,Good,0.114,1
41,Employed,44341.0,657.0,9,100,701.0,4,28666.0,1,0,1000,Average,0.646,0
63,Employed,19530.0,1288.0,3,1251,661.0,2,17755.0,1,0,2228,Good,0.909,0
55,Unemployed,72091.0,3543.0,5,3050,709.0,2,46228.0,2,0,13925,Excellent,0.641,0
33,Employed,29525.0,3552.0,15,903,742.0,1,8328.0,1,1,17128,Good,0.282,0
30,Self-Employed,32400.0,100.0,1,285,755.0,3,7260.0,0,0,6638,Average,0.224,0
64,Employed,55007.0,2032.0,10,3862,806.0,5,33002.0,0,0,17397,Good,0.6,0
30,Employed,52196.0,2836.0,7,1612,655.0,2,26925.0,1,0,8895,Good,0.516,0
33,Employed,25297.0,284.0,8,774,578.0,2,13263.0,0,0,2717,Good,0.524,1
57,Employed,60241.0,5544.0,12,3686,707.0,4,25594.0,5,1,5197,Excellent,0.425,1
58,Employed,93570.0,5213.0,13,2923,821.0,1,39860.0,0,1,35322,Good,0.426,0
44,Self-Employed,29570.0,1767.0,8,998,644.0,4,19565.0,1,0,3140,Average,0.662,0
22,Unemployed,110742.0,,14,1373,732.0,3,33450.0,1,0,23676,Excellent,0.302,0
42,Employed,23318.0,1532.0,10,156,732.0,1,2447.0,1,0,6928,Poor,0.105,0
37,Employed,176243.0,2944.0,12,7504,694.0,3,98390.0,0,0,60000,Good,0.558,0
56,Employed,43866.0,1849.0,1,1163,681.0,2,5327.0,3,0,12050,Average,0.121,0
34,Employed,59586.0,3118.0,10,774,611.0,3,29799.0,2,0,11387,Good,0.5,0
30,Employed,19428.0,1993.0,10,669,509.0,3,,3,0,11438,Good,0.329,1
55,Self-Employed,53152.0,1670.0,12,2017,597.0,2,29393.0,0,0,15367,Excellent,0.553,1
45,Unemployed,62365.0,2048.0,10,2815,651.0,2,43485.0,2,0,30687,Good,0.697,1
23,Unemployed,52454.0,465.0,1,2418,762.0,2,17942.0,0,0,15150,Good,0.342,0
58,Employed,40352.0,1075.0,7,100,672.0,5,0.0,1,0,1000,Good,0.0,0
37,Self-Employed,32679.0,2491.0,1,1106,641.0,0,22534.0,2,0,5691,Good,0.69,0
32,Self-Employed,102424.0,5549.0,5,4832,613.0,2,19549.0,2,0,22483,Good,0.191,1
44,Employed,55940.0,881.0,4,2566,729.0,3,25618.0,1,0,12392,Average,0.458,0
49,Employed,128348.0,1397.0,3,3758,782.0,3,47124.0,1,0,21733,Excellent,0.367,0
63,Self-Employed,41172.0,1017.0,1,209,760.0,2,29238.0,3,0,12396,Good,0.71,0
45,Employed,43302.0,2458.0,8,1666,725.0,1,12929.0,1,0,15626,Excellent,0.299,0
56,Employed,86134.0,3291.0,3,3989,569.0,3,51468.0,1,0,20942,Poor,0.598,1
46,Employed,22527.0,1065.0,10,1613,654.0,1,8565.0,0,0,14111,Average,0.38,0
58,Employed,28217.0,431.0,4,939,826.0,4,4064.0,3,0,7796,Average,0.144,0
21,Employed,100580.0,7166.0,14,1859,764.0,3,67080.0,2,0,14987,Excellent,0.667,0
40,Unemployed,28869.0,100.0,4,906,565.0,0,17169.0,0,1,12843,Average,0.595,1
48,Employed,20224.0,1431.0,1,100,676.0,2,12742.0,0,0,3221,Excellent,0.63,0
36,Employed,153703.0,7051.0,1,8198,707.0,2,32871.0,1,0,13925,Good,0.214,0
37,Employed,25552.0,144.0,4,962,623.0,1,18104.0,1,0,4015,Excellent,0.709,0
60,Employed,60861.0,2251.0,6,3947,507.0,5,41633.0,5,0,12179,Poor,0.684,1
48,Employed,57130.0,2877.0,11,1159,687.0,0,15229.0,1,0,13030,Poor,0.267,1
32,Employed,15000.0,100.0,12,100,621.0,0,11339.0,2,0,4740,Good,0.756,1
47,Employed,47480.0,2850.0,14,1440,621.0,3,34247.0,1,0,1000,Poor,0.721,0
62,Employed,70384.0,117.0,13,1381,653.0,2,45653.0,0,0,16859,Excellent,0.649,0
50,Employed,66833.0,1455.0,6,2017,670.0,4,17575.0,3,0,18127,Poor,0.263,1
61,Employed,90402.0,6308.0,4,1579,679.0,3,40149.0,0,0,26116,Good,0.444,0
54,Employed,44443.0,2313.0,6,270,614.0,5,19346.0,4,0,13008,Average,0.435,1
57,Employed,81387.0,6364.0,11,2139,663.0,4,17421.0,3,0,25725,Good,0.214,0
26,Unemployed,37645.0,368.0,2,224,548.0,1,28728.0,2,0,7722,Good,0.763,1
27,Employed,25320.0,2660.0,11,2181,703.0,2,10207.0,5,0,14088,Excellent,0.403,0
52,Self-Employed,26939.0,2018.0,4,1145,466.0,5,11637.0,0,0,7420,Good,0.432,1
52,Employed,24610.0,100.0,4,1123,658.0,2,13009.0,1,0,10368,Good,0.529,0
45,Employed,95833.0,549.0,10,1217,749.0,0,17452.0,2,0,32559,Good,0.182,0
53,Unemployed,23911.0,100.0,15,1315,601.0,1,20959.0,4,1,1000,Good,0.877,1
27,Employed,63947.0,1932.0,15,1417,734.0,1,41319.0,1,0,12849,Good,0.646,0
32,Employed,47516.0,2889.0,14,2539,767.0,4,8267.0,1,0,16853,Good,0.174,0
36,Employed,51981.0,2880.0,14,1522,432.0,1,23647.0,1,0,18333,Excellent,0.455,1
36,Employed,116433.0,1966.0,14,6013,669.0,2,75911.0,2,0,38816,Average,0.652,0
63,Self-Employed,43215.0,598.0,15,886,464.0,2,4690.0,1,0,10473,Average,0.109,1
56,Employed,76993.0,3593.0,5,3366,671.0,0,53105.0,0,0,20813,Average,0.69,0
33,Employed,56148.0,941.0,1,3296,679.0,2,39509.0,2,0,16200,Excellent,0.704,0
27,Employed,50588.0,3437.0,3,2820,494.0,3,13606.0,0,0,7852,Average,0.269,1
56,Employed,194867.0,11212.0,3,2828,824.0,0,120000.0,2,0,28318,Average,0.616,0
29,Self-Employed,24893.0,1615.0,4,302,701.0,1,12427.0,0,0,8803,Average,0.499,0
52,Self-Employed,111760.0,1958.0,3,3427,616.0,3,7084.0,2,0,38799,Good,0.063,0
31,Employed,78914.0,4726.0,14,2616,790.0,1,23824.0,0,0,18758,Good,0.302,0
28,Employed,42250.0,2361.0,6,1461,545.0,2,16149.0,2,1,10793,Average,0.382,1
53,Self-Employed,134755.0,6067.0,2,2605,588.0,1,42377.0,2,0,49565,Good,0.314,0
43,Employed,19903.0,856.0,5,987,508.0,1,3075.0,3,0,7296,Excellent,0.154,1
45,Employed,41279.0,607.0,6,1388,815.0,1,4614.0,0,0,10564,Good,0.112,0
28,Employed,28295.0,1931.0,12,925,705.0,5,19704.0,3,0,16304,Average,0.696,0
65,Employed,68991.0,1013.0,9,2506,729.0,3,53732.0,1,0,5732,Good,0.779,0
42,Employed,,,10,823,703.0,1,3949.0,2,0,5452,Average,0.132,0
24,Unemployed,69792.0,2157.0,1,1012,723.0,2,35818.0,1,0,3942,Good,0.513,0
60,Employed,49640.0,1853.0,3,1768,686.0,3,24565.0,0,0,20077,Good,0.495,0
23,Employed,42254.0,100.0,11,1963,700.0,2,16659.0,1,0,6874,Good,0.394,0
49,Employed,68108.0,1783.0,7,2604,688.0,3,35147.0,1,1,25685,Good,0.516,1
61,Employed,47446.0,276.0,8,2563,634.0,3,5558.0,2,0,5677,Good,0.117,0
49,Employed,30222.0,1142.0,5,1883,677.0,3,818.0,0,0,6933,Good,0.027,0
54,Self-Employed,200000.0,5376.0,9,3205,701.0,2,22809.0,3,0,43933,Poor,0.114,0
54,Employed,42072.0,2622.0,10,676,688.0,1,28856.0,0,1,15624,Average,0.686,0
48,Employed,16243.0,828.0,8,1025,569.0,2,0.0,1,0,1000,Excellent,0.0,1
33,Employed,34611.0,1178.0,1,562,579.0,0,7278.0,0,1,7715,Good,0.21,1
35,Employed,27394.0,1721.0,1,100,761.0,2,17700.0,1,1,9986,Good,0.646,0
43,Employed,86636.0,3025.0,8,2756,657.0,2,12234.0,2,1,20747,Excellent,0.141,0
64,Self-Employed,65644.0,2666.0,14,2105,724.0,1,4236.0,0,0,18432,Average,0.065,0
46,Employed,68486.0,1865.0,9,3373,598.0,2,30980.0,1,0,16999,Excellent,0.452,1
24,Self-Employed,44872.0,823.0,9,2277,570.0,2,23885.0,2,1,11779,Excellent,0.532,1
46,Employed,47167.0,3881.0,11,3015,617.0,3,4806.0,2,0,8692,Good,0.102,0
60,Employed,44850.0,1313.0,6,1432,663.0,4,12690.0,2,0,2835,Excellent,0.283,0
29,Employed,52598.0,4036.0,7,2095,630.0,1,8554.0,1,0,3504,Good,0.163,0
25,Employed,87075.0,2230.0,5,1547,777.0,3,35702.0,0,0,19329,Good,0.41,0
52,Employed,66167.0,108.0,10,981,693.0,1,40093.0,0,0,31967,Excellent,0.606,0
40,Employed,72414.0,3157.0,4,3078,819.0,4,20430.0,2,0,26982,Average,0.282,0
31,Employed,72392.0,3646.0,14,4029,710.0,2,17978.0,0,0,34625,Excellent,0.248,0
35,Employed,89459.0,2461.0,8,1959,499.0,1,58302.0,2,0,20211,Good,0.652,1
52,Employed,64445.0,1197.0,3,1282,759.0,2,54095.0,1,0,16812,Good,0.839,0
48,Employed,67000.0,5436.0,11,280,567.0,2,43397.0,2,0,14859,Average,0.648,1
42,Employed,105760.0,6979.0,7,3645,697.0,0,39631.0,0,0,23276,Average,0.375,0
61,Employed,38151.0,812.0,6,546,622.0,2,13202.0,2,0,10935,Average,0.346,1
37,Employed,34352.0,2148.0,10,2003,841.0,0,12675.0,1,0,9161,Good,0.369,0
46,Self-Employed,28648.0,1609.0,8,1898,788.0,2,24911.0,1,1,1000,Average,0.87,0
64,Employed,60821.0,4601.0,6,2595,624.0,5,34879.0,0,0,29812,Good,0.573,1
27,Employed,19842.0,100.0,2,1811,670.0,1,6530.0,1,0,4118,Good,0.329,1
62,Employed,70918.0,4550.0,5,2944,698.0,3,10255.0,0,0,19472,Poor,0.145,0
46,Employed,51794.0,4107.0,4,2234,745.0,3,17283.0,0,0,17824,Average,0.334,1
45,Employed,102656.0,1320.0,3,3076,682.0,3,24427.0,1,0,25985,Good,0.238,0
30,Employed,38007.0,2146.0,6,334,603.0,2,31299.0,0,0,10543,Average,0.824,0
65,Employed,49181.0,1601.0,5,643,626.0,1,16818.0,0,0,9056,Excellent,0.342,1
39,Employed,101956.0,2192.0,3,3783,680.0,3,19901.0,1,0,30251,Good,0.195,0
31,Employed,117690.0,3442.0,14,2241,773.0,0,78909.0,1,0,18153,Good,0.67,0
33,Self-Employed,37836.0,1566.0,13,490,,2,8116.0,3,0,14322,Good,0.215,0
28,Employed,60783.0,3491.0,6,2014,622.0,3,10367.0,2,0,30563,Good,0.171,1
60,Employed,64668.0,2885.0,13,1329,729.0,3,25258.0,2,1,38249,Excellent,0.391,0
24,Employed,67548.0,2552.0,4,795,651.0,2,28944.0,2,1,11942,Poor,0.428,0
51,Employed,47604.0,639.0,7,762,747.0,2,14374.0,1,0,1000,Good,0.302,0
48,Employed,111285.0,3127.0,1,4478,850.0,4,39422.0,3,0,37321,Average,0.354,0
31,Employed,19453.0,994.0,3,866,653.0,1,9599.0,1,0,4492,Good,0.493,0
63,Employed,43629.0,151.0,5,1456,740.0,4,13436.0,0,0,13861,Excellent,0.308,0
21,Employed,70365.0,,13,4126,624.0,3,22962.0,3,0,9934,Good,0.326,1
58,Self-Employed,70726.0,3994.0,2,3866,672.0,4,38196.0,2,0,25125,Good,0.54,1
44,Unemployed,115741.0,3738.0,9,3206,682.0,2,45282.0,1,0,16052,Average,0.391,0
51,Employed,106310.0,3031.0,10,2912,665.0,2,46114.0,0,0,33229,Average,0.434,0
61,Employed,47006.0,2212.0,15,2031,850.0,1,15881.0,0,0,6564,Average,0.338,0
46,Employed,112422.0,5684.0,1,5241,657.0,4,16935.0,1,0,9135,Excellent,0.151,0
25,Employed,37137.0,3442.0,4,1508,724.0,0,4454.0,1,0,16159,Average,0.12,0
40,Employed,91773.0,3145.0,4,4070,535.0,1,57915.0,2,0,13044,Good,0.631,1
61,Employed,148877.0,2929.0,2,3494,712.0,2,43820.0,0,0,12717,Good,0.294,0
31,Unemployed,107292.0,3976.0,10,1247,766.0,1,58715.0,1,0,29438,Excellent,0.547,0
53,Employed,58294.0,3284.0,15,281,640.0,3,3062.0,0,0,11192,Good,0.053,1
58,Employed,45826.0,2279.0,1,788,492.0,4,25202.0,3,1,2876,Good,0.55,1
47,Employed,23727.0,818.0,1,794,677.0,3,15830.0,5,0,9244,Excellent,0.667,0
54,Self-Employed,65244.0,1882.0,10,1214,681.0,1,16690.0,1,0,7666,Good,0.256,0
35,Employed,29784.0,518.0,10,969,734.0,2,15830.0,0,0,4575,Excellent,0.531,0
52,Employed,35556.0,100.0,5,1737,831.0,1,17024.0,2,0,10841,Good,0.479,0
41,Employed,28572.0,1153.0,11,929,651.0,5,25611.0,0,0,6362,Good,0.896,1
25,Self-Employed,42697.0,2440.0,10,595,616.0,2,308.0,5,0,4256,Average,0.007,0
26,Employed,54160.0,1527.0,1,2826,592.0,2,33253.0,0,1,11992,Excellent,0.614,1
58,Self-Employed,63932.0,2545.0,13,3181,695.0,1,40808.0,3,0,20437,Good,0.638,0
42,Employed,39530.0,1487.0,14,818,716.0,3,5925.0,4,0,15253,Excellent,0.15,0
38,Employed,99032.0,2242.0,4,2411,639.0,1,17720.0,1,1,35171,Average,0.179,0
34,Employed,49049.0,100.0,4,755,738.0,2,10141.0,1,0,5025,Good,0.207,0
30,Employed,35662.0,100.0,4,2804,715.0,0,25877.0,3,0,1879,Poor,0.726,0
33,Employed,62290.0,2799.0,5,1992,683.0,0,12697.0,1,0,15709,Poor,0.204,0
51,Self-Employed,161950.0,3582.0,15,7010,612.0,4,63363.0,2,0,54014,Good,0.391,1
50,Employed,66133.0,4064.0,2,2045,644.0,0,14163.0,1,0,12919,Average,0.214,0
23,Employed,45050.0,2982.0,3,2713,498.0,0,16345.0,0,0,11205,Excellent,0.363,1
50,Employed,23742.0,1811.0,7,323,698.0,1,5332.0,0,0,8766,Average,0.225,0
26,Employed,48748.0,1326.0,15,1339,682.0,3,37067.0,2,0,21509,Good,0.76,1
49,Employed,62586.0,3781.0,15,2044,694.0,2,33076.0,1,1,29467,Excellent,0.528,1
28,Employed,44441.0,2856.0,15,756,718.0,1,30641.0,1,1,18088,Good,0.689,0
64,Employed,22007.0,154.0,12,1200,709.0,2,14304.0,2,0,4037,Good,0.65,0
65,Employed,34450.0,1178.0,10,866,672.0,4,16415.0,2,0,14955,Average,0.476,0
63,Unemployed,122404.0,6746.0,12,2787,684.0,2,41841.0,1,0,42570,Average,0.342,0
64,Employed,121029.0,4847.0,12,3127,575.0,1,82774.0,3,0,46039,Good,0.684,1
53,Self-Employed,33774.0,1168.0,12,790,636.0,1,14682.0,1,0,8288,Good,0.435,0
37,Employed,79627.0,5336.0,9,2479,684.0,2,24081.0,4,0,19397,Good,0.302,0
31,Employed,28764.0,2379.0,14,1289,625.0,3,14420.0,0,0,3965,Good,0.501,1
33,Employed,119069.0,2548.0,5,1039,745.0,1,40920.0,1,0,24596,Good,0.344,0
31,Employed,62942.0,4288.0,5,1575,631.0,1,14322.0,1,0,1000,Excellent,0.228,1
51,Self-Employed,92725.0,1476.0,9,3518,696.0,2,8817.0,0,0,26465,Good,0.095,0
48,Employed,21414.0,678.0,15,1113,689.0,2,12204.0,1,0,6834,Good,0.57,0
64,Employed,79841.0,1559.0,15,2195,736.0,2,22813.0,1,0,5591,Average,0.286,0
26,Self-Employed,54768.0,2896.0,8,3159,748.0,2,23376.0,0,0,15703,Good,0.427,0
61,Employed,87873.0,5637.0,12,2182,732.0,2,60640.0,0,0,2898,Poor,0.69,1
36,Employed,90968.0,3612.0,13,3757,522.0,1,39784.0,1,0,15793,Average,0.437,1
24,Employed,57026.0,1807.0,13,2478,770.0,1,0.0,3,0,3899,Average,0.0,0
55,Self-Employed,39523.0,3088.0,8,426,795.0,3,24333.0,0,0,12689,Good,0.616,0
46,Employed,84451.0,4237.0,5,3559,644.0,1,13354.0,1,0,2583,Average,0.158,1
32,Employed,53210.0,3460.0,12,836,698.0,2,20510.0,0,1,13871,Good,0.385,1
31,Employed,34032.0,785.0,4,100,613.0,2,18238.0,3,1,7760,Excellent,0.536,1
57,Unemployed,33157.0,1076.0,13,1810,534.0,3,12288.0,2,0,13717,Excellent,0.371,0
45,Employed,24408.0,1381.0,3,937,625.0,5,5515.0,1,1,1000,Good,0.226,1
38,Employed,41541.0,1053.0,10,1289,639.0,2,14293.0,2,1,18312,Good,0.344,0
39,Employed,100868.0,5519.0,10,3689,653.0,4,3666.0,2,0,6744,Good,0.036,1
43,Unemployed,60651.0,2269.0,4,1579,608.0,2,22875.0,2,1,12608,Good,0.377,1
58,Self-Employed,41098.0,2556.0,3,1173,625.0,1,26502.0,0,1,10201,Good,0.645,0
38,Unemployed,85627.0,4272.0,6,3485,679.0,1,29886.0,1,0,37498,Excellent,0.349,0
46,Employed,34795.0,2374.0,3,1450,622.0,2,19454.0,2,0,15241,Average,0.559,1
26,Employed,57961.0,3197.0,3,635,721.0,0,26730.0,2,0,13543,Poor,0.461,0
24,Employed,49826.0,1240.0,1,2746,731.0,0,25830.0,0,0,16623,Good,0.518,0
64,Self-Employed,84424.0,2581.0,9,2069,850.0,0,19148.0,0,1,40539,Good,0.227,0
49,Employed,23101.0,1124.0,5,175,764.0,3,17924.0,6,0,10449,Excellent,0.776,0
54,Employed,34457.0,1353.0,11,160,698.0,2,18444.0,0,1,14367,Poor,0.535,1
37,Self-Employed,22338.0,974.0,10,633,633.0,1,14297.0,2,0,1000,Good,0.64,0
63,Employed,47682.0,722.0,15,1031,702.0,0,11480.0,1,0,1000,Average,0.241,0
63,Employed,107085.0,7407.0,14,3319,704.0,6,34867.0,1,1,23853,Excellent,0.326,0
36,Employed,41651.0,3809.0,15,1000,642.0,1,667.0,1,1,4022,Poor,0.016,0
22,Employed,41532.0,1803.0,1,2300,739.0,2,14203.0,3,0,4084,Average,0.342,0
54,Self-Employed,88835.0,5075.0,12,2775,575.0,2,42161.0,0,1,20716,Good,0.475,1
28,Employed,98992.0,3607.0,15,4825,662.0,3,52860.0,2,1,3320,Average,0.534,0
33,Employed,52385.0,1431.0,4,1299,722.0,2,11179.0,1,1,5814,Good,0.213,0
62,Employed,80152.0,4474.0,3,3307,658.0,1,13343.0,2,0,12414,Excellent,0.166,1
28,Employed,30417.0,469.0,7,1066,664.0,2,10846.0,0,1,15689,Average,0.357,0
50,Employed,117357.0,7044.0,6,2290,670.0,2,94903.0,1,0,46868,Poor,0.809,0
52,Employed,179311.0,7480.0,8,6827,617.0,3,51424.0,1,1,45327,Excellent,0.287,0
56,Employed,73259.0,4151.0,14,2876,768.0,1,30725.0,5,0,14484,Excellent,0.419,0
50,Employed,17478.0,1665.0,8,100,604.0,2,4794.0,1,0,4212,Average,0.274,1
21,Employed,40460.0,2782.0,8,1959,704.0,1,3046.0,3,1,15538,Poor,0.075,0
63,Employed,77045.0,100.0,5,1457,711.0,2,41802.0,1,0,1467,Average,0.543,0
59,Self-Employed,43620.0,5019.0,3,2497,609.0,4,2633.0,1,0,26283,Good,0.06,0
37,Self-Employed,110724.0,6899.0,12,3972,685.0,2,56768.0,2,1,35314,Good,0.513,1
40,Self-Employed,76007.0,4215.0,4,2917,612.0,0,20196.0,0,0,34296,Good,0.266,1
44,Employed,37292.0,1402.0,13,1825,784.0,5,19114.0,2,0,4010,Poor,0.513,0
42,Employed,55985.0,758.0,7,2533,595.0,5,3340.0,3,0,21109,Average,0.06,0
49,Employed,33640.0,2558.0,8,864,631.0,2,28060.0,1,0,3552,Poor,0.834,1
42,Employed,49745.0,1429.0,9,2518,588.0,3,7353.0,0,0,11545,Poor,0.148,1
64,Employed,40541.0,2250.0,5,1011,578.0,1,19755.0,1,0,18740,Average,0.487,1
29,Employed,104947.0,5815.0,10,4061,799.0,5,69961.0,2,0,18878,Excellent,0.667,0
57,Unemployed,176115.0,11229.0,14,9549,721.0,3,79832.0,4,0,42834,Good,0.453,0
30,Employed,25033.0,198.0,4,1103,691.0,1,7844.0,1,1,12724,Average,0.313,0
56,Employed,19098.0,100.0,7,723,631.0,1,8854.0,2,0,4206,Good,0.464,1
57,Self-Employed,48062.0,2542.0,10,1516,748.0,4,14705.0,1,0,14919,Good,0.306,0
48,Employed,23860.0,1642.0,4,361,618.0,3,15596.0,1,0,9123,Good,0.654,0
48,Self-Employed,56416.0,2053.0,15,2562,740.0,1,6390.0,1,0,18044,Excellent,0.113,0
62,Self-Employed,83034.0,5264.0,12,1610,615.0,1,33431.0,0,0,41861,Good,0.403,1
63,Unemployed,125100.0,6808.0,3,5836,632.0,2,25715.0,1,0,22404,Poor,0.206,0
41,Employed,61442.0,4913.0,4,1842,737.0,4,0.0,2,0,13130,Good,0.0,0
44,Employed,49457.0,3903.0,8,1014,745.0,2,20063.0,1,0,17239,Good,0.406,0
62,Employed,18527.0,173.0,8,100,725.0,1,1609.0,0,1,2295,Poor,0.087,0
60,Employed,55798.0,2028.0,6,2536,601.0,4,45229.0,1,0,24872,Good,0.811,1
22,Employed,57199.0,4286.0,12,1150,646.0,0,42512.0,0,1,15402,Average,0.743,0
28,Employed,78160.0,2962.0,8,970,692.0,2,3296.0,1,0,6010,Excellent,0.042,0
47,Employed,37250.0,100.0,12,513,616.0,1,9004.0,2,1,17706,Good,0.242,1
42,Employed,43296.0,1735.0,4,2116,783.0,0,26092.0,2,0,14233,Good,0.603,0
57,Self-Employed,24396.0,100.0,3,988,500.0,2,15927.0,0,0,1000,Good,0.653,1
47,Self-Employed,15598.0,114.0,7,662,622.0,1,9962.0,1,0,1660,Good,0.639,1
49,Employed,29894.0,2247.0,11,527,642.0,3,16106.0,0,0,8251,Good,0.539,1
23,Employed,23188.0,541.0,6,1141,467.0,3,7898.0,3,0,4669,Average,0.341,1
64,Self-Employed,66190.0,3751.0,6,628,575.0,1,23564.0,1,0,38501,Average,0.356,0
33,Employed,41362.0,1138.0,2,855,727.0,2,17153.0,0,0,14669,Poor,0.415,0
65,Self-Employed,40907.0,100.0,2,2764,682.0,5,5228.0,2,0,7955,Poor,0.128,1
30,Unemployed,32005.0,788.0,14,1969,798.0,5,14839.0,2,1,9878,Good,0.464,0
56,Employed,15000.0,100.0,10,100,796.0,3,914.0,1,0,5561,Good,0.061,0
29,Self-Employed,126078.0,1658.0,5,6693,712.0,2,55111.0,2,0,47338,Good,0.437,0
47,Employed,31728.0,1972.0,3,2587,703.0,2,7350.0,2,0,2384,Average,0.232,0
54,Employed,43838.0,518.0,14,720,685.0,7,23447.0,2,0,13738,Excellent,0.535,0
21,Employed,24708.0,100.0,3,1288,481.0,1,9391.0,2,0,5861,Excellent,0.38,1
52,Employed,93869.0,491.0,9,4702,575.0,2,28945.0,3,0,4854,Average,0.308,1
45,Self-Employed,59514.0,171.0,9,2984,688.0,3,9869.0,1,0,14420,Good,0.166,0
49,Employed,34912.0,1897.0,1,110,726.0,2,14839.0,3,0,13913,Average,0.425,0
27,Employed,44328.0,3311.0,6,1872,702.0,1,30302.0,1,0,20030,Average,0.684,0
23,Employed,138425.0,7247.0,2,6507,613.0,0,90295.0,1,0,31579,Average,0.652,1
40,Self-Employed,52836.0,2604.0,12,1077,750.0,2,34303.0,1,0,10775,Good,0.649,0
40,Unemployed,49768.0,100.0,5,1560,791.0,6,37928.0,3,1,5574,Excellent,0.762,0
50,Self-Employed,32772.0,515.0,11,1073,750.0,1,19273.0,0,0,2364,Average,0.588,0
55,Employed,19401.0,1225.0,2,577,754.0,7,2535.0,1,0,1137,Good,0.131,0
55,Employed,50366.0,1264.0,13,1860,638.0,2,10501.0,1,1,4287,Poor,0.208,1
59,Employed,65782.0,2027.0,11,1956,761.0,2,32997.0,0,0,10013,Excellent,0.502,0
47,Employed,100696.0,1977.0,6,3420,691.0,0,74746.0,1,0,29442,Good,0.742,0
46,Employed,15969.0,100.0,13,100,718.0,4,5066.0,2,1,7095,Good,0.317,0
34,Employed,29622.0,100.0,13,1171,707.0,4,3715.0,3,0,6339,Good,0.125,0
37,Employed,39962.0,2885.0,11,2335,671.0,2,30492.0,0,1,1000,Excellent,0.763,0
38,Self-Employed,54895.0,2111.0,13,2412,615.0,1,12575.0,1,0,24061,Average,0.229,1
65,Employed,50783.0,3290.0,9,2081,674.0,4,27707.0,2,1,12132,Average,0.546,0
49,Employed,51439.0,2965.0,7,925,754.0,3,33180.0,0,0,15645,Good,0.645,1
40,Employed,68840.0,4218.0,1,1507,647.0,1,39831.0,2,1,7285,Excellent,0.579,1
47,Self-Employed,33466.0,2207.0,6,1332,747.0,1,28902.0,1,1,15451,Good,0.864,0
38,Self-Employed,91938.0,1207.0,13,2913,735.0,3,66221.0,3,0,20918,Good,0.72,0
24,Self-Employed,69807.0,3543.0,15,824,658.0,5,47354.0,4,0,23696,Excellent,0.678,0
21,Employed,46128.0,546.0,2,1391,784.0,2,18203.0,2,0,20578,Average,0.395,0
21,Unemployed,132666.0,4110.0,12,1415,653.0,3,70680.0,0,0,23337,Excellent,0.533,1
46,Employed,129459.0,4513.0,14,2667,793.0,4,81909.0,2,0,35753,Poor,0.633,0
65,Employed,91875.0,2162.0,11,1126,713.0,3,27485.0,4,0,37581,Average,0.299,0
40,Unemployed,15000.0,100.0,2,481,679.0,2,8498.0,2,1,1000,Excellent,0.567,1
43,Employed,131073.0,6383.0,14,1336,613.0,3,38175.0,1,0,23845,Good,0.291,0
30,Employed,85153.0,585.0,12,696,673.0,2,36364.0,1,0,9576,Poor,0.427,0
31,Employed,165813.0,6543.0,3,6677,665.0,2,17172.0,1,0,35660,Good,0.104,0
61,Employed,108629.0,2261.0,8,3631,586.0,1,61533.0,2,0,29889,Good,0.566,1
61,Unemployed,131029.0,3441.0,7,2348,664.0,3,27189.0,0,0,8148,Poor,0.208,0
25,Employed,89174.0,4791.0,4,2409,620.0,1,12793.0,0,0,19619,Excellent,0.143,0
21,Employed,115482.0,6010.0,14,3257,724.0,1,25576.0,1,1,32876,Good,0.221,0
37,Employed,164696.0,3978.0,3,6746,778.0,1,70739.0,1,0,52424,Average,0.43,0
42,Employed,61957.0,4517.0,1,1629,588.0,2,15266.0,6,0,17776,Poor,0.246,1
54,Employed,23164.0,603.0,10,1360,808.0,5,5158.0,1,0,8161,Average,0.223,0
65,Employed,46443.0,1380.0,4,1908,670.0,2,30853.0,1,0,14089,Good,0.664,1
61,Employed,68156.0,3948.0,8,2802,607.0,3,38140.0,2,0,19870,Excellent,0.56,1
49,Employed,57313.0,4630.0,1,3892,737.0,5,42336.0,1,1,1000,Good,0.739,0
24,Unemployed,27708.0,2202.0,2,1124,647.0,1,15012.0,2,0,8589,Good,0.542,1
25,Employed,22427.0,2130.0,13,385,674.0,3,7630.0,2,0,4577,Average,0.34,1
31,Employed,36587.0,2844.0,10,871,650.0,1,20707.0,3,0,8356,Average,0.566,0
41,Employed,85763.0,4162.0,2,5134,619.0,2,60427.0,1,0,33043,Average,0.705,1
55,Employed,131173.0,7444.0,9,1746,734.0,2,14464.0,0,0,44190,Good,0.11,0
32,Self-Employed,91053.0,2044.0,1,3878,659.0,1,5658.0,2,0,27659,Excellent,0.062,0
46,Unemployed,98388.0,6140.0,6,319,572.0,3,22409.0,2,0,30720,Average,0.228,1
39,Employed,52609.0,100.0,12,2278,721.0,3,41666.0,5,1,11458,Good,0.792,1
65,Self-Employed,21098.0,100.0,4,100,590.0,3,21032.0,2,1,6990,Good,0.997,1
27,Employed,42818.0,2276.0,13,100,594.0,1,3779.0,3,0,2053,Average,0.088,1
27,Employed,47704.0,3634.0,9,893,769.0,3,26343.0,2,1,20469,Average,0.552,0
46,Self-Employed,41844.0,100.0,6,1571,590.0,1,30366.0,1,0,6969,Average,0.726,1
60,Employed,56680.0,1015.0,9,1002,506.0,4,38822.0,1,1,17941,Good,0.685,1
25,Employed,70113.0,100.0,2,2461,727.0,3,38035.0,1,0,6771,Good,0.542,0
41,Self-Employed,87926.0,4543.0,2,4779,657.0,1,50722.0,3,0,32807,Excellent,0.577,1
34,Employed,47199.0,2537.0,6,2599,664.0,4,14184.0,1,0,22615,Average,0.301,0
24,Unemployed,19303.0,100.0,13,183,656.0,0,4571.0,0,0,2263,Average,0.237,0
43,Self-Employed,42172.0,1357.0,10,2026,697.0,4,20222.0,1,0,14687,Good,0.48,0
62,Employed,56338.0,2469.0,2,3952,624.0,2,31213.0,3,0,18408,Excellent,0.554,1
40,Employed,107757.0,6352.0,4,2764,791.0,2,55674.0,0,0,31400,Good,0.517,0
35,Employed,40247.0,3354.0,13,2157,569.0,2,6701.0,4,0,15240,Poor,0.166,1
65,Unemployed,72910.0,920.0,4,3279,713.0,2,0.0,1,0,37244,Good,0.0,0
49,Employed,64514.0,1487.0,14,1288,728.0,1,12328.0,2,0,13355,Good,0.191,0
28,Employed,56344.0,3479.0,5,2185,623.0,2,19724.0,2,0,13775,Average,0.35,1
61,Employed,91755.0,4600.0,15,4097,603.0,1,41025.0,1,0,13625,Average,0.447,1
39,Employed,38240.0,570.0,12,778,756.0,1,29908.0,0,0,16045,Excellent,0.782,0
59,Employed,40084.0,1777.0,12,1406,606.0,1,20846.0,3,1,16285,Poor,0.52,1
48,Employed,54641.0,1349.0,7,1563,635.0,2,14207.0,3,0,1000,Average,0.26,0
47,Employed,38677.0,1698.0,13,1240,747.0,3,9793.0,2,0,8733,Good,0.253,0
24,Employed,72729.0,3705.0,10,481,683.0,1,43976.0,2,1,26952,Average,0.605,0
35,Employed,37154.0,2571.0,11,1644,545.0,2,15356.0,0,0,3788,Good,0.413,0
55,Employed,62290.0,1453.0,15,1154,811.0,2,29854.0,2,1,1000,Good,0.479,0
57,Employed,52052.0,3329.0,1,2727,640.0,0,30945.0,0,0,10506,Good,0.595,0
21,Self-Employed,61901.0,675.0,5,2419,650.0,2,10467.0,2,0,24425,Average,0.169,0
23,Employed,42712.0,3348.0,7,1046,699.0,1,0.0,1,0,5987,Good,0.0,0
44,Employed,45642.0,1589.0,3,2252,727.0,2,23417.0,2,1,13103,Good,0.513,0
47,Employed,57982.0,2264.0,12,1010,827.0,0,22582.0,0,0,27108,Good,0.389,0
60,Employed,61465.0,3037.0,14,2414,555.0,3,26032.0,1,0,13638,Poor,0.424,1
56,Employed,54873.0,3239.0,10,637,742.0,0,19396.0,1,0,19254,Excellent,0.353,0
54,Employed,140511.0,5946.0,12,5722,736.0,1,96189.0,0,0,60000,Excellent,0.685,0
49,Employed,31894.0,2929.0,13,347,670.0,2,15842.0,2,0,4082,Good,0.497,1
44,Self-Employed,53092.0,1389.0,3,2603,739.0,0,21866.0,0,1,17504,Good,0.412,0
44,Self-Employed,23146.0,622.0,8,100,750.0,3,9670.0,0,1,2332,Good,0.418,0
62,Self-Employed,67490.0,2734.0,4,3304,576.0,1,38896.0,2,0,6353,Good,0.576,0
24,Self-Employed,29783.0,1358.0,2,2136,811.0,3,2314.0,1,0,15409,Poor,0.078,0
23,Employed,47194.0,3741.0,6,690,563.0,4,34089.0,0,1,2790,Excellent,0.722,1
54,Employed,44822.0,3525.0,5,1764,595.0,4,19081.0,3,1,14876,Excellent,0.426,1
43,Employed,64188.0,2614.0,15,963,660.0,0,49722.0,1,1,15166,Excellent,0.775,0
43,Employed,40581.0,215.0,7,1708,824.0,3,20046.0,2,1,13921,Excellent,0.494,0
65,Employed,39643.0,1578.0,13,1696,657.0,1,16841.0,0,0,1000,Average,0.425,0
25,Self-Employed,121153.0,5584.0,12,4359,678.0,1,21416.0,2,0,27688,Good,0.177,0
51,Employed,64318.0,3039.0,2,2503,787.0,1,29368.0,0,0,20836,Average,0.457,0
61,Employed,40397.0,1896.0,5,3160,657.0,3,17446.0,2,0,3186,Good,0.432,0
26,Employed,47912.0,100.0,5,2029,592.0,0,24791.0,2,0,13339,Good,0.517,1
57,Employed,135949.0,6336.0,12,3398,649.0,2,15900.0,0,0,57331,Excellent,0.117,1
30,Self-Employed,48327.0,2629.0,3,1739,783.0,0,15785.0,1,0,5277,Excellent,0.327,0
60,Self-Employed,37646.0,1107.0,8,100,685.0,3,23753.0,0,0,11722,Good,0.631,0
27,Employed,37735.0,2584.0,7,940,825.0,5,34890.0,0,1,6860,Excellent,0.925,0
59,Self-Employed,40663.0,3677.0,9,1922,735.0,2,2246.0,0,0,16777,Good,0.055,0
58,Employed,39661.0,2402.0,10,1219,632.0,1,34310.0,2,0,22950,Poor,0.865,1
41,Self-Employed,27208.0,775.0,14,828,684.0,3,4991.0,2,0,5208,Excellent,0.183,0
40,Employed,29637.0,100.0,6,976,616.0,3,19055.0,0,0,6937,Average,0.643,0
23,Employed,34855.0,944.0,5,1603,630.0,1,9935.0,2,0,15828,Excellent,0.285,0
42,Employed,76149.0,4921.0,5,1152,850.0,2,55064.0,1,0,28403,Excellent,0.723,0
24,Self-Employed,44596.0,2338.0,15,2369,756.0,3,21301.0,1,0,2690,Good,0.478,0
48,Unemployed,49077.0,160.0,13,1082,745.0,4,17886.0,1,1,5324,Excellent,0.364,1
32,Employed,110596.0,4725.0,11,4601,633.0,1,24833.0,1,0,26349,Good,0.225,0
58,Employed,112122.0,3330.0,6,1542,798.0,1,26209.0,1,0,37759,Good,0.234,0
56,Unemployed,47095.0,2820.0,1,1809,762.0,3,36361.0,0,1,6079,Good,0.772,0
61,Employed,38875.0,100.0,12,1383,821.0,1,29621.0,0,0,8839,Good,0.762,0
25,Employed,34189.0,921.0,7,683,817.0,3,18834.0,1,0,3737,Good,0.551,0
33,Employed,80508.0,4916.0,2,727,569.0,1,52348.0,1,0,24982,Average,0.65,1
43,Employed,49143.0,2377.0,3,1018,597.0,1,27738.0,2,1,8729,Excellent,0.564,1
50,Self-Employed,44468.0,3308.0,5,1745,605.0,0,31783.0,0,0,16630,Average,0.715,1
57,Self-Employed,35157.0,2374.0,14,2164,609.0,0,19849.0,2,0,1110,Average,0.565,0
45,Employed,36018.0,1300.0,8,1136,704.0,2,9478.0,2,0,4432,Poor,0.263,0
47,Employed,65586.0,1479.0,14,2265,637.0,2,44156.0,2,1,22193,Excellent,0.673,1
34,Self-Employed,26678.0,1690.0,14,956,835.0,1,17894.0,1,0,1000,Poor,0.671,0
56,Employed,95060.0,1493.0,9,1997,823.0,0,74258.0,1,1,34808,Good,0.781,0
59,Self-Employed,41006.0,1377.0,9,1276,680.0,4,7378.0,1,0,14032,Average,0.18,0
36,Employed,50655.0,3374.0,1,2335,827.0,1,6510.0,3,0,18999,Average,0.129,0
42,Employed,26364.0,849.0,12,513,792.0,3,5397.0,0,0,10812,Excellent,0.205,0
41,Unemployed,54627.0,5079.0,2,2248,646.0,1,32914.0,2,0,19804,Excellent,0.603,1
41,Employed,45913.0,423.0,5,1838,529.0,0,4766.0,1,0,20051,Excellent,0.104,1
28,Employed,53506.0,1782.0,11,1366,664.0,0,37428.0,2,0,5747,Good,0.7,0
36,Self-Employed,123566.0,7747.0,3,5004,632.0,1,36135.0,1,0,52746,Average,0.292,0
51,Employed,60647.0,285.0,6,1723,695.0,3,15439.0,1,0,2527,Average,0.255,0
62,Employed,35526.0,1998.0,3,2069,687.0,1,8094.0,1,0,13463,Average,0.228,0
30,Unemployed,37193.0,2557.0,3,597,685.0,1,741.0,3,0,13842,Good,0.02,0
52,Self-Employed,76299.0,4577.0,13,4077,719.0,2,28576.0,3,0,27731,Good,0.375,0
54,Employed,112349.0,1656.0,10,686,589.0,2,25804.0,2,0,40329,Excellent,0.23,0
29,Employed,64225.0,443.0,5,2172,711.0,1,16819.0,0,0,10703,Average,0.262,0
37,Employed,80329.0,3061.0,15,4000,647.0,3,10811.0,1,0,33637,Good,0.135,1
31,Employed,76914.0,4008.0,15,2232,695.0,1,11888.0,4,0,28478,Excellent,0.155,0
52,Employed,120039.0,3162.0,11,2858,752.0,2,59927.0,2,0,6919,Excellent,0.499,0
30,Self-Employed,18823.0,701.0,10,100,588.0,0,10978.0,1,0,10242,Average,0.583,1
42,Employed,79385.0,4535.0,12,1434,659.0,5,22375.0,2,1,25194,Good,0.282,1
37,Self-Employed,94480.0,1789.0,7,2821,671.0,3,19389.0,0,0,27094,Good,0.205,0
24,Employed,26339.0,2477.0,7,2651,641.0,6,,2,0,1000,Excellent,0.484,1
45,Employed,33792.0,1025.0,8,880,747.0,1,6133.0,1,0,9157,Good,0.181,0
41,Employed,34446.0,1428.0,2,1938,626.0,1,16036.0,1,0,11674,Excellent,0.466,0
57,Employed,36837.0,343.0,12,1783,638.0,1,26014.0,0,0,5772,Good,0.706,0
58,Employed,42199.0,100.0,5,155,627.0,0,0.0,1,0,15514,Excellent,0.0,0
21,Unemployed,62851.0,4899.0,12,2065,762.0,4,15072.0,2,0,10658,Excellent,0.24,0
45,Employed,88540.0,100.0,12,2334,643.0,0,10232.0,1,1,22062,Average,0.116,0
56,Unemployed,99689.0,3373.0,2,2640,715.0,3,36645.0,0,0,36816,Average,0.368,0
37,Employed,34693.0,1120.0,6,1146,828.0,4,6001.0,2,0,3620,Average,0.173,0
61,Unemployed,34562.0,100.0,5,2108,674.0,3,9131.0,3,0,7113,Average,0.264,0
44,Employed,113413.0,7546.0,10,3828,763.0,2,78043.0,3,0,1530,Good,0.688,0
22,Unemployed,78496.0,5385.0,1,1925,805.0,0,2016.0,1,1,28625,Average,0.026,0
60,Employed,57565.0,1419.0,12,2333,757.0,2,26206.0,0,0,26869,Average,0.455,0
35,Self-Employed,71355.0,3668.0,8,2516,679.0,3,46148.0,3,1,1000,Excellent,0.647,1
52,Unemployed,54106.0,100.0,7,1561,728.0,1,12356.0,0,0,19625,Average,0.228,0
59,Employed,73395.0,1461.0,10,3126,583.0,1,18707.0,1,0,11651,Poor,0.255,1
26,Employed,45718.0,806.0,13,2000,621.0,2,24233.0,1,0,4920,Average,0.53,0
21,Employed,63763.0,2739.0,10,323,635.0,0,1953.0,4,0,15044,Good,0.031,1
43,Unemployed,23964.0,2476.0,1,719,848.0,0,7449.0,0,0,14974,Average,0.311,0
59,Employed,37677.0,1659.0,12,218,619.0,5,149.0,1,0,6184,Good,0.004,0
37,Employed,37901.0,2835.0,1,1300,618.0,1,16603.0,2,1,15273,Average,0.438,1
54,Employed,44765.0,1986.0,1,2631,602.0,7,30087.0,2,0,25539,Good,0.672,1
61,Employed,33041.0,1837.0,4,1634,722.0,2,3980.0,2,0,14828,Excellent,0.12,0
49,Self-Employed,41013.0,1697.0,7,782,691.0,4,12942.0,0,0,3023,Good,0.316,0
29,Employed,23913.0,100.0,8,1087,762.0,1,0.0,2,0,5769,Good,0.0,0
33,Employed,74375.0,3480.0,14,2737,730.0,1,46338.0,1,0,24010,Excellent,0.623,0
26,Unemployed,52560.0,1774.0,9,1206,576.0,3,30614.0,0,0,26083,Good,0.582,1
26,Employed,21530.0,1222.0,8,752,619.0,2,4718.0,1,0,1000,Excellent,0.219,0
40,Employed,34750.0,1260.0,4,734,782.0,2,21541.0,1,0,7561,Average,0.62,0
23,Employed,66186.0,3051.0,12,2527,665.0,1,36782.0,2,0,15063,Average,0.556,0
37,Employed,40800.0,291.0,15,186,769.0,0,33776.0,3,0,7112,Good,0.828,0
32,Employed,37488.0,2832.0,3,1378,669.0,1,10930.0,0,0,15333,Good,0.292,0
65,Self-Employed,52789.0,3479.0,13,2025,607.0,3,33095.0,1,0,25061,Good,0.627,1
21,Employed,66441.0,1574.0,7,1017,657.0,2,19961.0,1,0,28585,Good,0.3,0
37,Employed,24962.0,1505.0,6,100,607.0,4,27804.0,1,0,14357,Average,1.114,1
23,Employed,74433.0,4170.0,10,2174,638.0,0,8102.0,2,0,11299,Good,0.109,0
46,Employed,35416.0,1441.0,10,692,695.0,0,8295.0,2,0,4533,Average,0.234,0
35,Self-Employed,54460.0,923.0,13,2090,718.0,3,34068.0,1,0,6007,Good,0.626,0
56,Employed,53939.0,1065.0,1,1405,561.0,1,41591.0,2,0,10846,Good,0.771,0
52,Employed,41159.0,2264.0,5,916,679.0,5,10802.0,1,0,9863,Good,0.262,0
52,Employed,31322.0,2567.0,6,826,636.0,3,16289.0,2,1,15007,Good,0.52,1
24,Self-Employed,47003.0,2769.0,12,1163,631.0,4,10580.0,2,1,6449,Good,0.225,0
38,Employed,134460.0,3094.0,4,5485,690.0,5,16496.0,1,0,44060,Average,0.123,0
39,Employed,26008.0,662.0,10,619,639.0,2,2861.0,4,0,13002,Excellent,0.11,0
63,Employed,139506.0,994.0,11,1901,784.0,0,21258.0,3,0,33869,Average,0.152,0
55,Self-Employed,47679.0,2389.0,1,100,769.0,2,19208.0,1,0,18902,Good,0.403,0
60,Employed,56080.0,100.0,13,1909,769.0,1,11555.0,1,0,13847,Good,0.206,0
34,Self-Employed,30254.0,626.0,4,1411,643.0,1,1925.0,0,1,13632,Good,0.064,0
53,Self-Employed,35986.0,2385.0,12,230,608.0,1,24088.0,4,0,15607,Good,0.669,0
34,Employed,41710.0,1892.0,11,2688,686.0,7,8980.0,0,0,1000,Average,0.215,0
54,Employed,30945.0,2045.0,4,450,669.0,3,5905.0,4,0,3132,Average,0.191,1
24,Employed,49030.0,2523.0,15,200,634.0,1,32899.0,1,0,19269,Average,0.671,0
44,Employed,43969.0,2399.0,13,972,592.0,2,3337.0,1,1,5258,Excellent,0.076,1
49,Self-Employed,152210.0,3582.0,2,7009,677.0,4,26049.0,1,0,49066,Good,0.171,0
39,Employed,28964.0,2318.0,10,1362,650.0,3,15423.0,1,0,10024,Good,0.532,1
26,Employed,58196.0,1226.0,8,888,732.0,3,25123.0,2,0,21270,Good,0.432,0
53,Employed,63032.0,3677.0,9,2695,730.0,4,30456.0,2,0,14169,Good,0.483,0
60,Employed,30528.0,1002.0,14,691,763.0,2,15317.0,1,0,6172,Good,0.502,0
39,Employed,80245.0,2336.0,5,4036,586.0,1,58268.0,2,0,28681,Good,0.726,1
21,Self-Employed,44179.0,2043.0,4,375,710.0,5,1081.0,4,0,17219,Good,0.024,1
25,Employed,15000.0,789.0,4,600,625.0,1,4100.0,0,0,5092,Excellent,0.273,0
47,Self-Employed,79063.0,1440.0,5,1154,588.0,6,19817.0,3,0,32945,Poor,0.251,1
36,Employed,29756.0,1106.0,14,749,648.0,3,7992.0,1,0,1924,Poor,0.269,1
26,Employed,30909.0,100.0,8,1879,760.0,2,5473.0,0,0,8794,Good,0.177,0
60,Employed,80293.0,3321.0,2,1601,652.0,1,29039.0,0,1,1184,Good,0.362,0
33,Employed,45440.0,1065.0,4,1970,797.0,4,17635.0,1,0,12228,Good,0.388,0
55,Employed,91114.0,6535.0,4,2976,721.0,1,13271.0,3,1,20383,Good,0.146,0
39,Self-Employed,107010.0,2990.0,13,3627,650.0,1,22866.0,3,0,39061,Good,0.214,0
32,Self-Employed,38576.0,100.0,1,767,767.0,1,16324.0,2,0,5310,Good,0.423,0
36,Employed,85083.0,1953.0,5,2899,713.0,4,1148.0,2,0,14219,Excellent,0.013,0
63,Employed,36300.0,100.0,12,2065,610.0,0,30681.0,3,0,1695,Excellent,0.845,0
30,Employed,187832.0,2821.0,5,10561,819.0,1,109881.0,0,0,60000,Excellent,0.585,0
45,Self-Employed,,151.0,8,1614,699.0,3,26218.0,0,0,1006,Excellent,0.698,0
40,Employed,96707.0,3384.0,15,2946,681.0,2,40799.0,0,0,34839,Excellent,0.422,0
51,Unemployed,87481.0,1760.0,15,2385,616.0,0,32552.0,1,0,38848,Excellent,0.372,0
24,Employed,65443.0,1084.0,5,3330,768.0,1,18726.0,2,1,10454,Excellent,0.286,0
64,Employed,38036.0,1824.0,9,893,719.0,2,18335.0,0,0,8458,Poor,0.482,0
43,Unemployed,50606.0,3632.0,2,1174,727.0,1,17616.0,2,0,9525,Excellent,0.348,0
22,Employed,16825.0,100.0,13,739,642.0,0,16522.0,2,0,1505,Average,0.982,1
42,Employed,62225.0,4222.0,13,2249,743.0,1,46227.0,1,0,35597,Excellent,0.743,0
57,Employed,66661.0,2868.0,14,2327,748.0,3,47814.0,2,0,9132,Good,0.717,0
28,Employed,59190.0,3822.0,14,2974,630.0,1,14755.0,1,0,24033,Poor,0.249,0
27,Employed,15000.0,1357.0,9,291,574.0,2,7946.0,1,0,10507,Good,0.53,0
34,Employed,27419.0,100.0,6,385,724.0,3,18295.0,1,0,5580,Average,0.667,0
23,Self-Employed,36448.0,1248.0,15,1038,562.0,2,22577.0,0,0,2703,Good,0.619,0
36,Employed,64570.0,3394.0,7,3439,691.0,1,36884.0,2,0,17213,Poor,0.571,0
39,Unemployed,64487.0,2706.0,4,2388,646.0,4,21494.0,1,0,22004,Excellent,0.333,0
38,Employed,50084.0,,11,2012,771.0,2,34245.0,0,1,21282,Good,0.684,0
36,Employed,78001.0,1980.0,15,1300,651.0,2,29737.0,1,0,19179,Good,0.381,1
28,Employed,31278.0,2847.0,11,1179,763.0,1,8375.0,1,1,10020,Average,0.268,0
53,Employed,76935.0,2409.0,7,3352,641.0,3,51585.0,1,0,14732,Good,0.671,0
32,Employed,71410.0,5399.0,15,1120,755.0,2,25268.0,1,0,12931,Average,0.354,0
31,Unemployed,67693.0,2988.0,14,2998,835.0,2,27747.0,0,0,28355,Average,0.41,0
25,Employed,49760.0,2583.0,12,2288,600.0,3,13754.0,0,0,5326,Poor,0.276,0
47,Employed,150542.0,4828.0,6,5962,702.0,1,75457.0,1,0,39392,Excellent,0.501,0
32,Employed,72139.0,3361.0,4,3570,850.0,3,15483.0,1,0,20359,Good,0.215,0
37,Self-Employed,32290.0,1982.0,4,1743,685.0,3,3766.0,2,0,7171,Good,0.117,0
26,Self-Employed,63048.0,4427.0,10,1184,685.0,3,29003.0,1,0,6877,Excellent,0.46,0
53,Employed,83196.0,100.0,14,3671,739.0,1,33094.0,0,0,2280,Poor,0.398,0
25,Employed,39800.0,2788.0,10,1927,683.0,5,30656.0,1,0,7138,Good,0.77,1
48,Employed,100126.0,3744.0,15,5970,552.0,3,29294.0,1,0,23871,Good,0.293,1
34,Employed,67860.0,2857.0,1,3496,765.0,0,49534.0,1,0,18657,Good,0.73,0
25,Employed,15165.0,,12,1259,530.0,0,0.0,1,0,3746,Excellent,0.0,1
53,Employed,64855.0,2560.0,5,3020,649.0,1,34738.0,0,0,7788,Good,0.536,1
61,Employed,43992.0,100.0,4,1903,771.0,3,339.0,1,1,13132,Good,0.008,0
39,Employed,73905.0,2887.0,14,2500,653.0,1,9647.0,3,0,1000,Good,0.131,0
42,Employed,92448.0,3251.0,4,3486,628.0,1,47750.0,0,0,20205,Good,0.517,0
25,Unemployed,61232.0,1926.0,5,958,746.0,3,4732.0,1,0,24111,Good,0.077,0
22,Unemployed,137445.0,8316.0,9,5146,616.0,3,101723.0,0,0,11899,Good,0.74,1
50,Employed,49851.0,1069.0,12,1238,588.0,0,12299.0,0,1,10628,Good,0.247,0
59,Employed,77555.0,1881.0,8,2538,701.0,2,50793.0,1,0,18685,Average,0.655,0
24,Employed,85631.0,3276.0,7,3342,666.0,2,42129.0,0,0,17030,Good,0.492,0
53,Employed,52133.0,1844.0,15,1416,587.0,3,18550.0,0,0,6532,Good,0.356,0
33,Self-Employed,84408.0,4763.0,13,3657,728.0,1,2029.0,0,0,16728,Good,0.024,0
40,Employed,39657.0,592.0,11,1035,715.0,3,13215.0,1,0,6464,Poor,0.333,0
27,Self-Employed,43594.0,582.0,3,396,653.0,2,3524.0,1,1,4233,Good,0.081,1
35,Unemployed,26721.0,1768.0,5,1742,658.0,4,13832.0,2,0,8327,Good,0.518,0
43,Employed,62810.0,4666.0,12,1780,715.0,1,24066.0,0,0,5312,Excellent,0.383,0
34,Employed,65774.0,4515.0,7,652,769.0,2,33068.0,0,0,28140,Good,0.503,0
43,Employed,105207.0,6280.0,2,3335,659.0,5,66640.0,3,1,12114,Good,0.633,0
39,Employed,84984.0,3788.0,2,1951,729.0,1,28441.0,0,0,16297,Good,0.335,0
49,Employed,47026.0,962.0,12,2102,722.0,2,10023.0,2,0,5109,Good,0.213,0
40,Employed,28770.0,2218.0,5,551,746.0,3,9352.0,3,1,10204,Average,0.325,0
49,Self-Employed,69784.0,2511.0,9,3473,683.0,6,41199.0,1,1,19219,Average,0.59,1
44,Employed,101316.0,4399.0,10,5132,612.0,3,9557.0,3,0,38397,Average,0.094,1
38,Employed,83320.0,1476.0,3,3808,645.0,4,43243.0,3,0,32578,Good,0.519,1
30,Employed,99863.0,2099.0,1,1723,706.0,4,7847.0,1,0,22436,Good,0.079,0
61,Self-Employed,48950.0,1394.0,11,1353,816.0,2,14439.0,0,0,2349,Good,0.295,0
28,Employed,42551.0,2861.0,7,769,644.0,2,14526.0,1,0,17132,Good,0.341,1
46,Self-Employed,36673.0,218.0,12,1948,740.0,3,9416.0,0,1,14117,Good,0.257,0
49,Employed,53335.0,1342.0,9,893,655.0,4,25209.0,2,0,9972,Good,0.473,1
30,Employed,52673.0,3345.0,6,2301,688.0,1,31470.0,2,1,18191,Average,0.597,1
37,Employed,61621.0,1143.0,14,2887,794.0,1,11154.0,1,1,15635,Poor,0.181,0
22,Employed,51225.0,3465.0,6,1974,737.0,2,7867.0,2,0,2119,Excellent,0.154,0
26,Self-Employed,51103.0,1394.0,4,1865,587.0,4,23532.0,1,0,26680,Excellent,0.46,1
25,Employed,35879.0,3267.0,8,1642,637.0,0,10486.0,0,0,11551,Average,0.292,1
48,Self-Employed,92317.0,1924.0,2,4274,774.0,0,9548.0,3,0,33689,Good,0.103,0
61,Employed,57364.0,902.0,12,2075,691.0,1,33350.0,2,0,9280,Good,0.581,0
25,Employed,49968.0,1875.0,6,3178,594.0,8,24594.0,1,0,18830,Average,0.492,1
38,Employed,36461.0,2764.0,10,1527,619.0,1,440.0,1,0,6538,Average,0.012,0
46,Employed,26437.0,1246.0,7,100,733.0,4,10750.0,1,0,16018,Poor,0.407,0
40,Self-Employed,112924.0,6763.0,2,5529,755.0,3,43839.0,1,0,23375,Average,0.388,0
61,Self-Employed,74618.0,3874.0,5,2238,681.0,5,9982.0,1,0,14568,Excellent,0.134,0
47,Employed,22515.0,928.0,4,920,850.0,2,11075.0,1,1,11356,Good,0.492,0
32,Employed,83685.0,1548.0,1,4044,742.0,0,42878.0,3,0,11022,Good,0.512,0
27,Employed,91350.0,2719.0,14,3703,662.0,4,67374.0,1,0,33664,Average,0.738,0
23,Employed,58894.0,3087.0,6,1149,619.0,3,29119.0,4,0,17056,Excellent,0.494,1
30,Employed,132462.0,6569.0,9,3430,607.0,3,31630.0,1,0,45169,Excellent,0.239,0
54,Employed,61962.0,100.0,5,2884,705.0,1,5456.0,0,0,18920,Excellent,0.088,0
45,Employed,25231.0,2540.0,4,2058,643.0,2,21426.0,4,0,2856,Good,0.849,0
55,Employed,67234.0,1248.0,13,3002,806.0,4,36510.0,0,0,22321,Good,0.543,0
36,Employed,62930.0,1970.0,2,2441,790.0,5,10854.0,1,0,20652,Excellent,0.172,0
22,Employed,39469.0,4121.0,8,2236,727.0,5,0.0,0,1,18899,Poor,0.0,1
44,Employed,75399.0,4564.0,12,1695,592.0,1,40384.0,3,0,15179,Excellent,0.536,1
30,Employed,21980.0,100.0,9,1213,630.0,3,15686.0,2,0,11321,Good,0.714,1
58,Unemployed,94836.0,1227.0,6,1776,774.0,2,14886.0,0,0,36492,Good,0.157,0
42,Employed,33932.0,100.0,6,1441,638.0,2,13802.0,0,0,8441,Good,0.407,0
46,Employed,31996.0,653.0,6,1603,764.0,1,11585.0,1,0,13330,Average,0.362,0
63,Employed,51662.0,481.0,2,1908,716.0,2,12657.0,2,0,16781,Excellent,0.245,0
59,Employed,69788.0,4527.0,5,2834,684.0,8,21754.0,2,0,19234,Excellent,0.312,0
47,Self-Employed,60189.0,4808.0,7,2722,627.0,3,26258.0,2,0,18989,Average,0.436,1
49,Employed,36557.0,2109.0,8,599,673.0,4,16340.0,0,0,14403,Good,0.447,0
58,Unemployed,41637.0,2707.0,15,1516,694.0,2,23141.0,1,0,12167,Good,0.556,0
40,Self-Employed,29493.0,1580.0,8,1185,757.0,2,6633.0,2,0,6126,Good,0.225,0
47,Employed,48607.0,3032.0,15,1547,614.0,2,36720.0,1,0,12235,Excellent,0.755,0
61,Employed,99345.0,3611.0,5,2367,660.0,2,7048.0,1,0,35085,Good,0.071,0
40,Employed,54871.0,3546.0,5,1300,683.0,1,36188.0,3,0,14996,Average,0.66,0
64,Employed,88236.0,3927.0,6,4216,730.0,2,57913.0,1,0,4484,Good,0.656,0
39,Employed,122462.0,3635.0,4,2939,612.0,3,32270.0,0,0,8860,Good,0.264,0
40,Employed,39802.0,1017.0,8,1616,581.0,1,8042.0,1,0,3978,Excellent,0.202,1
55,Employed,49636.0,1732.0,7,453,731.0,4,31176.0,1,0,22783,Good,0.628,0
22,Employed,181542.0,3867.0,13,3539,566.0,2,73056.0,3,0,18933,Average,0.402,1
50,Employed,121720.0,5826.0,2,5609,776.0,2,3817.0,2,0,46050,Good,0.031,0
54,Self-Employed,21922.0,100.0,6,810,668.0,2,20348.0,0,1,9822,Excellent,0.928,0
42,Employed,68051.0,100.0,6,2265,564.0,4,15909.0,3,1,27200,Excellent,0.234,1
23,Self-Employed,55017.0,2998.0,12,2717,644.0,3,19949.0,3,0,15965,Average,0.363,1
26,Employed,86650.0,5284.0,4,3232,708.0,4,47923.0,2,0,20008,Excellent,0.553,0
35,Employed,36510.0,100.0,6,1919,640.0,3,21003.0,1,1,6331,Average,0.575,1
47,Employed,34659.0,1451.0,10,544,682.0,1,12261.0,1,0,2768,Excellent,0.354,0
30,Employed,37921.0,2970.0,14,966,736.0,1,0.0,2,0,10589,Good,0.0,0
29,Employed,40156.0,2619.0,9,1875,665.0,4,10785.0,4,0,5511,Good,0.269,0
53,Employed,86122.0,3012.0,12,4540,610.0,2,38702.0,1,1,18609,Average,0.449,1
52,Self-Employed,28722.0,2482.0,10,1779,658.0,0,26995.0,2,0,1000,Average,0.94,1
26,Employed,39052.0,3302.0,12,1622,786.0,4,22069.0,3,1,9685,Average,0.565,0
61,Employed,20561.0,2291.0,9,898,806.0,1,10507.0,0,0,10836,Poor,0.511,0
56,Self-Employed,95703.0,3260.0,1,934,529.0,1,14902.0,0,1,33506,Good,0.156,1
22,Self-Employed,110653.0,1409.0,11,4029,762.0,3,70145.0,2,0,34059,Excellent,0.634,0
49,Employed,45945.0,2486.0,7,1167,699.0,2,10974.0,1,1,19822,Average,0.239,0
24,Employed,46687.0,2924.0,12,1824,749.0,3,30932.0,0,0,4928,Excellent,0.663,0
21,Self-Employed,70570.0,651.0,4,2417,639.0,3,59291.0,1,0,17839,Poor,0.84,1
39,Employed,123754.0,3432.0,2,1027,547.0,2,80260.0,1,0,20395,Average,0.649,1
46,Employed,68860.0,4071.0,8,2585,724.0,0,26234.0,1,0,12318,Good,0.381,0
45,Employed,37475.0,100.0,10,1720,609.0,2,27079.0,2,0,7438,Average,0.723,1
30,Self-Employed,22578.0,1551.0,3,210,576.0,2,14344.0,1,0,1000,Poor,0.635,1
35,Employed,29785.0,1283.0,2,1527,581.0,1,22034.0,3,0,6354,Excellent,0.74,0
42,Unemployed,57260.0,1505.0,9,2578,725.0,3,27803.0,0,0,26217,Average,0.486,0
41,Employed,38356.0,2316.0,5,1084,690.0,2,24636.0,3,0,4453,Excellent,0.642,1
42,Self-Employed,61226.0,1713.0,12,1119,739.0,4,9607.0,1,1,11927,Good,0.157,0
56,Employed,40578.0,1515.0,8,2253,730.0,1,29028.0,2,0,19999,Excellent,0.715,0
54,Employed,30733.0,1479.0,8,1783,648.0,2,12838.0,1,1,14730,Good,0.418,1
50,Self-Employed,28788.0,2305.0,14,1300,675.0,3,3854.0,1,1,1389,Good,0.134,0
45,Employed,129882.0,5950.0,11,7268,642.0,3,58312.0,2,0,43716,Good,0.449,0
65,Employed,89683.0,855.0,14,2249,664.0,1,5518.0,2,0,34386,Excellent,0.062,0
48,Employed,142468.0,7009.0,4,3416,607.0,2,11831.0,0,0,37160,Average,0.083,0
21,Employed,74018.0,549.0,11,1391,709.0,1,29078.0,1,1,22688,Good,0.393,0
65,Employed,43416.0,971.0,13,1675,761.0,1,0.0,1,1,23850,Average,0.0,0
24,Self-Employed,113883.0,2158.0,3,2271,619.0,0,45315.0,0,0,35387,Average,0.398,0
27,Employed,54009.0,4485.0,11,2914,776.0,3,39659.0,0,0,24326,Good,0.734,0
29,Employed,62103.0,3004.0,6,1742,689.0,3,41930.0,2,0,7210,Good,0.675,0
56,Employed,53720.0,3030.0,7,361,698.0,1,10160.0,1,0,20474,Average,0.189,0
39,Employed,15000.0,776.0,7,1318,553.0,4,4086.0,1,0,5793,Poor,0.272,1
21,Self-Employed,132945.0,5706.0,5,2091,544.0,3,65619.0,2,0,33686,Excellent,0.494,0
30,Employed,72052.0,2906.0,7,3898,691.0,1,32900.0,2,1,33748,Excellent,0.457,0
56,Employed,65939.0,3702.0,2,3198,739.0,1,19275.0,2,0,34268,Excellent,0.292,0
29,Unemployed,53163.0,100.0,9,2229,630.0,2,15233.0,5,0,2075,Excellent,0.287,1
65,Employed,60173.0,2503.0,3,2359,805.0,3,5357.0,1,0,21628,Poor,0.089,0
62,Self-Employed,39600.0,2792.0,15,1685,735.0,4,11314.0,0,0,5199,Good,0.286,0
52,Self-Employed,77204.0,3233.0,1,3387,612.0,4,35381.0,1,1,7765,Average,0.458,0
52,Self-Employed,26801.0,486.0,3,540,682.0,6,15924.0,2,1,1000,Good,0.594,0
26,Employed,60927.0,100.0,5,1511,850.0,3,41032.0,0,0,26624,Average,0.673,0
58,Self-Employed,74903.0,4498.0,1,2859,587.0,1,27158.0,4,0,29063,Good,0.363,1
37,Self-Employed,49307.0,2131.0,6,2521,720.0,1,31839.0,1,0,8338,Average,0.646,0
30,Employed,67445.0,2434.0,15,1584,656.0,3,43226.0,1,0,22520,Good,0.641,0
47,Employed,31884.0,853.0,12,1759,733.0,3,17488.0,1,0,3721,Good,0.548,0
55,Employed,32334.0,860.0,1,543,775.0,3,23900.0,2,0,8078,Good,0.739,0
41,Employed,62648.0,723.0,13,1644,651.0,4,42379.0,1,0,18226,Average,0.676,1
45,Employed,79881.0,5385.0,10,3091,764.0,1,20539.0,3,0,8769,Average,0.257,0
48,Employed,19612.0,114.0,6,528,847.0,1,5977.0,0,0,5785,Good,0.305,0
35,Employed,73291.0,2707.0,10,2036,685.0,5,54369.0,2,0,23844,Excellent,0.742,0
24,Employed,40796.0,2317.0,1,1743,739.0,2,12898.0,1,0,15099,Good,0.316,0
49,Employed,49466.0,3134.0,8,1026,636.0,1,25371.0,2,1,20356,Poor,0.513,1
29,Employed,26327.0,100.0,13,1698,681.0,3,16020.0,2,0,4939,Poor,0.609,1
47,Unemployed,34431.0,2073.0,14,1676,667.0,1,7995.0,2,1,10537,Average,0.232,1
46,Employed,93569.0,2114.0,2,2749,740.0,1,44638.0,4,0,1000,Good,0.477,0
39,Employed,56003.0,3038.0,2,2750,770.0,4,20162.0,3,0,8572,Good,0.36,0
48,Employed,44559.0,5195.0,2,911,672.0,5,10488.0,3,0,22751,Excellent,0.235,0
37,Employed,51587.0,1496.0,1,1041,795.0,5,8927.0,1,0,29002,Good,0.173,0
63,Self-Employed,71981.0,1079.0,2,1675,795.0,2,34152.0,2,1,30935,Average,0.474,0
61,Unemployed,70078.0,3750.0,8,3477,744.0,2,17246.0,1,0,18661,Excellent,0.246,0
62,Employed,52777.0,2090.0,8,2014,641.0,0,8662.0,0,0,21433,Average,0.164,0
40,Unemployed,100330.0,150.0,13,3210,634.0,2,21125.0,1,0,27209,Good,0.211,0
65,Employed,93793.0,5654.0,6,4715,619.0,3,54217.0,4,0,22144,Good,0.578,1
60,Employed,69040.0,1425.0,15,2352,751.0,2,40162.0,0,1,12061,Good,0.582,0
59,Employed,56677.0,1597.0,15,1079,589.0,2,27065.0,0,0,14992,Good,0.478,1
43,Self-Employed,78954.0,4214.0,13,3468,731.0,0,24518.0,2,1,25931,Average,0.311,1
52,Employed,65378.0,1547.0,14,2812,599.0,1,55890.0,0,0,22647,Average,0.855,0
53,Employed,98571.0,7304.0,4,3741,742.0,2,3549.0,4,1,12543,Excellent,0.036,0
25,Self-Employed,90206.0,2779.0,10,698,681.0,1,22652.0,0,0,17232,Good,0.251,0
63,Employed,31415.0,2916.0,4,818,780.0,4,5797.0,1,0,2488,Good,0.185,0
54,Employed,30267.0,1818.0,8,633,766.0,0,4869.0,1,0,3502,Average,0.161,0
60,Self-Employed,37399.0,1578.0,8,843,788.0,5,160.0,2,0,5521,Average,0.004,0
31,Employed,94086.0,7295.0,12,2115,790.0,2,17945.0,3,0,34050,Average,0.191,0
23,Employed,23112.0,991.0,8,287,691.0,0,6044.0,4,1,7414,Good,0.262,0
53,Employed,68337.0,2679.0,10,3386,593.0,3,29022.0,1,0,26000,Excellent,0.425,1
31,Employed,67137.0,3409.0,4,3449,601.0,0,25797.0,1,1,24618,Good,0.384,0
36,Employed,104250.0,707.0,2,5108,523.0,5,57113.0,1,0,33844,Average,0.548,1
38,Employed,60735.0,4383.0,3,803,599.0,0,26909.0,2,0,26740,Average,0.443,1
50,Employed,26274.0,429.0,13,336,685.0,0,8670.0,0,0,6004,Average,0.33,0
30,Employed,32450.0,462.0,3,670,638.0,1,22643.0,0,1,9498,Good,0.698,1
38,Self-Employed,28710.0,171.0,15,1643,666.0,2,5419.0,4,0,8603,Poor,0.189,0
58,Unemployed,40914.0,299.0,6,1737,717.0,4,8341.0,0,0,7443,Average,0.204,0
39,Employed,49736.0,2374.0,1,977,657.0,1,8356.0,1,0,14117,Poor,0.168,0
56,Employed,28972.0,2114.0,1,426,596.0,3,14787.0,2,0,1000,Good,0.51,1
33,Unemployed,123495.0,4125.0,12,6508,676.0,3,67007.0,3,0,42802,Poor,0.543,0
23,Employed,26534.0,1239.0,3,716,613.0,1,12521.0,0,0,14631,Good,0.472,1
30,Employed,115318.0,6755.0,3,5138,660.0,0,29464.0,0,0,17610,Excellent,0.256,0
58,Unemployed,105549.0,3431.0,2,3316,781.0,1,44262.0,1,0,29013,Excellent,0.419,0
21,Self-Employed,90143.0,1810.0,4,3885,660.0,3,46375.0,1,0,34078,Good,0.514,0
47,Self-Employed,37553.0,1316.0,5,1707,813.0,0,29362.0,1,1,1702,Good,0.782,0
28,Self-Employed,66399.0,1733.0,11,1822,787.0,0,35439.0,0,0,2192,Excellent,0.534,0
62,Employed,27243.0,100.0,3,1831,637.0,1,4661.0,0,0,9478,Average,0.171,0
37,Employed,90770.0,5066.0,7,2616,597.0,3,5031.0,0,0,37916,Excellent,0.055,1
29,Self-Employed,52807.0,619.0,10,2697,676.0,3,14910.0,0,0,20252,Excellent,0.282,0
26,Employed,43913.0,4376.0,10,100,766.0,1,18334.0,0,0,2097,Average,0.418,0
63,Employed,28058.0,1683.0,5,274,643.0,1,4062.0,1,1,13728,Good,0.145,0
45,Self-Employed,15000.0,1760.0,4,1077,748.0,2,3369.0,0,1,1000,Good,0.225,0
59,Self-Employed,31067.0,1781.0,2,1318,771.0,1,11800.0,1,0,3373,Poor,0.38,0
48,Employed,101430.0,6297.0,9,1291,622.0,1,29445.0,3,0,27420,Poor,0.29,0
53,Self-Employed,44070.0,3146.0,3,2490,629.0,1,21507.0,0,1,13846,Good,0.488,1
57,Self-Employed,50109.0,100.0,9,1080,733.0,0,18250.0,1,0,7341,Good,0.364,0
29,Employed,78877.0,663.0,1,3156,691.0,2,32805.0,1,0,10081,Excellent,0.416,0
38,Employed,148480.0,7149.0,11,5275,629.0,1,94058.0,2,0,19922,Good,0.633,0
41,Employed,113987.0,3028.0,3,2915,654.0,0,60181.0,1,1,45240,Good,0.528,0
22,Employed,32219.0,1895.0,10,1963,675.0,2,14195.0,1,0,7257,Average,0.441,0
63,Employed,18895.0,100.0,15,1045,563.0,2,16158.0,1,0,4489,Good,0.855,1
58,Employed,200000.0,8726.0,15,10263,737.0,3,115472.0,2,0,60000,Excellent,0.577,0
60,Employed,191575.0,9699.0,12,7261,644.0,4,111345.0,2,0,12885,Average,0.581,1
56,Employed,61007.0,1429.0,11,1540,471.0,0,31225.0,1,0,9507,Excellent,0.512,1
63,Unemployed,27346.0,1521.0,4,134,678.0,1,10407.0,1,0,8246,Good,0.381,0
57,Employed,93420.0,4175.0,3,2073,624.0,3,25257.0,2,0,9030,Excellent,0.27,0
35,Self-Employed,51829.0,1246.0,6,747,807.0,2,28207.0,1,0,12597,Average,0.544,0
48,Self-Employed,51686.0,2588.0,7,2090,636.0,4,0.0,0,0,5508,Excellent,0.0,0
38,Employed,89953.0,2618.0,9,2624,598.0,3,47358.0,4,1,18821,Average,0.526,1
54,Unemployed,66105.0,224.0,9,2613,718.0,2,17231.0,0,0,31647,Excellent,0.261,0
42,Employed,28649.0,1986.0,7,1235,630.0,6,17540.0,1,1,11237,Good,0.612,1
31,Employed,46004.0,1511.0,13,1259,622.0,2,22673.0,2,0,22534,Excellent,0.493,1
33,Self-Employed,79120.0,1430.0,10,3072,718.0,3,26322.0,3,0,39130,Good,0.333,0
24,Employed,72819.0,1243.0,7,3645,602.0,1,48599.0,1,0,28905,Good,0.667,1
42,Self-Employed,63526.0,1879.0,15,1479,571.0,1,31493.0,1,0,25231,Average,0.496,0
27,Employed,91901.0,3531.0,10,3120,809.0,4,12955.0,0,0,43576,Average,0.141,0
63,Self-Employed,45078.0,2618.0,11,2324,723.0,1,6114.0,1,0,10702,Average,0.136,0
44,Employed,60679.0,760.0,3,954,660.0,2,45084.0,1,0,18230,Excellent,0.743,0
24,Employed,15000.0,100.0,8,494,680.0,1,7618.0,1,1,5380,Average,0.508,0
48,Employed,42950.0,1174.0,2,1644,718.0,2,11979.0,2,1,10091,Excellent,0.279,0
35,Employed,83720.0,6493.0,13,3903,753.0,5,29534.0,0,0,19635,Average,0.353,1
21,Self-Employed,44372.0,1547.0,15,2435,623.0,1,11191.0,3,0,15161,Average,0.252,0
23,Employed,42560.0,1371.0,11,2026,707.0,0,26330.0,2,0,4924,Excellent,0.619,0
34,Employed,31017.0,2264.0,4,1700,642.0,2,11849.0,0,0,12406,Excellent,0.382,0
58,Employed,95506.0,2911.0,3,2752,666.0,2,21743.0,2,1,12711,Excellent,0.228,0
21,Self-Employed,74365.0,3147.0,12,3259,692.0,1,6892.0,1,0,28253,Excellent,0.093,0
58,Employed,86601.0,3677.0,12,3977,679.0,6,48066.0,1,0,8969,Poor,0.555,0
58,Self-Employed,21283.0,100.0,9,134,735.0,3,17898.0,4,0,1309,Good,0.841,0
41,Self-Employed,50354.0,2614.0,6,1921,717.0,2,20264.0,1,0,20746,Excellent,0.402,0
49,Employed,47147.0,3977.0,14,2652,567.0,3,5402.0,2,0,9385,Good,0.115,0
25,Employed,47135.0,1759.0,7,2513,578.0,1,16889.0,1,0,19093,Excellent,0.358,1
30,Employed,39194.0,429.0,6,1422,652.0,2,15573.0,2,0,12524,Poor,0.397,1
48,Self-Employed,45467.0,2553.0,8,2723,817.0,4,4762.0,1,0,9311,Average,0.105,0
41,Employed,87763.0,2082.0,1,1514,616.0,2,57940.0,3,0,6853,Good,0.66,1
27,Employed,19207.0,885.0,13,1268,664.0,3,9728.0,3,0,1000,Excellent,0.506,0
23,Self-Employed,146181.0,3136.0,7,2747,640.0,0,106163.0,0,1,55357,Good,0.726,0
65,Employed,71769.0,3364.0,6,1636,638.0,2,19528.0,1,1,31208,Average,0.272,1
40,Employed,53734.0,3486.0,1,100,693.0,3,18740.0,1,0,1000,Poor,0.349,1
39,Employed,90567.0,3129.0,12,1789,785.0,1,51976.0,1,0,1937,Average,0.574,0
55,Employed,24750.0,2842.0,13,341,714.0,3,0.0,1,1,8273,Average,0.0,0
24,Self-Employed,38158.0,3873.0,1,1061,620.0,0,3482.0,2,1,1000,Good,0.091,1
25,Employed,51457.0,828.0,1,2502,850.0,2,16570.0,1,0,17490,Good,0.322,0
21,Employed,116558.0,6981.0,6,3185,686.0,2,82760.0,2,1,13196,Excellent,0.71,0
24,Self-Employed,53611.0,684.0,12,1730,637.0,3,26125.0,2,0,5586,Excellent,0.487,0
32,Employed,70447.0,918.0,3,4541,786.0,1,10777.0,0,0,23720,Average,0.153,0
47,Unemployed,39768.0,223.0,6,1316,645.0,2,3080.0,1,0,1000,Average,0.077,0
62,Unemployed,71887.0,2406.0,15,3330,805.0,2,46558.0,0,0,19595,Excellent,0.648,0
43,Employed,138354.0,2645.0,13,6838,615.0,2,86214.0,0,0,38911,Good,0.623,0
45,Employed,95095.0,4747.0,9,4414,787.0,0,45339.0,2,0,25948,Excellent,0.477,0
41,Self-Employed,52590.0,100.0,4,2241,695.0,0,6968.0,2,0,23914,Average,0.132,0
44,Employed,79747.0,4274.0,1,3540,777.0,0,27126.0,3,0,16411,Excellent,0.34,0
45,Employed,75563.0,1960.0,11,3025,823.0,4,32134.0,0,0,17994,Good,0.425,0
65,Self-Employed,72672.0,1071.0,2,3629,595.0,4,47912.0,0,0,30583,Average,0.659,1
52,Employed,101383.0,4249.0,5,5281,776.0,2,15641.0,0,0,9562,Good,0.154,0
52,Self-Employed,100967.0,6920.0,7,5673,574.0,4,38439.0,1,0,29135,Average,0.381,1
25,Employed,51285.0,1800.0,5,1862,601.0,2,9027.0,0,0,22021,Poor,0.176,1
56,Employed,78286.0,100.0,12,956,620.0,1,26669.0,2,0,18076,Average,0.341,1
62,Employed,44551.0,2891.0,15,2198,718.0,1,4936.0,2,0,13695,Good,0.111,0
62,Unemployed,33104.0,1894.0,6,1629,682.0,2,11404.0,2,0,14569,Good,0.344,0
59,Self-Employed,47423.0,1518.0,12,1604,667.0,1,6312.0,0,0,17610,Good,0.133,1
36,Self-Employed,52740.0,2657.0,1,671,691.0,1,16213.0,0,0,5082,Good,0.307,0
53,Employed,22053.0,100.0,5,1654,724.0,4,12186.0,1,1,14832,Excellent,0.553,0
41,Employed,88280.0,2744.0,6,3408,730.0,3,57598.0,1,0,21801,Excellent,0.652,0
29,Employed,15000.0,1403.0,1,308,762.0,2,1140.0,1,0,3034,Good,0.076,0
26,Employed,200000.0,9587.0,2,8861,817.0,2,18550.0,1,0,60000,Average,0.093,0
65,Employed,125633.0,7269.0,6,3605,678.0,3,9919.0,0,0,47562,Average,0.079,0
55,Employed,47645.0,2374.0,13,100,641.0,2,23620.0,1,0,1571,Average,0.496,1
59,Employed,55286.0,3540.0,7,1662,726.0,6,12005.0,0,0,21403,Excellent,0.217,0
42,Unemployed,64973.0,2804.0,2,3150,594.0,0,21838.0,1,0,13422,Good,0.336,1
61,Employed,39777.0,3471.0,1,1682,629.0,1,26294.0,2,0,7849,Good,0.661,1
25,Unemployed,61147.0,1421.0,6,3135,755.0,3,7519.0,2,0,23556,Excellent,0.123,0
62,Employed,50812.0,3375.0,15,961,671.0,2,29467.0,0,0,5212,Good,0.58,1
43,Employed,52221.0,223.0,11,676,589.0,4,0.0,1,0,12676,Good,0.0,0
37,Employed,60772.0,100.0,10,2379,568.0,3,11495.0,1,0,1000,Good,0.189,1
32,Employed,26706.0,2212.0,15,1716,684.0,1,11171.0,2,0,11274,Good,0.418,0
43,Employed,56210.0,1848.0,14,1226,766.0,2,28052.0,1,0,19675,Good,0.499,0
36,Employed,60173.0,1648.0,11,2020,765.0,4,20449.0,1,0,10449,Poor,0.34,0
23,Employed,59039.0,1643.0,5,2796,688.0,4,37123.0,1,0,6166,Good,0.629,0
50,Self-Employed,48844.0,,3,2163,831.0,1,16704.0,1,1,15705,Good,0.342,0
42,Self-Employed,102838.0,5246.0,11,5161,672.0,3,19858.0,2,0,30380,Good,0.193,0
29,Self-Employed,45278.0,774.0,14,1494,670.0,1,27356.0,7,0,7677,Good,0.604,1
49,Employed,62325.0,3427.0,9,3880,487.0,3,43791.0,1,0,9185,Good,0.703,1
57,Employed,112263.0,7065.0,1,2795,646.0,1,46516.0,0,0,21320,Excellent,0.414,0
43,Employed,52651.0,1048.0,15,1696,744.0,3,35480.0,0,0,24300,Poor,0.674,0
33,Employed,61886.0,2361.0,9,2439,797.0,2,7324.0,4,0,15862,Average,0.118,0
52,Employed,52160.0,2638.0,1,1193,618.0,4,9322.0,0,0,16806,Good,0.179,1
43,Employed,108623.0,1481.0,15,4759,715.0,2,27163.0,1,0,19265,Excellent,0.25,0
65,Employed,47731.0,1314.0,13,810,759.0,2,30512.0,2,0,9439,Excellent,0.639,0
37,Employed,111406.0,1535.0,7,6022,681.0,3,44671.0,1,0,24595,Good,0.401,0
60,Employed,51954.0,100.0,1,2498,509.0,3,0.0,0,0,15418,Average,0.0,1
41,Self-Employed,34282.0,1610.0,13,1776,699.0,2,4079.0,2,0,12887,Poor,0.119,0
22,Employed,79917.0,905.0,13,2478,737.0,2,0.0,1,0,10478,Average,0.0,0
57,Unemployed,46515.0,2084.0,6,2791,609.0,4,6968.0,2,1,13267,Good,0.15,1
26,Self-Employed,77371.0,1780.0,11,2040,661.0,1,26175.0,0,1,11431,Average,0.338,0
64,Employed,15000.0,1905.0,13,374,593.0,2,0.0,2,0,10669,Poor,0.0,1
38,Self-Employed,55158.0,2305.0,9,1651,487.0,2,1446.0,0,0,11618,Good,0.026,1
50,Self-Employed,42715.0,587.0,7,794,757.0,2,1408.0,1,0,14870,Good,0.033,0
42,Employed,30647.0,100.0,12,889,680.0,4,17264.0,1,0,11340,Good,0.563,0
53,Employed,40571.0,1083.0,11,432,800.0,2,17284.0,1,0,10548,Good,0.426,0
50,Unemployed,40117.0,1449.0,15,1203,744.0,1,18386.0,2,0,1000,Good,0.458,1
37,Employed,53567.0,1968.0,13,2110,653.0,0,38816.0,2,1,20267,Average,0.725,1
63,Unemployed,25927.0,2159.0,11,1708,674.0,2,10095.0,2,1,5852,Average,0.389,0
52,Employed,65450.0,5497.0,6,2508,722.0,3,3956.0,4,0,9874,Excellent,0.06,0
62,Employed,116600.0,4383.0,5,3122,753.0,1,76943.0,2,0,18145,Excellent,0.66,0
34,Employed,64190.0,908.0,13,495,704.0,2,13629.0,4,0,24941,Good,0.212,0
30,Employed,85822.0,3090.0,3,1985,763.0,3,26131.0,1,0,24904,Excellent,0.304,0
56,Self-Employed,100418.0,2470.0,11,1875,658.0,0,67837.0,1,0,39462,Excellent,0.676,0
54,Unemployed,108571.0,4363.0,2,3708,605.0,4,38342.0,1,0,16200,Excellent,0.353,1
29,Employed,153839.0,7290.0,2,8454,675.0,2,3698.0,0,0,29565,Good,0.024,0
62,Employed,41795.0,1791.0,9,592,695.0,0,29725.0,2,1,15807,Good,0.711,1
48,Self-Employed,37046.0,2603.0,13,1278,590.0,2,8531.0,1,0,10511,Good,0.23,0
31,Employed,84626.0,4689.0,3,100,580.0,2,37955.0,3,0,29187,Excellent,0.449,1
34,Employed,81197.0,4004.0,7,3442,714.0,1,14371.0,2,0,30900,Poor,0.177,0
59,Employed,84264.0,1768.0,14,3802,650.0,1,28758.0,2,0,22554,Poor,0.341,0
39,Self-Employed,155468.0,6397.0,14,7461,,2,74473.0,1,0,40095,Poor,0.479,0
35,Self-Employed,55345.0,,4,2688,653.0,2,22034.0,2,1,16105,Excellent,0.398,1
48,Employed,69527.0,3454.0,14,2885,794.0,2,36891.0,2,0,31651,Average,0.531,0
44,Employed,32076.0,100.0,7,837,775.0,2,17274.0,1,1,10246,Good,0.539,0
28,Unemployed,177996.0,10496.0,6,5818,587.0,1,21285.0,2,0,53989,Average,0.12,1
63,Employed,45706.0,3509.0,11,1981,640.0,2,28377.0,0,0,11140,Excellent,0.621,1
29,Employed,46424.0,4376.0,15,2246,744.0,4,9616.0,1,0,18138,Good,0.207,0
53,Employed,45450.0,100.0,10,1901,725.0,1,0.0,2,1,17784,Average,0.0,0
53,Self-Employed,38576.0,1074.0,15,778,677.0,5,27320.0,2,0,14235,Good,0.708,0
39,Employed,36824.0,100.0,15,487,595.0,3,18934.0,0,0,14423,Poor,0.514,0
23,Employed,41235.0,295.0,11,579,629.0,2,12110.0,3,1,1000,Good,0.294,0
30,Employed,25949.0,1967.0,14,1765,641.0,3,5456.0,1,0,5174,Good,0.21,0
60,Employed,35709.0,696.0,4,100,701.0,4,7939.0,1,1,11999,Good,0.222,0
62,Employed,160656.0,7741.0,3,7143,808.0,2,58819.0,5,0,14274,Excellent,0.366,0
21,Employed,82430.0,6167.0,11,4988,628.0,2,35981.0,1,0,39218,Good,0.437,1
49,Employed,91522.0,6102.0,4,2165,603.0,1,56589.0,2,0,27444,Good,0.618,0
54,Employed,105088.0,3351.0,2,4482,672.0,4,8316.0,1,0,2937,Excellent,0.079,0
33,Employed,150823.0,2629.0,11,5324,757.0,3,26319.0,2,1,32591,Good,0.175,0
21,Employed,20760.0,731.0,14,557,571.0,1,1821.0,1,0,7192,Good,0.088,0
54,Unemployed,27963.0,1773.0,2,574,789.0,3,5732.0,3,0,4904,Good,0.205,0
49,Self-Employed,35350.0,1089.0,4,550,667.0,1,33933.0,0,0,8911,Average,0.96,1
33,Employed,42478.0,2454.0,11,1968,625.0,3,31455.0,0,0,12403,Average,0.741,0
49,Self-Employed,46620.0,100.0,3,613,560.0,2,30388.0,2,0,4471,Average,0.652,0
59,Employed,43013.0,4163.0,5,1274,733.0,1,22827.0,2,0,4343,Good,0.531,0
44,Unemployed,62051.0,1068.0,1,1219,667.0,4,38907.0,4,0,6751,Excellent,0.627,0
46,Employed,56078.0,2944.0,7,2551,693.0,1,3979.0,3,1,27838,Good,0.071,0
37,Self-Employed,36958.0,2136.0,4,1380,612.0,1,4358.0,3,0,12700,Good,0.118,0
27,Employed,16623.0,111.0,6,803,656.0,1,0.0,1,1,7958,Average,0.0,0
33,Employed,31857.0,1615.0,2,1678,644.0,0,18522.0,1,1,17673,Good,0.581,1
25,Unemployed,40660.0,2608.0,4,1065,672.0,2,17665.0,1,1,24020,Poor,0.434,0
46,Employed,48011.0,1860.0,5,1354,630.0,1,15640.0,3,0,14837,Average,0.326,1
23,Employed,29548.0,1920.0,6,100,565.0,4,13483.0,0,1,9545,Good,0.456,1
27,Employed,41988.0,1407.0,12,2860,850.0,4,21783.0,4,0,17974,Poor,0.519,0
59,Self-Employed,29527.0,1007.0,1,1441,578.0,2,19171.0,0,0,17844,Average,0.649,1
21,Employed,51323.0,100.0,14,1762,694.0,2,18584.0,1,1,16936,Good,0.362,0
37,Employed,30482.0,1775.0,15,100,547.0,1,17556.0,2,0,11310,Excellent,0.576,1
63,Unemployed,34482.0,3969.0,4,1219,530.0,3,15401.0,0,0,14870,Poor,0.447,1
45,Employed,26777.0,100.0,2,1740,687.0,3,22835.0,2,0,8257,Excellent,0.853,0
23,Employed,50547.0,1543.0,14,715,693.0,3,26659.0,2,0,17791,Good,0.527,0
35,Unemployed,34151.0,895.0,10,2000,775.0,1,12107.0,1,0,4535,Excellent,0.355,0
49,Employed,90565.0,2177.0,1,3738,710.0,4,25973.0,0,1,37747,Excellent,0.287,0
63,Employed,68755.0,1582.0,13,3898,669.0,1,6637.0,2,0,15699,Poor,0.097,0
52,Employed,52927.0,5686.0,14,1417,609.0,8,42930.0,1,0,9107,Good,0.811,1
46,Self-Employed,35471.0,1004.0,15,1646,792.0,0,26859.0,1,0,4352,Excellent,0.757,0
36,Employed,67804.0,178.0,11,2952,750.0,2,23879.0,0,0,10293,Excellent,0.352,0
45,Unemployed,80416.0,6486.0,11,4384,587.0,2,13756.0,2,0,37071,Excellent,0.171,1
48,Self-Employed,59490.0,650.0,9,3029,683.0,3,25266.0,2,0,19183,Excellent,0.425,0
29,Employed,132870.0,6769.0,15,5852,691.0,3,53316.0,2,0,48670,Excellent,0.401,0
21,Self-Employed,70819.0,2190.0,1,2703,654.0,4,13790.0,0,0,23173,Excellent,0.195,0
49,Employed,90905.0,3677.0,2,1883,738.0,2,2077.0,1,0,46286,Excellent,0.023,0
42,Employed,59192.0,100.0,9,2997,742.0,5,35475.0,2,0,24766,Good,0.599,0
36,Self-Employed,79754.0,4600.0,8,3654,666.0,3,35421.0,0,1,19710,Poor,0.444,0
61,Unemployed,35485.0,3163.0,15,1584,659.0,1,25897.0,1,0,15909,Average,0.73,0
64,Employed,42743.0,1294.0,10,638,792.0,1,14110.0,2,0,2677,Good,0.33,0
61,Employed,66652.0,3498.0,12,1140,750.0,2,32333.0,3,1,25782,Poor,0.485,0
27,Employed,66386.0,3543.0,10,1460,685.0,1,37265.0,0,0,26726,Average,0.561,0
34,Employed,72713.0,1490.0,10,2666,558.0,0,22944.0,1,1,33093,Good,0.316,1
49,Employed,100741.0,881.0,4,2426,706.0,1,53259.0,0,0,31622,Average,0.529,0
39,Employed,25118.0,856.0,2,370,732.0,0,22426.0,1,0,5340,Good,0.893,1
39,Self-Employed,32181.0,1080.0,8,1721,473.0,4,16813.0,1,0,13812,Excellent,0.522,1
22,Employed,62402.0,905.0,3,1000,699.0,3,40002.0,2,0,15643,Good,0.641,0
61,Employed,36927.0,2312.0,10,838,649.0,1,23694.0,0,0,15402,Average,0.642,1
65,Self-Employed,200000.0,4620.0,1,8839,663.0,1,101722.0,1,0,60000,Poor,0.509,1
35,Self-Employed,73038.0,2617.0,2,2252,612.0,1,41036.0,1,0,35004,Excellent,0.562,1
23,Employed,52681.0,1530.0,4,1506,669.0,1,14654.0,1,0,3930,Good,0.278,0
31,Employed,41423.0,2379.0,1,2231,784.0,2,7096.0,1,0,17537,Average,0.171,0
50,Employed,42235.0,2920.0,6,1920,647.0,3,20112.0,0,0,8863,Good,0.476,0
60,Employed,55919.0,3450.0,4,2501,752.0,0,44885.0,0,0,22375,Good,0.803,0
38,Employed,58494.0,4532.0,12,1257,620.0,2,16394.0,2,0,6053,Excellent,0.28,0
22,Self-Employed,42783.0,1832.0,11,1616,737.0,4,20564.0,1,0,23020,Excellent,0.481,0
52,Employed,47328.0,3538.0,6,2749,680.0,1,16428.0,1,0,14309,Poor,0.347,0
28,Employed,115202.0,5747.0,5,2576,706.0,2,72219.0,1,1,10616,Excellent,0.627,0
42,Employed,117779.0,2166.0,11,6562,681.0,2,61578.0,2,0,46066,Average,0.523,0
26,Employed,,4061.0,15,3218,728.0,1,31116.0,2,0,7700,Excellent,0.493,0
32,Employed,26302.0,1397.0,4,568,487.0,0,10529.0,0,0,7651,Excellent,0.4,1
60,Unemployed,73959.0,2907.0,7,870,574.0,4,43638.0,0,0,23342,Average,0.59,1
56,Employed,129307.0,7935.0,12,1848,711.0,1,83866.0,0,1,22346,Good,0.649,0
35,Employed,116829.0,4061.0,7,1464,527.0,3,73913.0,3,0,9039,Poor,0.633,1
48,Employed,82374.0,4432.0,4,2253,640.0,1,7539.0,1,0,15640,Average,0.092,0
65,Unemployed,120261.0,5574.0,4,6455,676.0,1,20615.0,0,1,18411,Good,0.171,1
38,Employed,56639.0,1681.0,4,2206,618.0,4,45602.0,2,0,20098,Good,0.805,1
22,Employed,77695.0,3682.0,8,1391,628.0,3,59147.0,1,0,14775,Excellent,0.761,1
33,Self-Employed,37823.0,2381.0,11,1989,700.0,1,8690.0,1,0,16711,Average,0.23,0
65,Employed,64591.0,4754.0,5,882,756.0,0,9192.0,1,0,18708,Excellent,0.142,0
35,Employed,114271.0,3539.0,12,3798,608.0,5,25881.0,1,0,51335,Excellent,0.226,1
40,Employed,39771.0,2841.0,14,2110,637.0,4,9966.0,2,0,7073,Average,0.251,0
49,Employed,34245.0,1414.0,5,1845,625.0,5,24719.0,2,0,6783,Poor,0.722,1
62,Employed,58030.0,2260.0,9,2439,498.0,1,1544.0,2,0,5624,Good,0.027,1
49,Employed,48554.0,229.0,10,2232,691.0,2,9944.0,0,1,19051,Average,0.205,1
23,Employed,78599.0,2406.0,6,1919,750.0,2,49610.0,2,0,11616,Average,0.631,0
39,Employed,42864.0,731.0,4,737,756.0,4,5710.0,2,0,13737,Average,0.133,0
23,Employed,141525.0,5065.0,14,5149,615.0,2,81947.0,2,0,56275,Average,0.579,1
34,Employed,27059.0,100.0,15,868,586.0,4,10553.0,2,0,1000,Poor,0.39,1
60,Employed,109605.0,4902.0,7,3795,682.0,3,57150.0,1,0,17510,Excellent,0.521,0
24,Unemployed,36113.0,1265.0,8,190,742.0,1,7247.0,1,0,8681,Good,0.201,0
31,Employed,20482.0,1024.0,15,699,692.0,1,7093.0,0,0,4724,Average,0.346,1
51,Employed,62688.0,2313.0,7,3036,702.0,4,20776.0,0,1,17421,Excellent,0.331,0
63,Employed,47813.0,1881.0,6,592,766.0,3,28034.0,4,0,10228,Good,0.586,0
52,Employed,29876.0,1375.0,12,100,625.0,3,8705.0,1,0,15599,Good,0.291,0
47,Employed,21815.0,100.0,14,1776,664.0,1,0.0,1,0,1000,Excellent,0.0,0
50,Employed,54748.0,2638.0,12,2320,803.0,4,32892.0,0,0,1490,Average,0.601,0
63,Employed,94070.0,4148.0,14,1305,665.0,1,2578.0,0,0,1678,Excellent,0.027,0
22,Employed,75873.0,2208.0,15,2370,585.0,1,49038.0,2,0,11991,Excellent,0.646,0
29,Self-Employed,56742.0,966.0,2,2252,630.0,5,9744.0,2,0,12485,Average,0.172,0
48,Employed,71572.0,2184.0,5,2950,610.0,4,25419.0,0,0,23578,Average,0.355,0
51,Employed,54183.0,2208.0,6,1356,707.0,4,8189.0,1,0,20167,Average,0.151,0
54,Employed,25053.0,953.0,11,1142,613.0,3,10270.0,2,0,1576,Excellent,0.41,0
35,Employed,25175.0,100.0,12,805,700.0,2,18155.0,2,1,14516,Excellent,0.721,0
45,Employed,49185.0,3183.0,2,806,625.0,1,27554.0,1,0,9916,Good,0.56,0
56,Employed,50349.0,1456.0,9,2148,521.0,2,2241.0,1,0,19050,Excellent,0.045,1
28,Employed,87827.0,3377.0,10,1595,703.0,1,54192.0,3,1,27539,Good,0.617,1
29,Self-Employed,83417.0,2142.0,4,4224,691.0,2,42222.0,1,0,31543,Good,0.506,1
57,Self-Employed,76720.0,4077.0,15,574,719.0,2,46971.0,2,0,18383,Good,0.612,0
65,Employed,47143.0,3140.0,15,2163,630.0,0,17621.0,0,0,7225,Excellent,0.374,0
59,Employed,25738.0,935.0,5,1701,622.0,2,11106.0,1,0,2063,Excellent,0.432,0
52,Self-Employed,68991.0,2974.0,5,1790,710.0,4,6905.0,1,1,26580,Excellent,0.1,0
37,Employed,73419.0,1827.0,7,2572,794.0,0,49969.0,0,0,32864,Average,0.681,0
55,Employed,15000.0,860.0,9,386,681.0,0,1354.0,2,0,1000,Average,0.09,0
57,Employed,34759.0,100.0,12,1070,712.0,3,21845.0,1,1,18695,Average,0.628,0
39,Employed,37609.0,377.0,9,1388,656.0,4,4125.0,1,0,6311,Excellent,0.11,0
64,Employed,58699.0,1974.0,6,1161,564.0,3,28155.0,1,1,18366,Average,0.48,1
49,Employed,35357.0,839.0,9,1792,753.0,2,27112.0,0,0,15340,Good,0.767,0
27,Employed,53858.0,308.0,4,1740,748.0,3,10397.0,0,1,8542,Excellent,0.193,0
48,Employed,48986.0,2270.0,15,665,733.0,3,31072.0,3,0,15137,Good,0.634,1
29,Self-Employed,50390.0,1222.0,13,1083,666.0,2,24074.0,1,0,10207,Excellent,0.478,0
48,Employed,37089.0,2775.0,5,532,725.0,4,240.0,0,0,12648,Good,0.006,0
26,Employed,38702.0,2316.0,5,2986,747.0,0,4094.0,3,0,3718,Average,0.106,0
49,Employed,30362.0,1417.0,13,1027,802.0,3,21360.0,3,0,5800,Excellent,0.704,0
37,Self-Employed,67787.0,5532.0,5,1737,754.0,2,19944.0,1,0,3996,Good,0.294,0
36,Self-Employed,75297.0,2422.0,1,3708,685.0,4,25481.0,1,0,23798,Average,0.338,0
43,Employed,35999.0,1708.0,7,1073,582.0,1,17913.0,2,1,4837,Excellent,0.498,1
51,Employed,126936.0,4231.0,6,886,692.0,1,58835.0,1,1,20167,Average,0.464,0
23,Self-Employed,46261.0,3288.0,3,1905,699.0,3,36112.0,1,0,8310,Good,0.781,0
41,Employed,127604.0,6700.0,12,4211,733.0,3,23396.0,3,0,11428,Good,0.183,0
46,Employed,38635.0,100.0,8,2118,782.0,2,22979.0,2,0,12510,Excellent,0.595,0
56,Employed,18042.0,851.0,14,1417,673.0,2,8075.0,0,0,19751,Poor,0.448,0
62,Employed,68617.0,3174.0,6,1726,838.0,1,17785.0,2,0,37119,Good,0.259,0
57,Employed,63057.0,1844.0,11,2426,548.0,4,34321.0,1,0,29599,Good,0.544,1
42,Employed,56050.0,797.0,9,1824,711.0,2,3391.0,0,0,6515,Good,0.06,0
62,Employed,38633.0,1988.0,7,1910,620.0,2,4038.0,2,0,9789,Good,0.105,1
32,Unemployed,53964.0,3294.0,8,2404,537.0,3,38476.0,0,1,12240,Good,0.713,1
62,Self-Employed,41519.0,100.0,12,2141,665.0,2,10800.0,1,0,16901,Good,0.26,0
33,Unemployed,46574.0,100.0,9,1840,571.0,4,29818.0,0,1,9490,Excellent,0.64,1
31,Unemployed,87377.0,100.0,6,3915,668.0,7,62292.0,0,0,23077,Good,0.713,1
36,Employed,60865.0,3537.0,8,1841,683.0,3,20589.0,2,1,27875,Good,0.338,1
28,Employed,76923.0,3172.0,12,702,764.0,0,13747.0,0,0,9655,Excellent,0.179,0
60,Employed,48415.0,1745.0,14,2899,567.0,2,17990.0,2,0,18232,Average,0.372,1
60,Self-Employed,45569.0,4313.0,2,1501,748.0,1,6130.0,2,0,7147,Excellent,0.135,0
65,Employed,29163.0,556.0,1,100,687.0,3,13565.0,1,0,10533,Excellent,0.465,1
22,Unemployed,44872.0,3427.0,9,1327,757.0,2,25799.0,1,0,9979,Excellent,0.575,0
50,Employed,15000.0,100.0,10,195,648.0,1,13135.0,1,0,1000,Good,0.876,0
50,Self-Employed,39754.0,1591.0,6,1148,580.0,2,0.0,0,0,8264,Average,0.0,1
32,Employed,52578.0,2000.0,15,2189,589.0,4,37894.0,2,1,22367,Excellent,0.721,1
30,Employed,74990.0,2322.0,13,2056,583.0,5,3617.0,0,0,40393,Excellent,0.048,1
64,Self-Employed,47444.0,1057.0,10,2275,716.0,5,18950.0,1,1,22596,Good,0.399,1
31,Employed,66590.0,426.0,10,586,791.0,3,5559.0,1,0,15810,Average,0.083,0
35,Self-Employed,16584.0,577.0,3,667,638.0,3,4042.0,3,0,3396,Poor,0.244,0
36,Employed,53307.0,2641.0,3,1065,727.0,2,33489.0,6,0,3966,Good,0.628,0
37,Employed,21837.0,966.0,8,1424,566.0,5,10684.0,0,1,8795,Good,0.489,1
46,Employed,28297.0,1322.0,13,1790,694.0,2,14388.0,3,1,8409,Good,0.508,0
22,Employed,49620.0,4200.0,3,314,730.0,6,14835.0,1,0,5719,Good,0.299,0
32,Self-Employed,110972.0,7110.0,13,4247,571.0,3,7159.0,2,0,20928,Poor,0.065,1
46,Employed,67457.0,2389.0,14,3251,665.0,4,33122.0,2,0,15592,Average,0.491,0
43,Employed,55554.0,3278.0,10,1193,734.0,2,29204.0,0,0,9086,Good,0.526,0
38,Employed,54412.0,246.0,14,3155,460.0,3,10363.0,1,0,28903,Good,0.19,1
52,Employed,37145.0,1304.0,11,832,780.0,4,6332.0,2,0,2677,Poor,0.17,0
58,Employed,40778.0,791.0,6,1479,707.0,2,13287.0,2,0,2264,Good,0.326,0
23,Self-Employed,69574.0,5328.0,13,2072,734.0,1,27961.0,1,0,19956,Poor,0.402,0
58,Employed,25672.0,1520.0,6,867,649.0,0,5040.0,1,0,5542,Good,0.196,0
23,Employed,76212.0,2287.0,5,1408,551.0,3,42301.0,0,0,13124,Poor,0.555,1
50,Employed,44418.0,2851.0,7,1003,720.0,2,29602.0,3,0,3299,Average,0.666,1
21,Employed,86608.0,5904.0,11,4126,674.0,1,27191.0,0,0,33469,Excellent,0.314,0
50,Employed,93311.0,3484.0,4,4514,682.0,1,40440.0,1,1,31980,Good,0.433,0
65,Unemployed,21914.0,1639.0,11,1585,762.0,4,13263.0,0,0,5293,Poor,0.605,0
52,Self-Employed,,779.0,15,1504,737.0,2,19068.0,0,0,21140,Good,0.477,0
48,Employed,34357.0,711.0,15,1566,824.0,2,16938.0,2,0,10427,Good,0.493,0
41,Employed,20294.0,100.0,13,100,692.0,1,6541.0,1,0,12653,Excellent,0.322,0
33,Self-Employed,31169.0,3695.0,12,376,628.0,1,12782.0,3,0,13104,Good,0.41,1
47,Employed,200000.0,4677.0,11,9589,666.0,4,91451.0,1,0,46159,Good,0.457,0
56,Employed,76904.0,4016.0,10,4019,711.0,1,14520.0,0,0,16351,Average,0.189,0
27,Employed,157881.0,1510.0,6,1940,756.0,1,56399.0,2,0,35985,Excellent,0.357,0
42,Employed,86777.0,2988.0,1,2392,570.0,3,50175.0,2,0,40142,Average,0.578,1
30,Unemployed,36573.0,1858.0,3,1808,681.0,3,23362.0,1,0,1460,Good,0.639,0
59,Self-Employed,44583.0,2354.0,7,1842,801.0,5,32589.0,1,1,17410,Poor,0.731,0
35,Employed,76018.0,6002.0,15,1174,662.0,2,48324.0,1,0,17967,Good,0.636,0
35,Employed,69963.0,100.0,11,3564,750.0,2,5419.0,0,0,7598,Average,0.077,0
24,Self-Employed,40037.0,1869.0,9,490,717.0,2,12726.0,1,0,6849,Good,0.318,0
52,Self-Employed,23971.0,1052.0,12,100,752.0,0,3873.0,1,0,5658,Poor,0.162,0
43,Employed,200000.0,11923.0,1,7140,619.0,1,120000.0,4,0,13392,Excellent,0.6,0
26,Employed,50892.0,1847.0,15,2102,620.0,2,8045.0,2,0,14223,Poor,0.158,0
44,Employed,45979.0,2229.0,4,565,682.0,1,35493.0,2,0,11800,Average,0.772,0
40,Self-Employed,58537.0,3302.0,13,1349,565.0,1,33454.0,1,1,15714,Excellent,0.572,1
57,Self-Employed,48126.0,1848.0,7,1412,660.0,4,34317.0,1,0,12950,Average,0.713,0
40,Employed,58841.0,2701.0,15,1155,699.0,2,32345.0,1,0,22561,Good,0.55,0
32,Self-Employed,111626.0,6224.0,12,2472,814.0,3,48086.0,1,0,5541,Good,0.431,0
53,Employed,51359.0,3432.0,10,2622,710.0,3,27857.0,0,0,7471,Excellent,0.542,0
48,Employed,29016.0,486.0,9,668,727.0,0,12887.0,2,0,10708,Average,0.444,0
28,Employed,50321.0,1667.0,8,1989,767.0,1,12154.0,1,0,5685,Good,0.242,0
21,Employed,42602.0,681.0,2,1332,608.0,6,1610.0,0,0,1000,Average,0.038,1
57,Employed,120359.0,7189.0,2,3425,668.0,2,14626.0,0,0,36773,Good,0.122,0
42,Employed,104737.0,4071.0,9,1345,850.0,2,87012.0,1,0,39794,Poor,0.831,0
26,Employed,58351.0,6216.0,12,1273,674.0,1,11169.0,3,0,27803,Excellent,0.191,0
41,Employed,27222.0,100.0,2,1421,764.0,2,10663.0,1,0,7009,Good,0.392,0
52,Employed,28025.0,927.0,10,1155,752.0,2,9734.0,2,0,8645,Excellent,0.347,0
55,Employed,55459.0,5566.0,14,2963,569.0,5,36105.0,1,0,21730,Average,0.651,1
35,Employed,66176.0,4829.0,7,1696,703.0,3,30132.0,1,0,9558,Good,0.455,0
25,Employed,44759.0,3875.0,12,2476,691.0,0,13112.0,2,0,23281,Excellent,0.293,0
26,Employed,42235.0,1428.0,10,100,705.0,1,18365.0,1,0,1000,Good,0.435,0
45,Self-Employed,39698.0,2594.0,11,1924,623.0,2,24449.0,0,0,13364,Good,0.616,0
60,Self-Employed,54297.0,1824.0,9,1407,596.0,3,3391.0,2,1,9726,Average,0.062,1
49,Self-Employed,15000.0,100.0,8,100,644.0,2,4556.0,2,0,1000,Average,0.304,0
27,Employed,30012.0,2223.0,12,2088,673.0,1,11467.0,3,0,12995,Excellent,0.382,0
60,Employed,38957.0,398.0,11,765,769.0,1,4531.0,1,0,9969,Average,0.116,0
33,Self-Employed,,5630.0,15,2281,816.0,3,11172.0,2,0,2140,Poor,0.105,0
58,Employed,35154.0,509.0,11,2235,785.0,2,8669.0,1,0,16129,Average,0.247,0
38,Employed,60739.0,3159.0,14,1884,745.0,2,13318.0,0,0,11774,Average,0.219,0
22,Employed,62298.0,2415.0,12,1584,605.0,5,32007.0,2,1,17415,Poor,0.514,1
28,Self-Employed,112302.0,3204.0,5,3087,649.0,2,17607.0,0,0,14146,Average,0.157,0
31,Employed,110140.0,5504.0,2,6584,696.0,1,49025.0,0,0,35963,Good,0.445,0
53,Unemployed,53288.0,1940.0,6,375,633.0,0,29156.0,3,1,3552,Excellent,0.547,1
58,Self-Employed,42344.0,2700.0,7,1019,723.0,0,14942.0,1,0,13263,Good,0.353,0
47,Employed,38177.0,1745.0,10,868,734.0,1,7208.0,0,0,13450,Average,0.189,0
40,Self-Employed,48171.0,2266.0,15,1803,720.0,4,21699.0,2,0,24929,Good,0.45,0
32,Employed,43320.0,2014.0,13,1450,757.0,3,19279.0,1,0,5781,Average,0.445,0
63,Self-Employed,74577.0,4508.0,13,2287,612.0,3,37371.0,1,0,1000,Good,0.501,1
51,Employed,69304.0,2384.0,7,2079,750.0,3,39872.0,1,0,1000,Average,0.575,0
47,Self-Employed,76159.0,3926.0,5,1582,628.0,1,27781.0,2,0,28980,Good,0.365,0
52,Employed,109940.0,9421.0,10,5287,609.0,0,76660.0,1,0,14291,Excellent,0.697,1
30,Unemployed,153226.0,3631.0,14,7882,720.0,1,106101.0,1,0,23057,Good,0.692,0
23,Employed,58903.0,2024.0,15,2034,771.0,1,13058.0,2,0,5268,Excellent,0.222,0
65,Employed,100689.0,4386.0,9,5594,717.0,3,20675.0,0,0,35543,Excellent,0.205,0
47,Self-Employed,45328.0,3057.0,6,2607,682.0,3,25622.0,0,0,21506,Good,0.565,0
55,Self-Employed,105540.0,797.0,10,4216,703.0,3,27139.0,1,0,40162,Average,0.257,1
51,Employed,98609.0,7764.0,9,2538,690.0,3,68206.0,3,1,38470,Good,0.692,0
35,Employed,95771.0,2086.0,8,2794,596.0,1,40121.0,1,0,31216,Good,0.419,1
36,Employed,57921.0,3978.0,10,3128,587.0,3,4702.0,1,0,15399,Excellent,0.081,1
33,Unemployed,38082.0,817.0,9,1392,674.0,3,9136.0,3,0,6713,Good,0.24,1
55,Self-Employed,25542.0,1914.0,14,541,686.0,2,7247.0,0,1,7631,Good,0.284,0
31,Self-Employed,53802.0,1909.0,1,654,681.0,4,34698.0,1,0,9739,Excellent,0.645,1
41,Employed,127803.0,1936.0,11,6301,731.0,1,34722.0,0,0,44017,Average,0.272,0
31,Employed,46382.0,366.0,2,430,664.0,1,18009.0,0,0,3606,Good,0.388,0
50,Employed,84703.0,3554.0,8,4223,722.0,3,54233.0,0,0,14902,Good,0.64,0
55,Self-Employed,87488.0,2793.0,6,4746,669.0,1,5361.0,0,1,28799,Average,0.061,0
42,Employed,47054.0,130.0,1,1945,817.0,1,24376.0,0,0,21821,Average,0.518,0
58,Self-Employed,113446.0,3644.0,11,6387,686.0,4,58192.0,3,1,43707,Good,0.513,1
51,Employed,15000.0,685.0,10,100,850.0,1,13046.0,1,0,3348,Excellent,0.87,0
34,Employed,28073.0,149.0,1,702,706.0,0,,0,0,5135,Poor,0.242,1
44,Employed,33239.0,1561.0,11,712,664.0,2,8797.0,1,0,3231,Excellent,0.265,1
52,Employed,35040.0,100.0,13,1217,613.0,1,2373.0,4,1,3359,Excellent,0.068,1
56,Employed,66173.0,4257.0,1,1162,572.0,0,23518.0,2,0,4665,Good,0.355,1
52,Employed,64512.0,1380.0,3,3685,606.0,3,22016.0,0,0,2292,Good,0.341,0
35,Employed,68308.0,5151.0,9,3506,614.0,0,39890.0,0,0,5975,Good,0.584,1
63,Self-Employed,76339.0,3120.0,6,3211,710.0,3,39626.0,1,0,12753,Average,0.519,1
55,Employed,32615.0,823.0,2,1276,641.0,1,9623.0,1,0,3539,Average,0.295,1
23,Employed,28144.0,100.0,8,127,694.0,0,14428.0,0,0,12392,Excellent,0.513,0
36,Employed,68396.0,1040.0,11,2603,776.0,2,28899.0,2,0,26160,Poor,0.423,0
25,Employed,38889.0,2762.0,10,1809,673.0,1,17788.0,0,0,4598,Good,0.457,0
41,Self-Employed,23187.0,2849.0,3,812,836.0,3,12807.0,2,0,5334,Excellent,0.552,0
30,Employed,93838.0,7009.0,1,2638,592.0,3,13709.0,2,0,12634,Poor,0.146,1
39,Self-Employed,118468.0,137.0,15,2314,669.0,1,44071.0,0,1,55662,Good,0.372,1
45,Employed,129512.0,7593.0,10,5782,640.0,3,78132.0,1,0,19416,Good,0.603,1
24,Employed,60958.0,1972.0,6,2433,750.0,2,29855.0,1,0,24894,Average,0.49,0
49,Employed,77602.0,2463.0,15,4268,512.0,2,50535.0,1,0,6360,Good,0.651,1
39,Employed,116835.0,3246.0,4,2466,572.0,1,12901.0,0,0,50927,Good,0.11,0
63,Employed,38650.0,1416.0,6,1586,672.0,4,0.0,0,0,11440,Excellent,0.0,0
22,Self-Employed,101312.0,5234.0,15,3796,796.0,2,25833.0,1,0,17673,Average,0.255,0
30,Employed,63995.0,2469.0,12,3620,697.0,2,15358.0,3,0,17441,Average,0.24,0
63,Employed,90910.0,4404.0,8,4587,579.0,2,36585.0,3,0,9411,Excellent,0.402,1
45,Employed,60927.0,170.0,14,2334,590.0,4,26040.0,1,1,3608,Good,0.427,1
40,Employed,112199.0,8169.0,4,3606,805.0,3,56387.0,0,0,17978,Good,0.503,0
39,Employed,62195.0,2454.0,4,1224,633.0,2,7356.0,2,0,17084,Good,0.118,1
43,Employed,24316.0,1043.0,11,170,609.0,2,1416.0,1,0,1000,Good,0.058,0
44,Employed,122229.0,4594.0,6,4396,791.0,1,71178.0,0,0,27931,Excellent,0.582,0
31,Employed,32661.0,893.0,2,1606,756.0,4,11075.0,2,0,12550,Excellent,0.339,0
54,Employed,109565.0,6117.0,3,3001,776.0,4,82920.0,2,0,19594,Poor,0.757,0
48,Self-Employed,52337.0,2930.0,2,100,609.0,2,27258.0,2,0,2158,Good,0.521,1
25,Employed,105019.0,735.0,14,4181,566.0,0,74901.0,0,1,26920,Poor,0.713,1
25,Employed,102663.0,6116.0,12,5088,690.0,3,63882.0,0,0,5480,Good,0.622,0
41,Unemployed,69680.0,1330.0,13,2892,705.0,4,24454.0,1,0,19212,Average,0.351,0
32,Employed,72750.0,3415.0,9,1897,707.0,4,34634.0,0,0,28409,Good,0.476,0
24,Employed,,4308.0,4,418,791.0,1,20692.0,1,0,14136,Good,0.298,0
62,Employed,18169.0,1883.0,12,1044,550.0,2,9483.0,0,0,3799,Excellent,0.522,1
40,Employed,58699.0,2962.0,13,615,744.0,4,16194.0,0,0,18409,Good,0.276,0
58,Employed,29770.0,1451.0,3,571,598.0,7,7056.0,0,0,7025,Excellent,0.237,0
45,Unemployed,60430.0,1910.0,11,2936,744.0,1,10168.0,0,0,27668,Poor,0.168,0
34,Self-Employed,29333.0,594.0,2,882,644.0,1,518.0,1,0,1000,Good,0.018,0
31,Self-Employed,28663.0,1751.0,14,748,619.0,1,6817.0,1,0,7397,Good,0.238,1
52,Self-Employed,132960.0,7397.0,1,6428,634.0,4,90669.0,0,0,54023,Poor,0.682,0
31,Employed,99041.0,4234.0,2,1843,572.0,2,37153.0,1,0,39466,Good,0.375,1
38,Employed,54875.0,2105.0,4,2376,683.0,1,17962.0,0,0,1000,Good,0.327,0
47,Self-Employed,60883.0,1133.0,11,2127,622.0,3,23338.0,2,0,26839,Good,0.383,1
38,Unemployed,47989.0,378.0,12,1681,739.0,1,0.0,1,0,21728,Average,0.0,0
43,Employed,75246.0,3384.0,4,3696,728.0,0,46872.0,1,1,29402,Good,0.623,0
31,Unemployed,37921.0,577.0,7,100,807.0,2,10839.0,3,0,7153,Excellent,0.286,0
41,Employed,95001.0,2470.0,14,1715,707.0,1,33770.0,1,0,24741,Excellent,0.355,0
64,Employed,47853.0,1816.0,14,100,719.0,3,11552.0,2,0,13073,Average,0.241,0
25,Employed,43659.0,1341.0,3,2322,785.0,0,26337.0,1,0,12329,Average,0.603,0
43,Employed,55661.0,100.0,14,1202,633.0,3,990.0,1,0,20573,Average,0.018,0
61,Employed,39734.0,2755.0,7,2638,568.0,1,15337.0,4,0,14304,Excellent,0.386,0
45,Employed,65898.0,4400.0,12,1500,695.0,1,32934.0,1,0,25221,Good,0.5,0
61,Employed,40927.0,2953.0,4,1224,573.0,1,24126.0,0,0,1497,Average,0.589,1
30,Employed,71166.0,3686.0,9,2237,850.0,3,5134.0,3,0,18532,Average,0.072,0
42,Employed,107355.0,3745.0,15,2350,789.0,3,29280.0,1,0,23553,Good,0.273,0
39,Unemployed,37029.0,2388.0,7,2334,842.0,1,18505.0,2,0,16517,Good,0.5,0
21,Employed,51189.0,3070.0,2,686,685.0,1,13319.0,3,0,10339,Excellent,0.26,0
27,Employed,70885.0,4087.0,9,926,721.0,1,44232.0,1,0,25279,Excellent,0.624,0
24,Employed,43277.0,100.0,15,103,646.0,2,7423.0,1,0,4170,Excellent,0.172,0
21,Employed,71002.0,316.0,13,2774,746.0,1,17664.0,0,0,17762,Good,0.249,0
35,Self-Employed,74649.0,5158.0,9,2367,589.0,1,18612.0,3,0,14446,Good,0.249,1
60,Employed,99796.0,3784.0,2,3788,489.0,1,60945.0,1,0,32803,Average,0.611,1
32,Self-Employed,39411.0,3526.0,8,908,621.0,3,19043.0,0,0,12888,Good,0.483,0
42,Employed,32747.0,751.0,7,553,571.0,4,25808.0,2,0,1000,Excellent,0.788,1
42,Employed,46440.0,1370.0,1,1198,791.0,2,8877.0,2,0,8902,Poor,0.191,0
37,Employed,32300.0,363.0,13,1507,816.0,2,16511.0,3,1,6924,Good,0.511,0
49,Employed,75024.0,1217.0,15,3210,575.0,0,45502.0,1,1,12309,Excellent,0.606,1
34,Employed,29031.0,1594.0,15,100,777.0,5,8389.0,1,0,5025,Good,0.289,0
40,Employed,198441.0,7082.0,15,3830,751.0,3,120000.0,2,0,43705,Good,0.605,0
53,Employed,112179.0,6604.0,12,2108,562.0,0,72613.0,2,1,47522,Poor,0.647,0
63,Employed,55382.0,3364.0,12,1403,651.0,3,35159.0,0,0,18773,Excellent,0.635,0
35,Unemployed,88624.0,3876.0,15,3889,636.0,1,53809.0,2,0,22264,Good,0.607,0
32,Employed,22356.0,100.0,1,322,736.0,2,22117.0,0,0,3702,Good,0.989,1
60,Employed,200000.0,7487.0,8,3134,588.0,2,120000.0,5,0,60000,Poor,0.6,1
40,Employed,39754.0,702.0,13,1103,673.0,2,16207.0,0,0,7449,Excellent,0.408,0
50,Employed,51473.0,2901.0,10,1447,629.0,2,33844.0,3,0,7876,Good,0.658,1
58,Employed,19818.0,289.0,15,473,716.0,1,5223.0,1,0,5719,Poor,0.264,1
23,Self-Employed,71865.0,3164.0,5,2242,664.0,2,40102.0,2,0,16327,Average,0.558,0
48,Unemployed,29929.0,1391.0,9,1184,640.0,2,13511.0,0,0,5223,Excellent,0.451,1
46,Employed,58163.0,100.0,3,100,664.0,2,39234.0,2,0,16721,Poor,0.675,0
50,Employed,40771.0,1360.0,3,675,833.0,0,35539.0,1,1,22581,Good,0.872,0
33,Employed,30404.0,2508.0,14,647,649.0,2,7454.0,1,0,1000,Average,0.245,1
33,Employed,35337.0,1742.0,8,1382,602.0,3,20630.0,1,0,3579,Average,0.584,0
22,Employed,62272.0,2253.0,5,2429,724.0,4,1287.0,2,0,18141,Good,0.021,0
57,Employed,27181.0,338.0,1,1834,669.0,1,42.0,3,0,1307,Average,0.002,1
58,Employed,36433.0,568.0,13,1916,574.0,2,15906.0,2,0,13422,Average,0.437,0
22,Employed,79212.0,1926.0,9,1655,847.0,0,33089.0,1,0,7040,Average,0.418,0
56,Employed,200000.0,4798.0,2,3185,654.0,1,40445.0,1,0,24202,Good,0.202,0
46,Employed,71522.0,4054.0,15,4277,652.0,3,13345.0,0,0,1065,Good,0.187,1
31,Self-Employed,33210.0,1520.0,7,173,692.0,0,13738.0,1,0,8715,Good,0.414,0
28,Employed,44944.0,2315.0,11,1990,810.0,1,20938.0,0,1,6754,Excellent,0.466,0
64,Self-Employed,55964.0,913.0,8,1796,554.0,3,26189.0,2,0,14262,Good,0.468,1
60,Employed,45384.0,2329.0,4,1464,701.0,0,0.0,1,0,12421,Good,0.0,0
63,Self-Employed,90379.0,304.0,3,2057,837.0,0,45880.0,0,0,17213,Good,0.508,0
42,Employed,61988.0,1849.0,12,2975,690.0,0,16133.0,2,1,23984,Good,0.26,1
40,Employed,90618.0,6567.0,1,2463,587.0,2,47485.0,1,0,16121,Excellent,0.524,1
28,Self-Employed,46265.0,1583.0,12,1608,634.0,2,3808.0,1,1,9899,Good,0.082,0
49,Employed,114018.0,628.0,10,4870,696.0,3,80514.0,1,0,5736,Excellent,0.706,0
60,Unemployed,50188.0,1422.0,7,1975,780.0,3,0.0,2,0,6415,Excellent,0.0,0
46,Employed,32239.0,1103.0,7,100,655.0,1,19943.0,0,1,10296,Average,0.619,1
50,Employed,182155.0,11373.0,9,3650,742.0,1,74485.0,1,0,13971,Average,0.409,0
37,Employed,20158.0,100.0,11,1084,572.0,1,10197.0,2,0,1000,Good,0.506,0
40,Unemployed,36636.0,100.0,11,1436,572.0,2,3234.0,1,0,7439,Excellent,0.088,0
36,Employed,38957.0,1798.0,13,124,644.0,0,14310.0,2,0,5798,Good,0.367,1
63,Unemployed,200000.0,3814.0,6,10471,788.0,2,120000.0,0,0,60000,Good,0.6,0
27,Unemployed,,3352.0,4,8168,685.0,3,7412.0,1,0,19205,Poor,0.05,0
36,Employed,125085.0,4045.0,1,2813,702.0,3,70020.0,1,1,10720,Excellent,0.56,1
65,Self-Employed,45854.0,1146.0,6,2003,701.0,5,25684.0,1,0,8436,Excellent,0.56,1
47,Unemployed,200000.0,8286.0,12,4744,763.0,2,44436.0,2,0,57204,Average,0.222,0
43,Employed,67352.0,2307.0,2,2531,634.0,2,0.0,2,1,25331,Excellent,0.0,0
44,Employed,94144.0,5917.0,10,3387,732.0,5,54093.0,0,0,24416,Average,0.575,0
29,Employed,60713.0,2204.0,13,1922,618.0,1,11115.0,1,0,5929,Good,0.183,0
55,Employed,53524.0,2982.0,9,1325,829.0,3,12279.0,2,0,2967,Average,0.229,0
40,Employed,47888.0,970.0,7,1163,620.0,1,21177.0,0,0,16669,Average,0.442,0
57,Employed,49010.0,100.0,1,1664,614.0,1,14538.0,1,0,1000,Poor,0.297,0
62,Employed,76861.0,100.0,4,2646,721.0,1,25474.0,2,1,26878,Good,0.331,1
37,Employed,67309.0,1851.0,5,3417,686.0,2,5818.0,2,0,26131,Excellent,0.086,0
51,Employed,54056.0,100.0,14,1664,705.0,3,42778.0,1,0,20284,Excellent,0.791,0
28,Self-Employed,126163.0,10029.0,15,3405,697.0,1,50847.0,3,1,39883,Good,0.403,0
35,Self-Employed,15000.0,100.0,3,454,598.0,1,8791.0,1,0,5861,Average,0.586,1
51,Employed,72804.0,100.0,9,3262,801.0,3,19945.0,2,0,14821,Poor,0.274,0
50,Employed,81621.0,3241.0,9,2746,747.0,1,13913.0,2,0,9407,Excellent,0.17,0
40,Employed,103354.0,2365.0,9,2506,782.0,4,69043.0,1,0,42212,Good,0.668,0
59,Unemployed,53072.0,2322.0,13,1586,640.0,3,31354.0,1,1,15974,Good,0.591,1
32,Employed,61663.0,2433.0,14,2183,711.0,1,20497.0,1,0,19727,Good,0.332,0
37,Employed,94595.0,7027.0,15,1282,695.0,4,2651.0,1,1,15016,Good,0.028,0
62,Unemployed,124895.0,3367.0,2,4096,765.0,3,88878.0,0,1,5905,Average,0.712,0
50,Unemployed,46620.0,794.0,15,511,767.0,4,8669.0,1,0,9421,Excellent,0.186,0
49,Self-Employed,63699.0,1731.0,3,1954,694.0,4,34434.0,0,0,14467,Good,0.541,1
39,Self-Employed,138455.0,5026.0,15,6027,566.0,2,53546.0,3,0,51711,Good,0.387,1
31,Employed,17101.0,1556.0,10,1360,813.0,1,14153.0,1,1,2342,Excellent,0.828,0
54,Employed,37631.0,1190.0,15,100,722.0,0,3786.0,0,0,11757,Average,0.101,0
27,Employed,123167.0,8308.0,14,5936,634.0,3,94477.0,0,0,11926,Excellent,0.767,1
64,Employed,100306.0,5175.0,7,1724,710.0,4,55125.0,0,0,39657,Average,0.55,0
54,Self-Employed,73309.0,826.0,14,1647,567.0,1,47758.0,2,0,15961,Good,0.651,0
40,Employed,42974.0,3833.0,15,332,759.0,3,19878.0,1,0,9958,Good,0.463,0
58,Employed,33863.0,1770.0,6,2120,570.0,3,9905.0,2,0,2081,Good,0.293,1
44,Unemployed,39732.0,1989.0,8,1535,663.0,2,14752.0,2,0,5403,Poor,0.371,0
30,Employed,128861.0,8464.0,12,1730,698.0,1,57635.0,0,0,9828,Excellent,0.447,0
52,Unemployed,38927.0,2917.0,1,2076,758.0,0,23989.0,0,0,10142,Good,0.616,0
35,Unemployed,58155.0,2519.0,12,2458,688.0,0,16062.0,3,0,25225,Good,0.276,1
57,Employed,36335.0,100.0,8,1122,728.0,2,28781.0,0,0,16074,Average,0.792,0
40,Employed,87432.0,223.0,14,4005,678.0,5,6089.0,0,0,30907,Average,0.07,0
23,Employed,40896.0,680.0,12,2586,678.0,0,6434.0,1,0,10177,Excellent,0.157,0
57,Employed,52126.0,593.0,1,1237,686.0,2,32785.0,1,0,1000,Good,0.629,0
60,Employed,21790.0,1702.0,6,1742,666.0,2,13220.0,2,0,7421,Excellent,0.607,0
28,Employed,22646.0,4464.0,13,1567,554.0,2,1263.0,3,0,6591,Excellent,0.056,1
60,Unemployed,55233.0,2134.0,12,1602,622.0,5,30507.0,2,1,24791,Excellent,0.552,1
64,Employed,26536.0,2047.0,13,2070,698.0,2,8662.0,1,0,8903,Average,0.326,0
43,Self-Employed,175060.0,6988.0,8,6419,661.0,4,6832.0,1,1,60000,Excellent,0.039,0
60,Employed,17699.0,832.0,10,568,668.0,2,5743.0,1,0,2125,Good,0.324,1
31,Employed,35419.0,2299.0,7,965,656.0,1,9199.0,0,0,1000,Excellent,0.26,0
28,Unemployed,55508.0,3415.0,3,685,615.0,2,10796.0,0,1,7760,Average,0.194,0
49,Employed,44993.0,2913.0,7,1805,643.0,3,10598.0,2,0,5277,Excellent,0.236,1
50,Employed,29966.0,2180.0,3,1698,657.0,3,14020.0,0,0,11593,Good,0.468,0
30,Employed,32475.0,100.0,11,1006,680.0,1,3186.0,1,1,8264,Good,0.098,0
59,Self-Employed,31896.0,100.0,3,934,710.0,0,17839.0,1,0,1000,Good,0.559,0
48,Self-Employed,46976.0,2235.0,14,2356,666.0,2,12126.0,1,0,26260,Good,0.258,0
56,Employed,160918.0,9005.0,5,8557,603.0,1,38402.0,0,0,10685,Excellent,0.239,0
33,Employed,57409.0,834.0,2,2507,575.0,3,29871.0,0,0,17937,Good,0.52,1
52,Unemployed,105417.0,8811.0,13,4121,850.0,3,61478.0,0,0,35869,Good,0.583,0
56,Unemployed,72688.0,373.0,12,1788,595.0,2,42636.0,2,0,14889,Good,0.587,1
57,Employed,101490.0,4421.0,1,4117,641.0,2,20842.0,1,1,36124,Good,0.205,0
46,Self-Employed,15000.0,,14,1490,719.0,5,1450.0,1,0,2965,Good,0.097,0
42,Employed,46520.0,2349.0,4,924,707.0,3,33063.0,0,0,18051,Good,0.711,0
24,Employed,112872.0,2204.0,13,5492,719.0,1,34299.0,3,0,35159,Excellent,0.304,0
51,Employed,40160.0,1159.0,4,1208,647.0,1,1165.0,0,0,10780,Good,0.029,0
38,Employed,144994.0,8574.0,4,6061,698.0,1,67680.0,3,0,59584,Poor,0.467,1
58,Employed,,2317.0,12,2124,685.0,4,21142.0,1,0,49523,Poor,0.17,0
44,Employed,42492.0,2568.0,10,1102,657.0,1,25854.0,1,1,3383,Good,0.608,1
43,Employed,41704.0,1078.0,10,2128,698.0,5,22708.0,4,1,11043,Good,0.545,0
42,Self-Employed,31496.0,493.0,15,966,759.0,1,22109.0,1,0,7007,Excellent,0.702,0
22,Self-Employed,38902.0,2245.0,9,214,678.0,0,31131.0,1,1,11202,Good,0.8,1
51,Employed,27922.0,1411.0,3,707,679.0,1,13844.0,2,0,1000,Good,0.496,0
31,Unemployed,69629.0,1941.0,14,2582,760.0,0,43862.0,1,1,18285,Average,0.63,0
48,Employed,24693.0,1452.0,6,146,752.0,8,6305.0,1,0,12206,Average,0.255,1
52,Employed,76660.0,3503.0,13,3465,799.0,6,1327.0,0,0,14659,Excellent,0.017,0
25,Self-Employed,77694.0,4054.0,7,1819,548.0,1,62099.0,0,0,12162,Good,0.799,0
58,Employed,22058.0,863.0,7,100,748.0,1,11861.0,1,0,4648,Average,0.538,0
30,Employed,128990.0,5688.0,5,5020,725.0,4,88536.0,1,0,37233,Average,0.686,0
60,Employed,72953.0,3525.0,2,2213,614.0,1,40047.0,3,0,31031,Poor,0.549,1
44,Self-Employed,83069.0,2956.0,2,1296,699.0,2,30999.0,0,0,36742,Excellent,0.373,0
55,Employed,36237.0,697.0,9,1379,759.0,3,6025.0,2,0,6264,Good,0.166,0
64,Self-Employed,77451.0,6056.0,13,4306,618.0,1,12741.0,1,0,44416,Excellent,0.165,1
43,Employed,102192.0,4013.0,13,2622,,0,4586.0,1,1,17914,Good,0.045,0
37,Employed,52097.0,100.0,15,1185,745.0,0,10296.0,1,0,9242,Average,0.198,0
21,Self-Employed,165404.0,7607.0,1,6033,600.0,1,77011.0,0,0,23750,Excellent,0.466,0
51,Employed,56349.0,3360.0,14,1933,669.0,2,29444.0,3,1,6275,Good,0.523,0
51,Employed,103004.0,1560.0,1,3800,703.0,3,38144.0,2,0,37974,Poor,0.37,0
62,Employed,64618.0,2917.0,15,1529,620.0,3,24441.0,1,0,13734,Excellent,0.378,0
62,Self-Employed,75896.0,1853.0,8,2974,614.0,2,19477.0,4,0,9967,Excellent,0.257,0
54,Employed,21935.0,2344.0,7,217,670.0,0,8439.0,2,1,2604,Good,0.385,0
29,Employed,67452.0,4449.0,12,765,740.0,3,46553.0,3,0,6279,Average,0.69,0
42,Employed,36712.0,718.0,9,896,728.0,1,22227.0,1,0,2312,Average,0.605,0
33,Unemployed,34530.0,100.0,12,1387,615.0,2,1779.0,2,0,8710,Good,0.052,0
45,Employed,143537.0,3850.0,6,4367,729.0,2,64849.0,3,0,59617,Good,0.452,0
38,Employed,48899.0,1714.0,13,1678,617.0,0,30051.0,1,1,8763,Average,0.615,1
32,Employed,31675.0,2109.0,12,515,559.0,4,9247.0,3,0,9334,Good,0.292,1
60,Employed,45142.0,2303.0,3,1915,652.0,3,27347.0,1,0,15383,Average,0.606,0
37,Employed,26899.0,924.0,2,1002,764.0,4,10710.0,0,0,2085,Poor,0.398,0
35,Employed,121022.0,2028.0,15,4072,729.0,1,31820.0,1,0,15349,Average,0.263,0
62,Employed,37514.0,583.0,12,1116,680.0,5,14198.0,1,0,6422,Excellent,0.378,0
35,Self-Employed,73586.0,3983.0,7,2144,649.0,5,43567.0,2,0,12216,Good,0.592,0
35,Self-Employed,115954.0,9387.0,11,2348,651.0,4,48392.0,3,1,21133,Poor,0.417,0
59,Employed,41773.0,2551.0,1,1337,688.0,4,12833.0,1,0,15571,Poor,0.307,0
33,Self-Employed,73696.0,2247.0,8,2802,600.0,0,20282.0,2,1,29418,Good,0.275,1
37,Employed,31211.0,1405.0,15,824,654.0,0,14788.0,2,0,17176,Good,0.474,1
52,Self-Employed,200000.0,10268.0,8,5128,664.0,0,120000.0,1,0,11300,Excellent,0.6,0
29,Employed,92051.0,1843.0,9,3726,579.0,1,32433.0,1,0,10151,Poor,0.352,0
60,Employed,49472.0,4076.0,9,1115,617.0,2,7533.0,0,0,21518,Good,0.152,0
40,Unemployed,35955.0,462.0,9,100,711.0,4,11533.0,2,0,13833,Excellent,0.321,0
46,Self-Employed,51657.0,2064.0,7,2322,681.0,2,24562.0,1,0,3573,Average,0.475,0
47,Employed,45620.0,3921.0,3,976,657.0,4,18857.0,0,0,15656,Average,0.413,0
41,Employed,161008.0,6254.0,15,5008,612.0,2,56699.0,1,0,60000,Good,0.352,0
38,Employed,28030.0,2281.0,10,1330,798.0,2,20617.0,1,0,6538,Excellent,0.736,0
33,Employed,59233.0,3963.0,6,1537,617.0,1,44265.0,2,0,8778,Average,0.747,1
36,Employed,54448.0,4307.0,6,480,699.0,2,7050.0,0,0,12743,Excellent,0.129,0
29,Employed,51561.0,1959.0,12,2417,643.0,1,31822.0,0,0,16713,Average,0.617,1
32,Self-Employed,51811.0,4324.0,2,2473,683.0,1,40363.0,1,0,17128,Good,0.779,0
64,Employed,51599.0,100.0,4,351,714.0,2,17131.0,1,0,10874,Excellent,0.332,0
58,Employed,88901.0,2068.0,2,1020,577.0,3,15448.0,1,0,7983,Average,0.174,1
39,Employed,76882.0,5366.0,3,1919,680.0,1,48044.0,0,0,24169,Good,0.625,0
27,Employed,69251.0,2566.0,7,2701,769.0,2,41539.0,2,1,12378,Average,0.6,0
55,Employed,15000.0,2248.0,8,1047,812.0,4,1439.0,3,0,1000,Average,0.096,0
38,Employed,64859.0,2635.0,11,3959,670.0,4,20227.0,1,0,21082,Average,0.312,1
36,Self-Employed,22126.0,1507.0,1,740,683.0,2,15323.0,0,0,7054,Average,0.693,1
59,Self-Employed,78477.0,4252.0,8,1913,846.0,1,14710.0,2,0,2544,Good,0.187,0
24,Employed,123755.0,9108.0,13,4926,765.0,1,71554.0,1,0,35852,Average,0.578,0
45,Employed,33046.0,1510.0,11,2305,634.0,2,23732.0,1,0,18591,Average,0.718,1
52,Employed,47625.0,2862.0,8,2949,634.0,5,29093.0,0,0,17453,Poor,0.611,0
60,Self-Employed,39555.0,2808.0,7,1040,752.0,4,20347.0,2,0,19055,Good,0.514,0
33,Self-Employed,108508.0,2762.0,7,1155,604.0,3,60648.0,2,1,9751,Average,0.559,0
65,Employed,57951.0,1510.0,3,1733,762.0,2,27223.0,0,0,12776,Good,0.47,0
37,Employed,142297.0,4666.0,9,1748,705.0,2,28354.0,0,0,29349,Good,0.199,0
57,Self-Employed,69055.0,2388.0,13,3112,719.0,6,44233.0,1,0,9390,Excellent,0.641,1
26,Employed,62846.0,1182.0,11,3198,661.0,3,23963.0,0,0,24861,Average,0.381,0
